Rubi Lascado	1063202121	normal	Rubi
Rubi com Falhas	4118043226	magic	Rubi
Rubi	1036942682	magic	Rubi
Rubi Perfeito	1298431322	rare	Rubi
Rubi Quadrado	1029995866	rare	Rubi
Rubi Quadrado Perfeito	1305214089	rare	Rubi
Rubi Estrela	1305214090	legendary	Rubi
Rubi Estrela Perfeito	1305214091	legendary	Rubi
Rubi Estrela Radiante	1305214092	legendary	Rubi
Rubi Imperial	1305214093	legendary	Rubi
Rubi Imperial Perfeito	1305214094	legendary	Rubi
Rubi Real	1305214095	legendary	Rubi
Rubi Real Perfeito	1305214096	legendary	Rubi
Rubi Marquise	1305214097	ancient	Rubi
Rubi Imperial Impecável	1305214098	ancient	Rubi
Rubi Real Impecável	1305214099	primal	Rubi
Esmeralda Lascada	1063202122	normal	Esmeralda
Esmeralda com Falhas	4118043227	magic	Esmeralda
Esmeralda	1036942683	magic	Esmeralda
Esmeralda Perfeita	1298431323	rare	Esmeralda
Esmeralda Quadrada	1029995867	rare	Esmeralda
Esmeralda Quadrada Perfeita	1305214101	rare	Esmeralda
Esmeralda Estrela	1305214102	legendary	Esmeralda
Esmeralda Estrela Perfeita	1305214103	legendary	Esmeralda
Esmeralda Estrela Radiante	1305214104	legendary	Esmeralda
Esmeralda Imperial	1305214105	legendary	Esmeralda
Esmeralda Imperial Perfeita	1305214106	legendary	Esmeralda
Esmeralda Real	1305214107	legendary	Esmeralda
Esmeralda Real Perfeita	1305214108	legendary	Esmeralda
Esmeralda Marquise	1305214109	ancient	Esmeralda
Esmeralda Imperial Impecável	1305214110	ancient	Esmeralda
Esmeralda Real Impecável	1305214111	primal	Esmeralda
Topázio Lascado	1063202123	normal	Topázio
Topázio com Falhas	4118043228	magic	Topázio
Topázio	1036942684	magic	Topázio
Topázio Perfeito	1298431324	rare	Topázio
Topázio Quadrado	1029995868	rare	Topázio
Topázio Quadrado Perfeito	1305214113	rare	Topázio
Topázio Estrela	1305214114	legendary	Topázio
Topázio Estrela Perfeito	1305214115	legendary	Topázio
Topázio Estrela Radiante	1305214116	legendary	Topázio
Topázio Imperial	1305214117	legendary	Topázio
Topázio Imperial Perfeito	1305214118	legendary	Topázio
Topázio Real	1305214119	legendary	Topázio
Topázio Real Perfeito	1305214120	legendary	Topázio
Topázio Marquise	1305214121	ancient	Topázio
Topázio Imperial Impecável	1305214122	ancient	Topázio
Topázio Real Impecável	1305214123	primal	Topázio
Ametista Lascada	1063202124	normal	Ametista
Ametista com Falhas	4118043229	magic	Ametista
Ametista	1036942685	magic	Ametista
Ametista Perfeita	1298431325	rare	Ametista
Ametista Quadrada	1029995869	rare	Ametista
Ametista Quadrada Perfeita	1305214125	rare	Ametista
Ametista Estrela	1305214126	legendary	Ametista
Ametista Estrela Perfeita	1305214127	legendary	Ametista
Ametista Estrela Radiante	1305214128	legendary	Ametista
Ametista Imperial	1305214129	legendary	Ametista
Ametista Imperial Perfeita	1305214130	legendary	Ametista
Ametista Real	1305214131	legendary	Ametista
Ametista Real Perfeita	1305214132	legendary	Ametista
Ametista Marquise	1305214133	ancient	Ametista
Ametista Imperial Impecável	1305214134	ancient	Ametista
Ametista Real Impecável	1305214135	primal	Ametista
Diamante Lascado	1063202125	normal	Diamante
Diamante com Falhas	4118043230	magic	Diamante
Diamante	1036942686	magic	Diamante
Diamante Perfeito	1298431326	rare	Diamante
Diamante Quadrado	1029995870	rare	Diamante
Diamante Quadrado Perfeito	1305214137	rare	Diamante
Diamante Estrela	1305214138	legendary	Diamante
Diamante Estrela Perfeito	1305214139	legendary	Diamante
Diamante Estrela Radiante	1305214140	legendary	Diamante
Diamante Imperial	1305214141	legendary	Diamante
Diamante Imperial Perfeito	1305214142	legendary	Diamante
Diamante Real	1305214143	legendary	Diamante
Diamante Real Perfeito	1305214144	legendary	Diamante
Diamante Marquise	1305214145	ancient	Diamante
Diamante Imperial Impecável	1305214146	ancient	Diamante
Diamante Real Impecável	1305214147	primal	Diamante
Poção de Saúde	2620477281	normal	Poção
Poção Maior	1443380439	magic	Poção
AllStats 1 (of Mastery)	4256531385	normal	Afixo
AllStats 1 Legendary	4240805524	normal	Afixo
AllStats 10 (of Perfection)	3026582281	normal	Afixo
AllStats 10 Legendary	2494523876	normal	Afixo
AllStats 11 (of Perfection)	3026582282	normal	Afixo
AllStats 11 Legendary	437002021	normal	Afixo
AllStats 12 (of Perfection)	3026582283	normal	Afixo
AllStats 12 Legendary	2674447462	normal	Afixo
AllStats 13 (of Perfection)	3026582284	normal	Afixo
AllStats 13 Legendary	616925607	normal	Afixo
AllStats 14 (of Perfection)	3026582285	normal	Afixo
AllStats 14 Legendary	2854371048	normal	Afixo
AllStats 15 (of Perfection)	3026582286	normal	Afixo
AllStats 15 Legendary	796849193	normal	Afixo
AllStats 16 (of Perfection)	3026582287	normal	Afixo
AllStats 16 Legendary	3034294634	normal	Afixo
AllStats 17 (of Perfection)	3026582288	normal	Afixo
AllStats 17 Legendary	976772779	normal	Afixo
AllStats 18 (of Perfection)	3026582289	normal	Afixo
AllStats 19 (of Perfection)	3026582290	normal	Afixo
AllStats 2 (of Mastery)	4256531386	normal	Afixo
AllStats 2 Legendary	2183283669	normal	Afixo
AllStats 20 (of Perfection)	3026582314	normal	Afixo
AllStats 3 (of Mastery)	4256531387	normal	Afixo
AllStats 3 Legendary	125761814	normal	Afixo
AllStats 4 (of Excellence)	4256531388	normal	Afixo
AllStats 4 Legendary	2363207255	normal	Afixo
AllStats 5 (of Excellence)	4256531389	normal	Afixo
AllStats 5 Legendary	305685400	normal	Afixo
AllStats 6 (of Dominance)	4256531390	normal	Afixo
AllStats 6 Legendary	2543130841	normal	Afixo
AllStats 7 (of Dominance)	4256531391	normal	Afixo
AllStats 7 Legendary	485608986	normal	Afixo
AllStats 8 (of Perfection)	4256531392	normal	Afixo
AllStats 8 Legendary	2723054427	normal	Afixo
AllStats 9 (of Perfection)	4256531393	normal	Afixo
AllStats 9 Legendary	665532572	normal	Afixo
AllStats1H 1 Legendary	2628414669	normal	Afixo
AllStats1H 11 Legendary	3062678654	normal	Afixo
AllStats1H 12 Legendary	1005156799	normal	Afixo
AllStats1H 13 Legendary	3242602240	normal	Afixo
AllStats1H 14 Legendary	1185080385	normal	Afixo
AllStats1H 15 Legendary	3422525826	normal	Afixo
AllStats1H 16 Legendary	1365003971	normal	Afixo
AllStats1H 17 Legendary	3602449412	normal	Afixo
AllStats1H 2 Legendary	570892814	normal	Afixo
AllStats1H 3 Legendary	2808338255	normal	Afixo
AllStats1H 4 Legendary	750816400	normal	Afixo
AllStats1H 5 Legendary	2988261841	normal	Afixo
AllStats1H 6 Legendary	930739986	normal	Afixo
AllStats1H 7 Legendary	3168185427	normal	Afixo
AllStats1H 8 Legendary	1110663572	normal	Afixo
AllStats1H 9 Legendary	3348109013	normal	Afixo
AllStats2H 1 Legendary	3622479470	normal	Afixo
AllStats2H 10 Legendary	3564600574	normal	Afixo
AllStats2H 11 Legendary	1507078719	normal	Afixo
AllStats2H 12 Legendary	3744524160	normal	Afixo
AllStats2H 13 Legendary	1687002305	normal	Afixo
AllStats2H 14 Legendary	3924447746	normal	Afixo
AllStats2H 15 Legendary	1866925891	normal	Afixo
AllStats2H 16 Legendary	4104371332	normal	Afixo
AllStats2H 2 Legendary	1564957615	normal	Afixo
AllStats2H 3 Legendary	3802403056	normal	Afixo
AllStats2H 4 Legendary	1744881201	normal	Afixo
AllStats2H 6 Legendary	1924804787	normal	Afixo
AllStats2H 7 Legendary	4162250228	normal	Afixo
AllStats2H 8 Legendary	2104728373	normal	Afixo
AllStats2H 9 Legendary	47206518	normal	Afixo
ArcaneDamage 1 (of Starlight)	774275455	normal	Afixo
ArcaneDamage 1 Fast	169538445	normal	Afixo
ArcaneDamage 1 Two-Handed	3449943274	normal	Afixo
ArcaneDamage 10 (of the Void)	4076253583	normal	Afixo
ArcaneDamage 10 Fast	1843113373	normal	Afixo
ArcaneDamage 10 Two-Handed	2703883002	normal	Afixo
ArcaneDamage 11 (of the Void)	4076253584	normal	Afixo
ArcaneDamage 11 Fast	1882248766	normal	Afixo
ArcaneDamage 11_104 (of the Void)	189392996	normal	Afixo
ArcaneDamage 12_104 (of the Void)	190578917	normal	Afixo
ArcaneDamage 13_104 (of the Void)	191764838	normal	Afixo
ArcaneDamage 14_104 (from Beyond)	192950759	normal	Afixo
ArcaneDamage 18 (from Beyond)	4076253591	normal	Afixo
ArcaneDamage 2 (of Starlight)	774275456	normal	Afixo
ArcaneDamage 2 Fast	208673838	normal	Afixo
ArcaneDamage 2 Two-Handed	4271198795	normal	Afixo
ArcaneDamage 3 (of Starlight)	774275457	normal	Afixo
ArcaneDamage 3 Fast	247809231	normal	Afixo
ArcaneDamage 3 Two-Handed	797487020	normal	Afixo
ArcaneDamage 4 (of Starlight)	774275458	normal	Afixo
ArcaneDamage 4 Fast	286944624	normal	Afixo
ArcaneDamage 4 Two-Handed	1618742541	normal	Afixo
ArcaneDamage 5 (of Starlight)	774275459	normal	Afixo
ArcaneDamage 5 Fast	326080017	normal	Afixo
ArcaneDamage 5 Two-Handed	2439998062	normal	Afixo
ArcaneDamage 6 (of Infinity)	774275460	normal	Afixo
ArcaneDamage 6 Fast	365215410	normal	Afixo
ArcaneDamage 6 Two-Handed	3261253583	normal	Afixo
ArcaneDamage 7 (of Infinity)	774275461	normal	Afixo
ArcaneDamage 7 Fast	404350803	normal	Afixo
ArcaneDamage 7 Two-Handed	4082509104	normal	Afixo
ArcaneDamage 8 (of Infinity)	774275462	normal	Afixo
ArcaneDamage 8 Fast	443486196	normal	Afixo
ArcaneDamage 8 Two-Handed	608797329	normal	Afixo
ArcaneDamage 9 (of Infinity)	774275463	normal	Afixo
ArcaneDamage 9 Fast	482621589	normal	Afixo
ArcaneDamage 9 Two-Handed	1430052850	normal	Afixo
ArcanePowerOnCrit 1 (Foreboding)*	2881593655	normal	Afixo
ArcanePowerOnCrit 10 (Abominable)	603310151	normal	Afixo
ArcanePowerOnCrit 2 (Foreboding)	2881593656	normal	Afixo
ArcanePowerOnCrit 3 (Foreboding)	2881593657	normal	Afixo
ArcanePowerOnCrit 4 (Ominous)	2881593658	normal	Afixo
ArcanePowerOnCrit 5 (Ominous)	2881593659	normal	Afixo
ArcanePowerOnCrit 8 (Terrifying)	2881593662	normal	Afixo
ArcanePowerOnCrit 9 (Terrifying)	2881593663	normal	Afixo
ArcanePowerOnCrit_Jewel	2697151228	normal	Afixo
ArcaneResist 0.1 Legendary	2445912942	normal	Afixo
ArcaneResist 0.2 Legendary	388391087	normal	Afixo
ArcaneResist 0.3 Legendary	2625836528	normal	Afixo
ArcaneResist I (Warding)	1414255917	normal	Afixo
ArcaneResist II (Warding)	3720772406	normal	Afixo
ArcaneResist III (Warding)	2526405215	normal	Afixo
ArcaneResist IV (Warding)	3720772419	normal	Afixo
ArcaneResist V (Beguiling)	1414255930	normal	Afixo
ArcaneResist VI (Beguiling)	3720772835	normal	Afixo
ArcaneResist VII (Beguiling)	2526419372	normal	Afixo
ArcaneResist VIII (Beguiling)	1767460757	normal	Afixo
ArcaneResist X (Nullifying)	1414255932	normal	Afixo
ArcaneResist XI (Nullifying)	3720772901	normal	Afixo
ArcaneResist XII (Eclipsing)	2526421550	normal	Afixo
ArcaneResist XIII (Eclipsing)	1767532631	normal	Afixo
ArcaneResist_Jewel	647833018	normal	Afixo
BarbSkill Cleave I (Unrelenting)	767926319	normal	Afixo
BindOnEquip (Tradable)	3676384990	normal	Afixo
Bleed 12 (Exsanguinating)	3739550559	normal	Afixo
Bleed 16 (Exsanguinating)	3739550563	normal	Afixo
Bleed 3 Secondary	732977719	normal	Afixo
Bleed 4 (Bloody)	764072336	normal	Afixo
Bleed 5 (Wounding)	764072337	normal	Afixo
Bleed 6 Secondary	3150346746	normal	Afixo
BleedPercent 12 Secondary	3468687192	normal	Afixo
BleedPercent 14 (Exsanguinating)	2996855154	normal	Afixo
BleedPercent 15 (Exsanguinating)	2996855155	normal	Afixo
BleedPercent 16 (Exsanguinating)*	2996855156	normal	Afixo
BleedPercent 4 Secondary	220582057	normal	Afixo
Block 1 (of the Tortoise)	775867292	normal	Afixo
Block 1 Secondary	920258692	normal	Afixo
Block 12 (of Invulnerability)	4128784206	normal	Afixo
Block 13 (of Invulnerability)	4128784207	normal	Afixo
Block 2 (of the Tortoise)	775867293	normal	Afixo
Block 2 Secondary	3157704133	normal	Afixo
Block 3 (of Deflection)	775867294	normal	Afixo
Block 3 Secondary	1100182278	normal	Afixo
Block 4 Secondary	3337627719	normal	Afixo
Block_Jewel	417929185	normal	Afixo
Cast 1 (of the Oracle)	2652771676	normal	Afixo
Cast 10 (of Prophecy)	1642119436	normal	Afixo
Cast 2 (of the Oracle)	2652771677	normal	Afixo
Cast 3 (of the Oracle)	2652771678	normal	Afixo
Cast 4 (of Brilliance)	2652771679	normal	Afixo
Cast 5 (of Brilliance)	2652771680	normal	Afixo
Cast 6 (of Brilliance)	2652771681	normal	Afixo
Cast 7 (of Moonlight)	2652771682	normal	Afixo
Cast 8 (of Moonlight)	2652771683	normal	Afixo
Cast 9 (of Moonlight)	2652771684	normal	Afixo
CCReduction 0.2 Legendary	2700619646	normal	Afixo
CCReduction 0.3 Legendary	643097791	normal	Afixo
CCReduction 10 (of Impunity)	3408944628	normal	Afixo
CCReduction 9 (Undaunted)	1274656076	normal	Afixo
CCReduction_Jewel	131110281	normal	Afixo
Charged Bolt Cast I (of Charged Bolt Cast (example))	3299556627	normal	Afixo
ColdDamage 1 (of Winter)	2181211991	normal	Afixo
ColdDamage 1 Fast	1848672357	normal	Afixo
ColdDamage 1 Two-Handed	4191404994	normal	Afixo
ColdDamage 10 (of Frost)	3260519015	normal	Afixo
ColdDamage 10 Fast	1419957621	normal	Afixo
ColdDamage 10 Two-Handed	1402315986	normal	Afixo
ColdDamage 11 (of Frost)	3260519016	normal	Afixo
ColdDamage 11 Fast	1459093014	normal	Afixo
ColdDamage 11_104 (of Frost)	1868526908	normal	Afixo
ColdDamage 12_104 (of Frost)	1869712829	normal	Afixo
ColdDamage 13_104 (of Frost)	1870898750	normal	Afixo
ColdDamage 14_104 (of the Avalanche)	1872084671	normal	Afixo
ColdDamage 18 (of the Avalanche)	3260519023	normal	Afixo
ColdDamage 2 (of Winter)	2181211992	normal	Afixo
ColdDamage 2 Fast	1887807750	normal	Afixo
ColdDamage 2 Two-Handed	717693219	normal	Afixo
ColdDamage 3 (of Winter)	2181211993	normal	Afixo
ColdDamage 3 Fast	1926943143	normal	Afixo
ColdDamage 3 Two-Handed	1538948740	normal	Afixo
ColdDamage 4 (of Winter)	2181211994	normal	Afixo
ColdDamage 4 Fast	1966078536	normal	Afixo
ColdDamage 4 Two-Handed	2360204261	normal	Afixo
ColdDamage 5 (of Winter)	2181211995	normal	Afixo
ColdDamage 5 Fast	2005213929	normal	Afixo
ColdDamage 5 Two-Handed	3181459782	normal	Afixo
ColdDamage 6 (of Shivers)	2181211996	normal	Afixo
ColdDamage 6 Fast	2044349322	normal	Afixo
ColdDamage 6 Two-Handed	4002715303	normal	Afixo
ColdDamage 7 (of Shivers)	2181211997	normal	Afixo
ColdDamage 7 Fast	2083484715	normal	Afixo
ColdDamage 7 Two-Handed	529003528	normal	Afixo
ColdDamage 8 (of Shivers)	2181211998	normal	Afixo
ColdDamage 8 Fast	2122620108	normal	Afixo
ColdDamage 8 Two-Handed	1350259049	normal	Afixo
ColdDamage 9 (of Shivers)	2181211999	normal	Afixo
ColdDamage 9 Fast	2161755501	normal	Afixo
ColdDamage 9 Two-Handed	2171514570	normal	Afixo
ColdResist 0.1 Legendary	2931899462	normal	Afixo
ColdResist 0.2 Legendary	874377607	normal	Afixo
ColdResist 0.3 Legendary	3111823048	normal	Afixo
ColdResist I (Nomadic)	3093389829	normal	Afixo
ColdResist II (Nomadic)	3297616654	normal	Afixo
ColdResist III (Nomadic)	1447167287	normal	Afixo
ColdResist IV (Nomadic)	3297616667	normal	Afixo
ColdResist V (Sheltering)	3093389842	normal	Afixo
ColdResist VI (Sheltering)	3297617083	normal	Afixo
ColdResist VII (Sheltering)	1447181444	normal	Afixo
ColdResist VIII (Sheltering)	512347501	normal	Afixo
ColdResist X (Thawing)	3093389844	normal	Afixo
ColdResist XI (Thawing)	3297617149	normal	Afixo
ColdResist XII (Hearthfire)	1447183622	normal	Afixo
ColdResist XIII (Hearthfire)	512419375	normal	Afixo
ColdResist_Jewel	2178768530	normal	Afixo
CriticalChance 0.1 Legendary	3915942007	normal	Afixo
CriticalChance 0.1 Secondary Legendary	3598767967	normal	Afixo
CriticalChance I (Iron)	2792103094	normal	Afixo
CriticalChance I Secondary	1812660766	normal	Afixo
CriticalChance II (Iron)	1945088991	normal	Afixo
CriticalChance II Secondary	1141923975	normal	Afixo
CriticalChance III (Iron)	4058394664	normal	Afixo
CriticalChance VII Secondary	613746589	normal	Afixo
CriticalChance XI (Flaying)	1945089486	normal	Afixo
CriticalChance XII (Flaying)	4058410999	normal	Afixo
CriticalChance XIII (Flaying)	783576896	normal	Afixo
CriticalChance_Jewel	2537032131	normal	Afixo
CriticalDamage 0.1 Legendary	393033977	normal	Afixo
CriticalDamage 0.1 Secondary Legendary	3476394593	normal	Afixo
CriticalDamage 0.2 Legendary	2630479418	normal	Afixo
CriticalDamage 0.3 Legendary	572957563	normal	Afixo
CriticalDamage 0.3 Secondary Legendary	1901037411	normal	Afixo
CriticalDamage I Secondary	2160437792	normal	Afixo
CriticalDamage II Secondary	4028631241	normal	Afixo
CriticalDamage VII (Deadly)	3007458679	normal	Afixo
CriticalDamage VII Secondary	1385805855	normal	Afixo
CriticalDamage VIII Secondary	4235581096	normal	Afixo
CriticalDamage XI (Merciless)	1913242512	normal	Afixo
CriticalDamage XII (Merciless)	3007460857	normal	Afixo
CriticalDamage XIII (Merciless)	461960578	normal	Afixo
CriticalDamage XIV (Merciless)*	3007460870	normal	Afixo
Damage 0.1 Legendary	3345249097	normal	Afixo
Damage 0.2 Legendary	1287727242	normal	Afixo
Damage 0.3 Legendary	3525172683	normal	Afixo
Damage I (Ferocious)	2064366728	normal	Afixo
Damage II (Ferocious)	3699592689	normal	Afixo
Damage III (Ferocious)	1827474554	normal	Afixo
Damage IV (Savage)	3699592702	normal	Afixo
Damage IX (Malevolent)	3699592704	normal	Afixo
Damage VII (Grim)	1827488711	normal	Afixo
Damage VIII (Grim)	177585424	normal	Afixo
Damage XI (Baleful)	3699593184	normal	Afixo
DamageBonusArcane 1 (Stellar)	691416705	normal	Afixo
DamageBonusCold 1 (Snowy)	79615961	normal	Afixo
DamageBonusFire 1 (Fiery)	190123325	normal	Afixo
DamageBonusHoly 1 (Righteous)	275315795	normal	Afixo
DamageBonusLightning 1 (Arcing)	91845947	normal	Afixo
DamageBonusPhysical 1 (Weighted)	2866094676	normal	Afixo
DamageBonusPoison 1 (Septic)	694702319	normal	Afixo
DamageReductionArcane 0.1 Legendary	307800576	normal	Afixo
DamageReductionArcane 1 (Violet)	275966087	normal	Afixo
DamageReductionArcane 10 (Quartz)	516946327	normal	Afixo
DamageReductionArcane 11 (Opalite)	516946328	normal	Afixo
DamageReductionArcane 12 (Tanzanite)	516946329	normal	Afixo
DamageReductionArcane 13 (Tanzanite)	516946330	normal	Afixo
DamageReductionArcane 14 (Tanzanite)	516946331	normal	Afixo
DamageReductionArcane 15 (Tanzanite)	516946332	normal	Afixo
DamageReductionArcane 16 (Tanzanite)	516946333	normal	Afixo
DamageReductionArcane 2 (Violet)	275966088	normal	Afixo
DamageReductionCold 0.1 Legendary	2475531736	normal	Afixo
DamageReductionCold 1 (Azure)	3680065631	normal	Afixo
DamageReductionCold 10 (Lapis)	1183081583	normal	Afixo
DamageReductionCold 11 (Cobalt)	1183081584	normal	Afixo
DamageReductionCold 12 (Sapphire)	1183081585	normal	Afixo
DamageReductionCold 13 (Sapphire)	1183081586	normal	Afixo
DamageReductionCold 14 (Sapphire)	1183081587	normal	Afixo
DamageReductionCold 15 (Sapphire)	1183081588	normal	Afixo
DamageReductionCold 16 (Sapphire)	1183081589	normal	Afixo
DamageReductionCold 2 (Azure)	3680065632	normal	Afixo
DamageReductionFire 0.1 Legendary	3644524860	normal	Afixo
DamageReductionFire 1 (Crimson)	3790572995	normal	Afixo
DamageReductionFire 10 (Russet)	534857299	normal	Afixo
DamageReductionFire 11 (Garnet)	534857300	normal	Afixo
DamageReductionFire 12 (Ruby)	534857301	normal	Afixo
DamageReductionFire 13 (Ruby)	534857302	normal	Afixo
DamageReductionFire 14 (Ruby)	534857303	normal	Afixo
DamageReductionFire 15 (Ruby)	534857304	normal	Afixo
DamageReductionFire 16 (Ruby)	534857305	normal	Afixo
DamageReductionFire 2 (Crimson)	3790572996	normal	Afixo
DamageReductionHoly 0.1 Legendary	2664974674	normal	Afixo
DamageReductionHoly 1	3875765465	normal	Afixo
DamageReductionHoly 2	3875765466	normal	Afixo
DamageReductionLightning 0.1 Legendary	1457799674	normal	Afixo
DamageReductionLightning 1 (Citrine)	3644275073	normal	Afixo
DamageReductionLightning 14 (Amber)	1993173	normal	Afixo
DamageReductionLightning 15 (Amber)	1993174	normal	Afixo
DamageReductionLightning 16 (Amber)	1993175	normal	Afixo
DamageReductionLightning 2 (Citrine)	3644275074	normal	Afixo
DamageReductionPoison 0.1 Legendary	2812535150	normal	Afixo
DamageReductionPoison 1 (Beryl)	279251701	normal	Afixo
DamageReductionPoison 10 (Viridian)	625371589	normal	Afixo
DamageReductionPoison 11 (Jade)	625371590	normal	Afixo
DamageReductionPoison 12 (Emerald)	625371591	normal	Afixo
DamageReductionPoison 13 (Emerald)	625371592	normal	Afixo
DamageReductionPoison 14 (Emerald)	625371593	normal	Afixo
DamageReductionPoison 15 (Emerald)	625371594	normal	Afixo
DamageReductionPoison 16 (Emerald)	625371595	normal	Afixo
DamageReductionPoison 2 (Beryl)	279251702	normal	Afixo
DamageVsElite 0.1 Legendary	3530850949	normal	Afixo
DamageVsElite 0.1 Secondary Legendary	2640263917	normal	Afixo
DamageVsElite 1 (Piercing)	3668840844	normal	Afixo
DamageVsElite 1 Secondary (Piercing)	2110618228	normal	Afixo
DamageVsElite 10 (Harrowing)	812663612	normal	Afixo
DamageVsElite 10 Secondary (Harrowing)	3699214372	normal	Afixo
DamageVsElite 11 (Harrowing)	812663613	normal	Afixo
DamageVsElite 11 Secondary (Harrowing)	1641692517	normal	Afixo
DamageVsElite 12 (King Slaying)	812663614	normal	Afixo
DamageVsElite 12 Secondary (King Slaying)	3879137958	normal	Afixo
DamageVsElite 2 Secondary (Piercing)	53096373	normal	Afixo
DamageVsElite 3 Secondary (Piercing)	2290541814	normal	Afixo
DamageVsElite 4 Secondary (Executing)	233019959	normal	Afixo
DamageVsElite 6 Secondary (Penetrating)	412943545	normal	Afixo
DamageVsElite 7 Secondary (Penetrating)	2650388986	normal	Afixo
DamageVsElite 8 (Penetrating)	3668840851	normal	Afixo
DamageVsElite 8 Secondary (Penetrating)	592867131	normal	Afixo
DamageVsElite 9 (Harrowing)	3668840852	normal	Afixo
DamageVsElite 9 Secondary (Harrowing)	2830312572	normal	Afixo
DamageVsMonsterTypeBeast 10 (of the Hunter)	2255362018	normal	Afixo
DamageVsMonsterTypeBeast 11 (of the Hunter)	2255362019	normal	Afixo
DamageVsMonsterTypeBeast 12 (of the Hunter)	2255362020	normal	Afixo
DamageVsMonsterTypeBeast 13 (of the Hunter)	2255362021	normal	Afixo
DamageVsMonsterTypeBeast 14 (of the Hunter)	2255362022	normal	Afixo
DamageVsMonsterTypeBeast 15 (of the Hunter)	2255362023	normal	Afixo
DamageVsMonsterTypeBeast 16 (of the Hunter)	2255362024	normal	Afixo
DamageVsMonsterTypeBeast 7 (of the Hunter)	4233161080	normal	Afixo
DamageVsMonsterTypeBeast 8 (of the Hunter)	4233161081	normal	Afixo
DamageVsMonsterTypeBeast 9 (of the Hunter)	4233161082	normal	Afixo
DamageVsMonsterTypeDemon 10 (of Demon Slaying)	2057567462	normal	Afixo
DamageVsMonsterTypeDemon 11 (of Demon Slaying)	2057567463	normal	Afixo
DamageVsMonsterTypeDemon 12 (of Demon Slaying)	2057567464	normal	Afixo
DamageVsMonsterTypeDemon 13 (of Demon Slaying)	2057567465	normal	Afixo
DamageVsMonsterTypeDemon 14 (of Demon Slaying)	2057567466	normal	Afixo
DamageVsMonsterTypeDemon 15 (of Demon Slaying)	2057567467	normal	Afixo
DamageVsMonsterTypeDemon 16 (of Demon Slaying)	2057567468	normal	Afixo
DamageVsMonsterTypeDemon 7 (of Demon Slaying)	2535210492	normal	Afixo
DamageVsMonsterTypeDemon 8 (of Demon Slaying)	2535210493	normal	Afixo
DamageVsMonsterTypeDemon 9 (of Demon Slaying)*	2535210494	normal	Afixo
DamageVsMonsterTypeHuman 10 (of Mortality)	4199662956	normal	Afixo
DamageVsMonsterTypeHuman 11 (of Mortality)	4199662957	normal	Afixo
DamageVsMonsterTypeHuman 12 (of Mortality)	4199662958	normal	Afixo
DamageVsMonsterTypeHuman 13 (of Mortality)	4199662959	normal	Afixo
DamageVsMonsterTypeHuman 14 (of Mortality)	4199662960	normal	Afixo
DamageVsMonsterTypeHuman 15 (of Mortality)	4199662961	normal	Afixo
DamageVsMonsterTypeHuman 16 (of Mortality)	4199662962	normal	Afixo
DamageVsMonsterTypeHuman 7 (of Mortality)	4031778242	normal	Afixo
DamageVsMonsterTypeHuman 8 (of Mortality)	4031778243	normal	Afixo
DamageVsMonsterTypeHuman 9 (of Mortality)	4031778244	normal	Afixo
DamageVsMonsterTypeUndead 10 (of Purification)	215064772	normal	Afixo
DamageVsMonsterTypeUndead 11 (of Purification)	215064773	normal	Afixo
DamageVsMonsterTypeUndead 12 (of Purification)	215064774	normal	Afixo
DamageVsMonsterTypeUndead 13 (of Purification)	215064775	normal	Afixo
DamageVsMonsterTypeUndead 14 (of Purification)	215064776	normal	Afixo
DamageVsMonsterTypeUndead 15 (of Purification)	215064777	normal	Afixo
DamageVsMonsterTypeUndead 16 (of Purification)	215064778	normal	Afixo
DamageVsMonsterTypeUndead 7 (of Purification)	3390430746	normal	Afixo
DamageVsMonsterTypeUndead 8 (of Purification)	3390430747	normal	Afixo
DamageVsMonsterTypeUndead 9 (of Purification)	3390430748	normal	Afixo
DamReductionVsElite 0.1 Legendary	1045457189	normal	Afixo
DamReductionVsElite 1 (Resolute)	3120760876	normal	Afixo
DamReductionVsElite 10 (Impervious)	4200861148	normal	Afixo
DamReductionVsElite 11 (Impervious)	4200861149	normal	Afixo
DamReductionVsElite 12 (Mythical)	4200861150	normal	Afixo
DamReductionVsElite 13 (Mythical)	4200861151	normal	Afixo
DamReductionVsElite 14 (Mythical)	4200861152	normal	Afixo
DamReductionVsElite 15 (Mythical)	4200861153	normal	Afixo
DamReductionVsElite 16 (Mythical)	4200861154	normal	Afixo
DamReductionVsElite 8 (Impervious)	3120760883	normal	Afixo
DamReductionVsElite 9 (Impervious)	3120760884	normal	Afixo
Defense I (Intercepting)	2089750435	normal	Afixo
Defense II (Intercepting)	242287724	normal	Afixo
Defense III (Vigilant)	3700527701	normal	Afixo
Defense IV (Vigilant)	242287737	normal	Afixo
Defense IX (Bastion)	242287739	normal	Afixo
Defense V (Sentinel)	2089750448	normal	Afixo
Defense VI (Sentinel)	242288153	normal	Afixo
Defense VII (Bastion)	3700541858	normal	Afixo
Defense VIII (Bastion)	1858797131	normal	Afixo
Defense X (Bastion)	2089750450	normal	Afixo
Defense XI (Bastion)	242288219	normal	Afixo
Defense XII (Bastion)	3700544036	normal	Afixo
DefenseMelee 0.1 Legendary	4266934060	normal	Afixo
DefenseMelee 1 (of the Gladiator)	1297374131	normal	Afixo
DefenseMelee 10 (of the Commander)	4158640707	normal	Afixo
DefenseMelee 11 (of the Commander)	4158640708	normal	Afixo
DefenseMelee 12 (of the Dreadnought)	4158640709	normal	Afixo
DefenseMelee 13 (of the Dreadnought)	4158640710	normal	Afixo
DefenseMelee 14 (of the Dreadnought)	4158640711	normal	Afixo
DefenseMelee 15 (of the Dreadnought)	4158640712	normal	Afixo
DefenseMelee 16 (of the Dreadnought)	4158640713	normal	Afixo
DefenseMelee 9 (of the Commander)	1297374139	normal	Afixo
DefenseMissile 0.1 Legendary	623481562	normal	Afixo
DefenseMissile 1 (Deflecting)	3772004961	normal	Afixo
DefenseMissile 10 (Elusive)	4217079473	normal	Afixo
DefenseMissile 11 (Elusive)	4217079474	normal	Afixo
DefenseMissile 12 (Deviant)	4217079475	normal	Afixo
DefenseMissile 13 (Deviant)	4217079476	normal	Afixo
DefenseMissile 14 (Deviant)	4217079477	normal	Afixo
DefenseMissile 15 (Deviant)	4217079478	normal	Afixo
DefenseMissile 16 (Deviant)	4217079479	normal	Afixo
DefenseMissile 2 (Deflecting)	3772004962	normal	Afixo
DefenseMissile 9 (Elusive)	3772004969	normal	Afixo
Dex 1 (of the Hawk)	81719378	normal	Afixo
Dex 1 Secondary	2933917882	normal	Afixo
Dex 1 Two-Handed	3960445405	normal	Afixo
Dex 10 (of Cruelty)	2696739522	normal	Afixo
Dex 10 Secondary	803331882	normal	Afixo
Dex 10 Two-Handed	2370584141	normal	Afixo
Dex 11 (of Cruelty)	2696739523	normal	Afixo
Dex 11 Secondary	3040777323	normal	Afixo
Dex 11 Two-Handed	3191839662	normal	Afixo
Dex 12 (of Pain)	2696739524	normal	Afixo
Dex 12 Secondary	983255468	normal	Afixo
Dex 12 Two-Handed	4013095183	normal	Afixo
Dex 13 (of Pain)	2696739525	normal	Afixo
Dex 13 Secondary	3220700909	normal	Afixo
Dex 13 Two-Handed	539383408	normal	Afixo
Dex 14 (of Pain)	2696739526	normal	Afixo
Dex 14 Secondary	1163179054	normal	Afixo
Dex 14 Two-Handed	1360638929	normal	Afixo
Dex 14_Archon	1970425024	normal	Afixo
Dex 15 (of Pain)	2696739527	normal	Afixo
Dex 15 Secondary	3400624495	normal	Afixo
Dex 15 Two-Handed	2181894450	normal	Afixo
Dex 16 (of Pain)	2696739528	normal	Afixo
Dex 16 Secondary	1343102640	normal	Afixo
Dex 16 Two-Handed	3003149971	normal	Afixo
Dex 19 (of Torment)	2696739531	normal	Afixo
Dex 2 (of the Hawk)	81719379	normal	Afixo
Dex 2 Secondary	876396027	normal	Afixo
Dex 2 Two-Handed	486733630	normal	Afixo
Dex 20 (of Torment)*	2696739555	normal	Afixo
Dex 3 (of the Hawk)	81719380	normal	Afixo
Dex 3 Secondary	3113841468	normal	Afixo
Dex 3 Two-Handed	1307989151	normal	Afixo
Dex 4 (of the Hawk)	81719381	normal	Afixo
Dex 4 Secondary	1056319613	normal	Afixo
Dex 4 Two-Handed	2129244672	normal	Afixo
Dex 5 (of the Hawk)	81719382	normal	Afixo
Dex 5 Secondary	3293765054	normal	Afixo
Dex 5 Two-Handed	2950500193	normal	Afixo
Dex 6 (of the Hawk)	81719383	normal	Afixo
Dex 6 Secondary	1236243199	normal	Afixo
Dex 6 Two-Handed	3771755714	normal	Afixo
Dex 7 (of Cruelty)	81719384	normal	Afixo
Dex 7 Secondary	3473688640	normal	Afixo
Dex 7 Two-Handed	298043939	normal	Afixo
Dex 8 (of Cruelty)	81719385	normal	Afixo
Dex 8 Secondary	1416166785	normal	Afixo
Dex 8 Two-Handed	1119299460	normal	Afixo
Dex 9 (of Cruelty)	81719386	normal	Afixo
Dex 9 Secondary	3653612226	normal	Afixo
Dex 9 Two-Handed	1940554981	normal	Afixo
Dex_Jewel	3621300119	normal	Afixo
DexInt 0.1 Legendary	1127484214	normal	Afixo
DexInt 0.1 Secondary Legendary	3192001758	normal	Afixo
DexInt 0.1 Two-Handed Legendary	3387502305	normal	Afixo
DexInt I (TRUE)	3375515893	normal	Afixo
DexInt I Secondary	4282960157	normal	Afixo
DexInt I Two-Handed	1234200224	normal	Afixo
DexInt II (TRUE)	4017842174	normal	Afixo
DexInt II Secondary	1057425254	normal	Afixo
DexInt II Two-Handed	2165730825	normal	Afixo
DexInt III (TRUE)	3739772967	normal	Afixo
DexInt III Secondary	1988955855	normal	Afixo
DexInt III Two-Handed	2841469586	normal	Afixo
DexInt IV (TRUE)	4017842187	normal	Afixo
DexInt IV Secondary	79444915	normal	Afixo
DexInt IV Two-Handed	4252118006	normal	Afixo
DexInt IX (Worthy)	4017842189	normal	Afixo
DexInt IX Secondary	259368501	normal	Afixo
DexInt IX Two-Handed	1599661752	normal	Afixo
DexInt V (Steadfast)	3375515906	normal	Afixo
DexInt V Secondary	3304979818	normal	Afixo
DexInt V Two-Handed	3320587405	normal	Afixo
DexInt VI (Steadfast)	4017842603	normal	Afixo
DexInt VI Secondary	3143812435	normal	Afixo
DexInt VI Two-Handed	2297031062	normal	Afixo
DexInt VII (Steadfast)	3739787124	normal	Afixo
DexInt VII Secondary	2120256092	normal	Afixo
DexInt VII Two-Handed	2879410111	normal	Afixo
DexInt VIII (Steadfast)	3153890909	normal	Afixo
DexInt VIII Secondary	2702635141	normal	Afixo
DexInt VIII Two-Handed	623082248	normal	Afixo
DexInt X (Worthy)	3375515908	normal	Afixo
DexInt X Secondary	3484903404	normal	Afixo
DexInt X Two-Handed	668131151	normal	Afixo
DexInt XI (Worthy)	4017842669	normal	Afixo
DexInt XI Secondary	491356181	normal	Afixo
DexInt XI Two-Handed	665320600	normal	Afixo
DexInt XII (Marvelous)	3739789302	normal	Afixo
DexInt XII Secondary	488545630	normal	Afixo
DexInt XII Two-Handed	572572417	normal	Afixo
DexInt XIII (Marvelous)	3153962783	normal	Afixo
DexInt XIV (Marvelous)	3739789315	normal	Afixo
DexInt XV (Marvelous)	4017842682	normal	Afixo
DexInt XVI (Marvelous)	3739789731	normal	Afixo
DexInt_Jewel	3450355074	normal	Afixo
DexVit 0.1 Legendary	2067449822	normal	Afixo
DexVit 0.1 Secondary Legendary	3485123462	normal	Afixo
DexVit 0.1 Two-Handed Legendary	175616649	normal	Afixo
DexVit I (Feral)	3390753181	normal	Afixo
DexVit I Secondary	564673477	normal	Afixo
DexVit I Two-Handed	3084791368	normal	Afixo
DexVit II (Feral)	225705382	normal	Afixo
DexVit II Secondary	2908016398	normal	Afixo
DexVit II Two-Handed	3105696433	normal	Afixo
DexVit III (Feral)	3153310415	normal	Afixo
DexVit III Secondary	2928921463	normal	Afixo
DexVit III Two-Handed	3795563578	normal	Afixo
DexVit IV (Feral)	225705395	normal	Afixo
DexVit IV Secondary	1930036059	normal	Afixo
DexVit IV Two-Handed	897116318	normal	Afixo
DexVit IX (Potent)	225705397	normal	Afixo
DexVit IX Secondary	2109959645	normal	Afixo
DexVit IX Two-Handed	2539627360	normal	Afixo
DexVit V (Wild)	3390753194	normal	Afixo
DexVit V Secondary	3881660434	normal	Afixo
DexVit V Two-Handed	876211253	normal	Afixo
DexVit VI (Wild)	225705811	normal	Afixo
DexVit VI Secondary	699436283	normal	Afixo
DexVit VI Two-Handed	3236996670	normal	Afixo
DexVit VII (Wild)	3153324572	normal	Afixo
DexVit VII Secondary	3060221700	normal	Afixo
DexVit VII Two-Handed	3833504103	normal	Afixo
DexVit VIII (Wild)	980495877	normal	Afixo
DexVit VIII Secondary	3656729133	normal	Afixo
DexVit VIII Two-Handed	2043412912	normal	Afixo
DexVit X (Potent)	3390753196	normal	Afixo
DexVit X Secondary	4061584020	normal	Afixo
DexVit X Two-Handed	2518722295	normal	Afixo
DexVit XI (Potent)	225705877	normal	Afixo
DexVit XI Secondary	2341947325	normal	Afixo
DexVit XI Two-Handed	1605286208	normal	Afixo
DexVit XII (Valiant)	3153326750	normal	Afixo
DexVit XII Secondary	1428511238	normal	Afixo
DexVit XII Two-Handed	1526666409	normal	Afixo
DexVit XIII (Valiant)	980567751	normal	Afixo
DexVit XIV (Valiant)	3153326763	normal	Afixo
DexVit XV (Valiant)	225705890	normal	Afixo
DexVit XVI (Valiant)	3153327179	normal	Afixo
DexVit_Jewel	447795754	normal	Afixo
Damage Reduction 1 (of the Tower)	1824594951	normal	Afixo
Damage Reduction 1 Secondary	3057654447	normal	Afixo
Damage Reduction 10 (of the Stronghold)	82091287	normal	Afixo
Damage Reduction 10 Secondary	591671231	normal	Afixo
Damage Reduction 11 (of the Stronghold)	82091288	normal	Afixo
Damage Reduction 11 Secondary	2829116672	normal	Afixo
Damage Reduction 12 (of the Stronghold)	82091289	normal	Afixo
Damage Reduction 12 Secondary	771594817	normal	Afixo
Damage Reduction 13 (of the Fortress)	82091290	normal	Afixo
Damage Reduction 13 Secondary	3009040258	normal	Afixo
Damage Reduction 14 (of the Fortress)	82091291	normal	Afixo
Damage Reduction 14 Secondary	951518403	normal	Afixo
Damage Reduction 15 (of the Fortress)	82091292	normal	Afixo
Damage Reduction 15 Secondary	3188963844	normal	Afixo
Damage Reduction 16 Secondary	1131441989	normal	Afixo
Damage Reduction 17 (of the Fortress)	82091294	normal	Afixo
Damage Reduction 17 Secondary	3368887430	normal	Afixo
Damage Reduction 18 (of the Fortress)	82091295	normal	Afixo
Damage Reduction 18 Secondary	1311365575	normal	Afixo
Damage Reduction 19 Secondary	3548811016	normal	Afixo
Damage Reduction 2 (of the Tower)	1824594952	normal	Afixo
Damage Reduction 2 Secondary	1000132592	normal	Afixo
Damage Reduction 22 (of the Castle)	82091322	normal	Afixo
Damage Reduction 23 (of the Castle)	82091323	normal	Afixo
Damage Reduction 3 (of the Tower)	1824594953	normal	Afixo
Damage Reduction 3 Secondary	3237578033	normal	Afixo
Damage Reduction 4 (of the Tower)	1824594954	normal	Afixo
Damage Reduction 4 Secondary	1180056178	normal	Afixo
Damage Reduction 5 (of the Tower)	1824594955	normal	Afixo
Damage Reduction 5 Secondary	3417501619	normal	Afixo
Damage Reduction 6 Secondary	1359979764	normal	Afixo
Damage Reduction 7 (of the Stronghold)	1824594957	normal	Afixo
Damage Reduction 7 Secondary	3597425205	normal	Afixo
Damage Reduction 8 (of the Stronghold)	1824594958	normal	Afixo
Damage Reduction 8 Secondary	1539903350	normal	Afixo
Damage Reduction 9 (of the Stronghold)	1824594959	normal	Afixo
Damage Reduction 9 Secondary	3777348791	normal	Afixo
Enchanted (of Special: This is not actually an affix, but is put in front of items that have been enchanted.)	1585384554	normal	Afixo
Experience I (Adventuring)	1656971377	normal	Afixo
Experience II (Adventuring)	3140447994	normal	Afixo
Experience III (Adventuring)	555568803	normal	Afixo
Experience IV (Adventuring)	3140448007	normal	Afixo
Experience IX (Restless)	3140448009	normal	Afixo
Experience V (Clever)	1656971390	normal	Afixo
Experience VI (Clever)	3140448423	normal	Afixo
Experience VIII (Clever)	1154368601	normal	Afixo
Experience X (Restless)	1656971392	normal	Afixo
Experience XI (Restless)	3140448489	normal	Afixo
FireDamage 1 (of Flame)	1532987707	normal	Afixo
FireDamage 1 Fast	1838821577	normal	Afixo
FireDamage 1 Two-Handed	1065430822	normal	Afixo
FireDamage 10 (of Burning)	3343954123	normal	Afixo
FireDamage 10 Fast	1094881881	normal	Afixo
FireDamage 10 Two-Handed	1324383414	normal	Afixo
FireDamage 11 (of Burning)	3343954124	normal	Afixo
FireDamage 11 Fast	1134017274	normal	Afixo
FireDamage 11_104 (of Burning)	1858676128	normal	Afixo
FireDamage 12_104 (of Burning)	1859862049	normal	Afixo
FireDamage 13_104 (of Burning)	1861047970	normal	Afixo
FireDamage 14_104 (of Incineration)	1862233891	normal	Afixo
FireDamage 18 (of Incineration)	3343954131	normal	Afixo
FireDamage 2 (of Flame)	1532987708	normal	Afixo
FireDamage 2 Fast	1877956970	normal	Afixo
FireDamage 2 Two-Handed	1886686343	normal	Afixo
FireDamage 3 (of Flame)	1532987709	normal	Afixo
FireDamage 3 Fast	1917092363	normal	Afixo
FireDamage 3 Two-Handed	2707941864	normal	Afixo
FireDamage 4 (of Flame)	1532987710	normal	Afixo
FireDamage 4 Fast	1956227756	normal	Afixo
FireDamage 4 Two-Handed	3529197385	normal	Afixo
FireDamage 5 (of Flame)	1532987711	normal	Afixo
FireDamage 5 Fast	1995363149	normal	Afixo
FireDamage 5 Two-Handed	55485610	normal	Afixo
FireDamage 6 (of Immolation)	1532987712	normal	Afixo
FireDamage 6 Fast	2034498542	normal	Afixo
FireDamage 6 Two-Handed	876741131	normal	Afixo
FireDamage 7 (of Immolation)	1532987713	normal	Afixo
FireDamage 7 Fast	2073633935	normal	Afixo
FireDamage 7 Two-Handed	1697996652	normal	Afixo
FireDamage 8 (of Immolation)	1532987714	normal	Afixo
FireDamage 8 Fast	2112769328	normal	Afixo
FireDamage 8 Two-Handed	2519252173	normal	Afixo
FireDamage 9 (of Immolation)	1532987715	normal	Afixo
FireDamage 9 Fast	2151904721	normal	Afixo
FireDamage 9 Two-Handed	3340507694	normal	Afixo
FireResist 0.1 Legendary	1800577706	normal	Afixo
FireResist 0.2 Legendary	4038023147	normal	Afixo
FireResist 0.3 Legendary	1980501292	normal	Afixo
FireResist I (Seared)	3083539049	normal	Afixo
FireResist II (Seared)	2972540914	normal	Afixo
FireResist III (Seared)	3604569755	normal	Afixo
FireResist IV (Seared)	2972540927	normal	Afixo
FireResist V (Charred)	3083539062	normal	Afixo
FireResist VI (Charred)	2972541343	normal	Afixo
FireResist VII (Charred)	3604583912	normal	Afixo
FireResist VIII (Charred)	2987152209	normal	Afixo
FireResist X (Scorched)	3083539064	normal	Afixo
FireResist XI (Scorched)	2972541409	normal	Afixo
FireResist XII (Infernal)	3604586090	normal	Afixo
FireResist XIII (Infernal)	2987224083	normal	Afixo
FireResist_Jewel	2242945270	normal	Afixo
Fury I (Primitive)	2793865839	normal	Afixo
Fury II (Primitive)	2003259576	normal	Afixo
Fury III (Fierce)	1683056673	normal	Afixo
Fury IV (Fierce)	2003259589	normal	Afixo
Fury V (Fierce)	2793865852	normal	Afixo
Fury VI (Rabid)	2003260005	normal	Afixo
Fury VII (Rabid)	1683070830	normal	Afixo
Fury VIII (Maniacal)	4001729943	normal	Afixo
FuryHeals 1 (Barbaric)	608813796	normal	Afixo
FuryHeals 1 Two-Handed	3802033455	normal	Afixo
FuryHeals 10 (Vindictive)	2910986132	normal	Afixo
FuryHeals 10 Two-Handed	1437957087	normal	Afixo
FuryHeals 11 (Vindictive)	2910986133	normal	Afixo
FuryHeals 11 Two-Handed	2259212608	normal	Afixo
FuryHeals 12 (Vindictive)	2910986134	normal	Afixo
FuryHeals 2 (Barbaric)	608813797	normal	Afixo
FuryHeals 2 Two-Handed	328321680	normal	Afixo
FuryHeals 3 (Barbaric)	608813798	normal	Afixo
FuryHeals 3 Two-Handed	1149577201	normal	Afixo
FuryHeals 4 (Wanton)	608813799	normal	Afixo
FuryHeals 4 Two-Handed	1970832722	normal	Afixo
FuryHeals 5 (Wanton)	608813800	normal	Afixo
FuryHeals 5 Two-Handed	2792088243	normal	Afixo
FuryHeals 6 (Wanton)	608813801	normal	Afixo
FuryHeals 6 Two-Handed	3613343764	normal	Afixo
FuryHeals 7 (Infuriating)	608813802	normal	Afixo
FuryHeals 7 Two-Handed	139631989	normal	Afixo
FuryHeals 8 (Infuriating)	608813803	normal	Afixo
FuryHeals 8 Two-Handed	960887510	normal	Afixo
FuryHeals 9 (Infuriating)	608813804	normal	Afixo
FuryHeals 9 Two-Handed	1782143031	normal	Afixo
FuryHeals_Jewel	2125361961	normal	Afixo
Gemmed (of Special: This is not actually an affix, but is put in front of items that have been socketed with gems.)	2813836015	normal	Afixo
Gold X (Golden)	2825647230	normal	Afixo
Gold XI (Golden)	3052045479	normal	Afixo
Gold XII (Golden)*	1933253104	normal	Afixo
Gold_Jewel	3227457020	normal	Afixo
GoldPickUpRadius 1 (Gathering)	4034366315	normal	Afixo
GoldPickUpRadius 10 (Avaricious)	4285069563	normal	Afixo
GoldPickUpRadius 2 (Gathering)	4034366316	normal	Afixo
GoldPickUpRadius 3 (Greedy)	4034366317	normal	Afixo
GoldPickUpRadius 4 (Greedy)	4034366318	normal	Afixo
GoldPickUpRadius 5 (Miserly)	4034366319	normal	Afixo
GoldPickUpRadius 6 (Avaricious)	4034366320	normal	Afixo
GoldPickUpRadius_Jewel	3322619696	normal	Afixo
Haste 1 (Keen)	3804566566	normal	Afixo
Haste 1 Secondary	3251897742	normal	Afixo
Haste 11 (Vanquishing)	996645143	normal	Afixo
Haste 12 (Vanquishing)	996645144	normal	Afixo
Haste 13 (Vanquishing)	996645145	normal	Afixo
Haste 14 (Vanquishing)	996645146	normal	Afixo
Haste 2 (Keen)	3804566567	normal	Afixo
Haste 2 Secondary	1194375887	normal	Afixo
Haste 3 (Keen)	3804566568	normal	Afixo
Haste 3 Secondary	3431821328	normal	Afixo
Haste 4 (Raiding)	3804566569	normal	Afixo
Haste 4 Secondary	1374299473	normal	Afixo
Haste 5 (Raiding)	3804566570	normal	Afixo
Haste 5 Secondary	3611744914	normal	Afixo
Haste 6 (Raiding)	3804566571	normal	Afixo
Haste 6 Secondary	1554223059	normal	Afixo
Haste 7 (Assailing)	3804566572	normal	Afixo
Haste 7 Secondary	3791668500	normal	Afixo
Haste 8 (Assailing)	3804566573	normal	Afixo
Haste 8 Secondary	1734146645	normal	Afixo
Haste 9 (Assailing)	3804566574	normal	Afixo
Haste 9 Secondary	3971592086	normal	Afixo
Haste_Jewel	3239351659	normal	Afixo
HatredRegen 1 (Spiteful)	3654337114	normal	Afixo
HatredRegen 10 (Vengeful)	334040522	normal	Afixo
HatredRegen 12 (Vengeful)	334040524	normal	Afixo
HatredRegen 13 (Vengeful)	334040525	normal	Afixo
HatredRegen 14 (Vengeful)	334040526	normal	Afixo
HatredRegen 2 (Spiteful)	3654337115	normal	Afixo
HatredRegen 3 (Spiteful)	3654337116	normal	Afixo
HatredRegen 4 (Bitter)	3654337117	normal	Afixo
HatredRegen 5 (Bitter)	3654337118	normal	Afixo
HatredRegen 6 (Bitter)	3654337119	normal	Afixo
HatredRegen 7 (Hostile)	3654337120	normal	Afixo
HatredRegen 8 (Hostile)	3654337121	normal	Afixo
HatredRegen_Jewel	2515811743	normal	Afixo
HealthGlobeBonus 3 (Mending)	2371993753	normal	Afixo
HealthGlobeBonus 5 (Invigorating)	2371993755	normal	Afixo
HealthGlobeBonus_Jewel	2317619804	normal	Afixo
HighlySalvageable I (Mysterious)	266439685	normal	Afixo
HighlySalvageable II (Mysterious)	202575118	normal	Afixo
HighlySalvageable III (Mysterious)	2390011703	normal	Afixo
HighlySalvageable IV (Mysterious)	202575131	normal	Afixo
HighlySalvageable V (Mysterious)	266439698	normal	Afixo
HitBlind 0.1 Legendary	467865912	normal	Afixo
HitBlind 1 (Dazzling)	4024351679	normal	Afixo
HitBlind 10 (Perplexing)	3954586575	normal	Afixo
HitBlind 11 (Perplexing)	3954586576	normal	Afixo
HitBlind 12 (Hypnotic)	3954586577	normal	Afixo
HitBlind 13 (Hypnotic)	3954586578	normal	Afixo
HitBlind 2 (Dazzling)	4024351680	normal	Afixo
HitBlind 3 (Dazzling)	4024351681	normal	Afixo
HitBlind 4 (Dazzling)	4024351682	normal	Afixo
HitBlind 5 (Bewildering)	4024351683	normal	Afixo
HitBlind 6 (Bewildering)	4024351684	normal	Afixo
HitBlind 7 (Bewildering)	4024351685	normal	Afixo
HitBlind 8 (Bewildering)	4024351686	normal	Afixo
HitBlind 9 (Perplexing)	4024351687	normal	Afixo
HitChill 0.1 Legendary	372642107	normal	Afixo
HitChill 1 (Chilling)	864247618	normal	Afixo
HitChill 10 (Glacial)	2750367666	normal	Afixo
HitChill 11 (Glacial)	2750367667	normal	Afixo
HitChill 13 (Hyperborean)	2750367669	normal	Afixo
HitChill 2 (Chilling)	864247619	normal	Afixo
HitChill 3 (Chilling)	864247620	normal	Afixo
HitChill 4 (Chilling)	864247621	normal	Afixo
HitChill 5 (Bleak)	864247622	normal	Afixo
HitChill 6 (Bleak)	864247623	normal	Afixo
HitChill 7 (Bleak)	864247624	normal	Afixo
HitChill 8 (Bleak)	864247625	normal	Afixo
HitChill 9 (Glacial)	864247626	normal	Afixo
HitFear 0.1 Legendary	2828376845	normal	Afixo
HitFear 1 (of Fright)	920657428	normal	Afixo
HitFear 10 (of Horror)	316924100	normal	Afixo
HitFear 11 (of Horror)	316924101	normal	Afixo
HitFear 12 (of Terror)	316924102	normal	Afixo
HitFear 13 (of Terror)	316924103	normal	Afixo
HitFear 2 (of Fright)	920657429	normal	Afixo
HitFear 3 (of Fright)	920657430	normal	Afixo
HitFear 4 (of Fright)	920657431	normal	Afixo
HitFear 5 (of Nightmares)	920657432	normal	Afixo
HitFear 6 (of Nightmares)	920657433	normal	Afixo
HitFear 7 (of Nightmares)	920657434	normal	Afixo
HitFear 8 (of Nightmares)	920657435	normal	Afixo
HitFear 9 (of Horror)	920657436	normal	Afixo
HitFreeze 0.1 Legendary	4148548080	normal	Afixo
HitFreeze 1 (of Ice)	1622190199	normal	Afixo
HitFreeze 10 (of the Frozen Sea)	1992669063	normal	Afixo
HitFreeze 11 (of the Frozen Sea)	1992669064	normal	Afixo
HitFreeze 12 (of Desolation)	1992669065	normal	Afixo
HitFreeze 13 (of Desolation)	1992669066	normal	Afixo
HitFreeze 2 (of Ice)	1622190200	normal	Afixo
HitFreeze 3 (of Ice)	1622190201	normal	Afixo
HitFreeze 4 (of Ice)	1622190202	normal	Afixo
HitFreeze 5 (of Hail)	1622190203	normal	Afixo
HitFreeze 6 (of Hail)	1622190204	normal	Afixo
HitFreeze 7 (of Hail)	1622190205	normal	Afixo
HitFreeze 8 (of Hail)	1622190206	normal	Afixo
HitFreeze 9 (of the Frozen Sea)	1622190207	normal	Afixo
HitImmobilize 0.1 Legendary	1388056704	normal	Afixo
HitImmobilize 1 (of Stagnation)	2309525255	normal	Afixo
HitImmobilize 10 (of Sabotage)	3199889431	normal	Afixo
HitImmobilize 11 (of Sabotage)	3199889432	normal	Afixo
HitImmobilize 12 (of Paralysis)	3199889433	normal	Afixo
HitImmobilize 13 (of Paralysis)	3199889434	normal	Afixo
HitImmobilize 2 (of Stagnation)	2309525256	normal	Afixo
HitImmobilize 3 (of Stagnation)	2309525257	normal	Afixo
HitImmobilize 4 (of Stagnation)	2309525258	normal	Afixo
HitImmobilize 5 (of Impairment)	2309525259	normal	Afixo
HitImmobilize 6 (of Impairment)	2309525260	normal	Afixo
HitImmobilize 7 (of Impairment)	2309525261	normal	Afixo
HitImmobilize 8 (of Impairment)	2309525262	normal	Afixo
HitImmobilize 9 (of Sabotage)	2309525263	normal	Afixo
HitKnockback 0.1 Legendary	3501369238	normal	Afixo
HitKnockback 1 (Battering)	4179318045	normal	Afixo
HitKnockback 10 (Smashing)	478542061	normal	Afixo
HitKnockback 11 (Smashing)	478542062	normal	Afixo
HitKnockback 12 (Pulverizing)	478542063	normal	Afixo
HitKnockback 13 (Pulverizing)	478542064	normal	Afixo
HitKnockback 2 (Battering)	4179318046	normal	Afixo
HitKnockback 3 (Battering)	4179318047	normal	Afixo
HitKnockback 4 (Battering)	4179318048	normal	Afixo
HitKnockback 5 (Pummeling)	4179318049	normal	Afixo
HitKnockback 6 (Pummeling)	4179318050	normal	Afixo
HitKnockback 7 (Pummeling)	4179318051	normal	Afixo
HitKnockback 8 (Pummeling)	4179318052	normal	Afixo
HitKnockback 9 (Smashing)	4179318053	normal	Afixo
HitLife 1 (of the Leech)	1160378998	normal	Afixo
HitLife 1 Secondary	1762201566	normal	Afixo
HitLife 1 Two-Handed	3948512641	normal	Afixo
HitLife 10 (of Gore)	3932768614	normal	Afixo
HitLife 10 Secondary	791399118	normal	Afixo
HitLife 12 Secondary	971322704	normal	Afixo
HitLife 17 (of Mangling)	3932768621	normal	Afixo
HitLife 18 (of Mangling)	3932768622	normal	Afixo
HitLife 2 (of the Leech)	1160378999	normal	Afixo
HitLife 2 Secondary	3999647007	normal	Afixo
HitLife 2 Two-Handed	474800866	normal	Afixo
HitLife 3 Secondary	1942125152	normal	Afixo
HitLife 3 Two-Handed	1296056387	normal	Afixo
HitLife 4 (of the Leech)	1160379001	normal	Afixo
HitLife 4 Two-Handed	2117311908	normal	Afixo
HitLife 5 (of Carnage)	1160379002	normal	Afixo
HitLife 5 Secondary	2122048738	normal	Afixo
HitLife 5 Two-Handed	2938567429	normal	Afixo
HitLife 6 (of Carnage)	1160379003	normal	Afixo
HitLife 6 Secondary	64526883	normal	Afixo
HitLife 6 Two-Handed	3759822950	normal	Afixo
HitLife 7 (of Carnage)	1160379004	normal	Afixo
HitLife 7 Two-Handed	286111175	normal	Afixo
HitLife 8 (of Carnage)	1160379005	normal	Afixo
HitLife 8 Secondary	244450469	normal	Afixo
HitLife 8 Two-Handed	1107366696	normal	Afixo
HitLife 9 (of Carnage)	1160379006	normal	Afixo
HitLife 9 Secondary	2481895910	normal	Afixo
HitLife 9 Two-Handed	1928622217	normal	Afixo
HitLife_Jewel	4247004091	normal	Afixo
HitMana 13 (of Devouring)	625529766	normal	Afixo
HitMana 14 (of Devouring)	625529767	normal	Afixo
HitMana 15 (of Devouring)	625529768	normal	Afixo
HitMana 16 (of Devouring)	625529769	normal	Afixo
HitSlow 0.1 Legendary	2667035604	normal	Afixo
HitSlow 1 (Crippling)	1438227547	normal	Afixo
HitSlow 10 (Persecuting)	216868843	normal	Afixo
HitSlow 11 (Persecuting)	216868844	normal	Afixo
HitSlow 12 (Dominating)	216868845	normal	Afixo
HitSlow 13 (Dominating)	216868846	normal	Afixo
HitSlow 2 (Crippling)	1438227548	normal	Afixo
HitSlow 3 (Crippling)	1438227549	normal	Afixo
HitSlow 4 (Crippling)	1438227550	normal	Afixo
HitSlow 5 (Punishing)	1438227551	normal	Afixo
HitSlow 6 (Punishing)	1438227552	normal	Afixo
HitSlow 7 (Punishing)	1438227553	normal	Afixo
HitSlow 8 (Punishing)	1438227554	normal	Afixo
HitSlow 9 (Persecuting)	1438227555	normal	Afixo
HitStun 0.1 Legendary	3246576473	normal	Afixo
HitStun 1 (of Striking)	1447920736	normal	Afixo
HitStun 10 (of Ruin)	536744080	normal	Afixo
HitStun 11 (of Ruin)	536744081	normal	Afixo
HitStun 13 (of Staggering)	536744083	normal	Afixo
HitStun 14 (of Staggering)	536744084	normal	Afixo
HitStun 15 (of Staggering)	536744085	normal	Afixo
HitStun 16 (of Staggering)	536744086	normal	Afixo
HitStun 2 (of Striking)	1447920737	normal	Afixo
HitStun 3 (of Striking)	1447920738	normal	Afixo
HitStun 4 (of Striking)	1447920739	normal	Afixo
HitStun 5 (of Bane)	1447920740	normal	Afixo
HitStun 6 (of Bane)	1447920741	normal	Afixo
HitStun 7 (of Bane)	1447920742	normal	Afixo
HitStun 8 (of Bane)	1447920743	normal	Afixo
HitStun 9 (of Ruin)	1447920744	normal	Afixo
HolyDamage 1 (of the Angels)	49371921	normal	Afixo
HolyDamage 1 Fast	4045838431	normal	Afixo
HolyDamage 1 Two-Handed	85880636	normal	Afixo
HolyDamage 10 (of Smiting)	1629273441	normal	Afixo
HolyDamage 10 Fast	911994031	normal	Afixo
HolyDamage 10 Two-Handed	3358965644	normal	Afixo
HolyDamage 11 (of Smiting)	1629273442	normal	Afixo
HolyDamage 11 Fast	951129424	normal	Afixo
HolyDamage 11_104 (of Smiting)	4065692982	normal	Afixo
HolyDamage 12_104 (of Smiting)	4066878903	normal	Afixo
HolyDamage 13_104 (of Smiting)	4068064824	normal	Afixo
HolyDamage 14_104 (of the Heavens)	4069250745	normal	Afixo
HolyDamage 18 (of the Heavens)	1629273449	normal	Afixo
HolyDamage 2 (of the Angels)	49371922	normal	Afixo
HolyDamage 2 Fast	4084973824	normal	Afixo
HolyDamage 2 Two-Handed	907136157	normal	Afixo
HolyDamage 3 (of the Angels)	49371923	normal	Afixo
HolyDamage 3 Fast	4124109217	normal	Afixo
HolyDamage 3 Two-Handed	1728391678	normal	Afixo
HolyDamage 4 (of the Angels)	49371924	normal	Afixo
HolyDamage 4 Fast	4163244610	normal	Afixo
HolyDamage 4 Two-Handed	2549647199	normal	Afixo
HolyDamage 5 (of the Angels)	49371925	normal	Afixo
HolyDamage 5 Fast	4202380003	normal	Afixo
HolyDamage 5 Two-Handed	3370902720	normal	Afixo
HolyDamage 6 (of Grace)	49371926	normal	Afixo
HolyDamage 6 Fast	4241515396	normal	Afixo
HolyDamage 6 Two-Handed	4192158241	normal	Afixo
HolyDamage 7 (of Grace)	49371927	normal	Afixo
HolyDamage 7 Fast	4280650789	normal	Afixo
HolyDamage 7 Two-Handed	718446466	normal	Afixo
HolyDamage 8 (of Grace)	49371928	normal	Afixo
HolyDamage 8 Fast	24818886	normal	Afixo
HolyDamage 8 Two-Handed	1539701987	normal	Afixo
HolyDamage 9 (of Grace)	49371929	normal	Afixo
HolyDamage 9 Fast	63954279	normal	Afixo
HolyDamage 9 Two-Handed	2360957508	normal	Afixo
Indestructible 0.1 Legendary	3359332043	normal	Afixo
Indestructible 1 (Indestructible)	1661455570	normal	Afixo
Indestructible 10 (Indestructible)	3288426306	normal	Afixo
Indestructible 11 (Indestructible)	3288426307	normal	Afixo
Indestructible 12 (Indestructible)	3288426308	normal	Afixo
Indestructible 3 (Indestructible)	1661455572	normal	Afixo
Indestructible 4 (Indestructible)	1661455573	normal	Afixo
Indestructible 5 (Indestructible)	1661455574	normal	Afixo
Indestructible 6 (Indestructible)	1661455575	normal	Afixo
Indestructible 7 (Indestructible)	1661455576	normal	Afixo
Indestructible 8 (Indestructible)	1661455577	normal	Afixo
Inferior Armor Def 0 (Low Quality)	1449206558	normal	Afixo
Inferior Armor Def 1 (Cracked)	1449206559	normal	Afixo
Inferior Armor Def 2 (Crude)	1449206560	normal	Afixo
Inferior Armor Def 3 (Damaged)	1449206561	normal	Afixo
Inferior Weapon Dam 0 (Low Quality)	3867059466	normal	Afixo
Int 1 (of Focus)	87968060	normal	Afixo
Int 1 Secondary	3070955044	normal	Afixo
Int 1 Two-Handed	4187704455	normal	Afixo
Int 10 (of the Mind)	2902946028	normal	Afixo
Int 10 Secondary	1030590932	normal	Afixo
Int 10 Two-Handed	1280198199	normal	Afixo
Int 11 (of the Mind)	2902946029	normal	Afixo
Int 11 Secondary	3268036373	normal	Afixo
Int 11 Two-Handed	2101453720	normal	Afixo
Int 12 (of Omens)	2902946030	normal	Afixo
Int 12 Secondary	1210514518	normal	Afixo
Int 12 Two-Handed	2922709241	normal	Afixo
Int 13 (of Omens)	2902946031	normal	Afixo
Int 13 Secondary	3447959959	normal	Afixo
Int 13 Two-Handed	3743964762	normal	Afixo
Int 14 (of Omens)	2902946032	normal	Afixo
Int 14 Secondary	1390438104	normal	Afixo
Int 14 Two-Handed	270252987	normal	Afixo
Int 14_Archon	2775117738	normal	Afixo
Int 15 (of Omens)	2902946033	normal	Afixo
Int 15 Secondary	3627883545	normal	Afixo
Int 16 Secondary	1570361690	normal	Afixo
Int 17 Secondary	3807807131	normal	Afixo
Int 19 (of Far Sight)	2902946037	normal	Afixo
Int 2 (of Focus)	87968061	normal	Afixo
Int 2 Secondary	1013433189	normal	Afixo
Int 2 Two-Handed	713992680	normal	Afixo
Int 20 (of Far Sight)*	2902946061	normal	Afixo
Int 3 (of Focus)	87968062	normal	Afixo
Int 3 Secondary	3250878630	normal	Afixo
Int 3 Two-Handed	1535248201	normal	Afixo
Int 4 (of Focus)	87968063	normal	Afixo
Int 4 Secondary	1193356775	normal	Afixo
Int 4 Two-Handed	2356503722	normal	Afixo
Int 5 (of Focus)	87968064	normal	Afixo
Int 5 Secondary	3430802216	normal	Afixo
Int 5 Two-Handed	3177759243	normal	Afixo
Int 6 (of Focus)	87968065	normal	Afixo
Int 6 Secondary	1373280361	normal	Afixo
Int 6 Two-Handed	3999014764	normal	Afixo
Int 7 (of the Mind)	87968066	normal	Afixo
Int 7 Secondary	3610725802	normal	Afixo
Int 7 Two-Handed	525302989	normal	Afixo
Int 8 (of the Mind)	87968067	normal	Afixo
Int 8 Secondary	1553203947	normal	Afixo
Int 8 Two-Handed	1346558510	normal	Afixo
Int 9 (of the Mind)	87968068	normal	Afixo
Int 9 Secondary	3790649388	normal	Afixo
Int 9 Two-Handed	2167814031	normal	Afixo
Int_Jewel	950953345	normal	Afixo
IntVit 0.1 Legendary	4149460872	normal	Afixo
IntVit 0.1 Secondary Legendary	1279580080	normal	Afixo
IntVit 0.1 Two-Handed Legendary	407129075	normal	Afixo
IntVit I (Proud)	316371527	normal	Afixo
IntVit I Secondary	3236643055	normal	Afixo
IntVit I Two-Handed	1065474226	normal	Afixo
IntVit II (Proud)	1850325904	normal	Afixo
IntVit II Secondary	888699256	normal	Afixo
IntVit II Two-Handed	892740187	normal	Afixo
IntVit III (Proud)	931212793	normal	Afixo
IntVit III Secondary	715965217	normal	Afixo
IntVit III Two-Handed	3782451492	normal	Afixo
IntVit IV (Proud)	1850325917	normal	Afixo
IntVit IV Secondary	4205686213	normal	Afixo
IntVit IV Two-Handed	2979127368	normal	Afixo
IntVit IX (Glorious)	1850325919	normal	Afixo
IntVit IX Secondary	90642503	normal	Afixo
IntVit IX Two-Handed	326671114	normal	Afixo
IntVit V (Vaunted)	316371540	normal	Afixo
IntVit V Secondary	2258662716	normal	Afixo
IntVit V Two-Handed	3151861407	normal	Afixo
IntVit VI (Vaunted)	1850326333	normal	Afixo
IntVit VI Secondary	2975086437	normal	Afixo
IntVit VI Two-Handed	1024040424	normal	Afixo
IntVit VII (Vaunted)	931226950	normal	Afixo
IntVit VII Secondary	847265454	normal	Afixo
IntVit VII Two-Handed	3820392017	normal	Afixo
IntVit VIII (Vaunted)	665718383	normal	Afixo
IntVit VIII Secondary	3643617047	normal	Afixo
IntVit VIII Two-Handed	1610714074	normal	Afixo
IntVit X (Glorious)	316371542	normal	Afixo
IntVit X Secondary	2438586302	normal	Afixo
IntVit X Two-Handed	499405153	normal	Afixo
IntVit XI (Glorious)	1850326399	normal	Afixo
IntVit XI Secondary	322630183	normal	Afixo
IntVit XI Two-Handed	3687297258	normal	Afixo
IntVit XII (Illustrious)	931229128	normal	Afixo
IntVit XII Secondary	3510522288	normal	Afixo
IntVit XII Two-Handed	1513554323	normal	Afixo
IntVit XIII (Illustrious)	665790257	normal	Afixo
IntVit XIV (Illustrious)	931229141	normal	Afixo
IntVit XV (Illustrious)	1850326412	normal	Afixo
IntVit XVI (Illustrious)	931229557	normal	Afixo
IntVit_Jewel	2945040340	normal	Afixo
ItemCost I (Ornate)	1469608593	normal	Afixo
ItemCost II (Elegant)	1252443418	normal	Afixo
ItemCost III (Gilded)	2675927235	normal	Afixo
ItemCost IV (Baroque)	1252443431	normal	Afixo
ItemCost V (Exquisite)	1469608606	normal	Afixo
KillLife 1 (of Slaughter)	2612119773	normal	Afixo
KillLife 1 Secondary	376916741	normal	Afixo
KillLife 1 Two-Handed	1183786376	normal	Afixo
KillLife 10 Secondary	2321640149	normal	Afixo
KillLife 17 (of Terror)	300606644	normal	Afixo
KillLife 18 (of Terror)	300606645	normal	Afixo
KillLife 2 Secondary	2614362182	normal	Afixo
KillLife 2 Two-Handed	2005041897	normal	Afixo
KillLife 3 (of Slaughter)	2612119775	normal	Afixo
KillLife 3 Secondary	556840327	normal	Afixo
KillLife 3 Two-Handed	2826297418	normal	Afixo
KillLife 4 (of Slaughter)	2612119776	normal	Afixo
KillLife 4 Secondary	2794285768	normal	Afixo
KillLife 4 Two-Handed	3647552939	normal	Afixo
KillLife 5 (of Slaughter)	2612119777	normal	Afixo
KillLife 5 Secondary	736763913	normal	Afixo
KillLife 6 (of Mutilation)	2612119778	normal	Afixo
KillLife 6 Two-Handed	995096685	normal	Afixo
KillLife 7 (of Mutilation)	2612119779	normal	Afixo
KillLife 7 Secondary	916687499	normal	Afixo
KillLife 8 (of Mutilation)	2612119780	normal	Afixo
KillLife 8 Secondary	3154132940	normal	Afixo
KillLife 9 (of Mutilation)*	2612119781	normal	Afixo
KillLife_Jewel	3593129378	normal	Afixo
Kings I (Noble)	3690704837	normal	Afixo
Kings II (Noble)	1534175438	normal	Afixo
Life 0.1 Legendary	2649532106	normal	Afixo
Life 0.1 Secondary Legendary	441530738	normal	Afixo
Life 0.2 Legendary	592010251	normal	Afixo
Life 0.2 Secondary Legendary	1801335795	normal	Afixo
Life 0.3 Secondary Legendary	3161140852	normal	Afixo
Life 1 (of the Beast)	3013994065	normal	Afixo
Life 10 (of Fortitude)	677556385	normal	Afixo
Life 11 (of Tenacity)	677556386	normal	Afixo
Life 12 (of Tenacity)	677556387	normal	Afixo
Life 13 (of Tenacity)	677556388	normal	Afixo
Life 14 (of Tenacity)	677556389	normal	Afixo
Life 15 (of Perseverance)	677556390	normal	Afixo
Life 2 (of the Beast)	3013994066	normal	Afixo
Life 3 (of the Beast)	3013994067	normal	Afixo
Life 4 (of the Beast)	3013994068	normal	Afixo
Life 5 (of the Beast)	3013994069	normal	Afixo
Life 6 (of Fortitude)	3013994070	normal	Afixo
Life 7 (of Fortitude)	3013994071	normal	Afixo
Life 8 (of Fortitude)	3013994072	normal	Afixo
Life 9 (of Fortitude)	3013994073	normal	Afixo
Life I Secondary	3393023921	normal	Afixo
Life IX (Unyielding)	677558305	normal	Afixo
Life VII (Resilient)	884601352	normal	Afixo
Life VIII (Resilient)	3422040945	normal	Afixo
Life X (Unyielding)*	3013994136	normal	Afixo
Life_Jewel	3709371670	normal	Afixo
LifeSteal 10 (Exsanguinating)	887488564	normal	Afixo
LightningDamage 1 (of the Eel)	2228236601	normal	Afixo
LightningDamage 1 Fast	3674834823	normal	Afixo
LightningDamage 1 Two-Handed	4132576356	normal	Afixo
LightningDamage 10 (of Discord)	517363849	normal	Afixo
LightningDamage 10 Fast	1553776855	normal	Afixo
LightningDamage 10 Two-Handed	3755938228	normal	Afixo
LightningDamage 11 (of Discord)	517363850	normal	Afixo
LightningDamage 11 Fast	1592912248	normal	Afixo
LightningDamage 11_104 (of Discord)	3694689374	normal	Afixo
LightningDamage 12_104 (of Discord)	3695875295	normal	Afixo
LightningDamage 13_104 (of Discord)	3697061216	normal	Afixo
LightningDamage 14_104 (of Conflagration)	3698247137	normal	Afixo
LightningDamage 18 (of Conflagration)	517363857	normal	Afixo
LightningDamage 2 (of the Eel)	2228236602	normal	Afixo
LightningDamage 2 Fast	3713970216	normal	Afixo
LightningDamage 2 Two-Handed	658864581	normal	Afixo
LightningDamage 3 (of the Eel)	2228236603	normal	Afixo
LightningDamage 3 Fast	3753105609	normal	Afixo
LightningDamage 3 Two-Handed	1480120102	normal	Afixo
LightningDamage 4 (of the Eel)	2228236604	normal	Afixo
LightningDamage 4 Fast	3792241002	normal	Afixo
LightningDamage 4 Two-Handed	2301375623	normal	Afixo
LightningDamage 5 (of Storms)	2228236605	normal	Afixo
LightningDamage 5 Fast	3831376395	normal	Afixo
LightningDamage 5 Two-Handed	3122631144	normal	Afixo
LightningDamage 6 (of Storms)	2228236606	normal	Afixo
LightningDamage 6 Fast	3870511788	normal	Afixo
LightningDamage 6 Two-Handed	3943886665	normal	Afixo
LightningDamage 7 (of Storms)	2228236607	normal	Afixo
LightningDamage 7 Fast	3909647181	normal	Afixo
LightningDamage 7 Two-Handed	470174890	normal	Afixo
LightningDamage 8 (of Storms)	2228236608	normal	Afixo
LightningDamage 8 Fast	3948782574	normal	Afixo
LightningDamage 8 Two-Handed	1291430411	normal	Afixo
LightningDamage 9 (of Storms)	2228236609	normal	Afixo
LightningDamage 9 Fast	3987917967	normal	Afixo
LightningDamage 9 Two-Handed	2112685932	normal	Afixo
LightningResist 0.1 Legendary	1291585128	normal	Afixo
LightningResist 0.2 Legendary	3529030569	normal	Afixo
LightningResist 0.3 Legendary	1471508714	normal	Afixo
LightningResist I (Silent)	624584999	normal	Afixo
LightningResist II (Silent)	3431435888	normal	Afixo
LightningResist III (Silent)	1568234713	normal	Afixo
LightningResist IV (Silent)	3431435901	normal	Afixo
LightningResist V (Tranquil)	624585012	normal	Afixo
LightningResist VI (Tranquil)	3431436317	normal	Afixo
LightningResist VII (Tranquil)	1568248870	normal	Afixo
LightningResist VIII (Tranquil)	212605263	normal	Afixo
LightningResist X (Stable)	624585014	normal	Afixo
LightningResist XI (Stable)	3431436383	normal	Afixo
LightningResist XII (Serene)	1568251048	normal	Afixo
LightningResist XIII (Serene)	212677137	normal	Afixo
LightningResist_Jewel	877209268	normal	Afixo
ManaRegen 1 (Infusing)	2198908575	normal	Afixo
ManaRegen 13 (Intensifying)	3844506290	normal	Afixo
ManaRegen 2 (Infusing)	2198908576	normal	Afixo
ManaRegen 3 (Infusing)	2198908577	normal	Afixo
ManaRegen 4 (Replenishing)	2198908578	normal	Afixo
ManaRegen 5 (Replenishing)	2198908579	normal	Afixo
ManaRegen 8 (Energizing)	2198908582	normal	Afixo
ManaRegen_Jewel	2049623140	normal	Afixo
MaxArcanePower 1 (Sly)	3768588526	normal	Afixo
MaxArcanePower 1 Legendary	2648697353	normal	Afixo
MaxArcanePower 10 (Insane)	4104337118	normal	Afixo
MaxArcanePower 2 (Sly)	3768588527	normal	Afixo
MaxArcanePower 2 Legendary	591175498	normal	Afixo
MaxArcanePower 3 (Sly)	3768588528	normal	Afixo
MaxArcanePower 3 Legendary	2828620939	normal	Afixo
MaxArcanePower 4 (Mental)	3768588529	normal	Afixo
MaxArcanePower 4 Legendary	771099084	normal	Afixo
MaxArcanePower 5 Legendary	3008544525	normal	Afixo
MaxArcanePower 6 Legendary	951022670	normal	Afixo
MaxArcanePower 8 (Cerebral)	3768588533	normal	Afixo
MaxArcanePower 9 (Cerebral)	3768588534	normal	Afixo
MaxArcanePower_Jewel	2331295283	normal	Afixo
MaxDmg 1 (of Thrashing)	3812104297	normal	Afixo
MaxDmg 10 (of Strife)	1245390265	normal	Afixo
MaxDmg 11 (of Strife)	1245390266	normal	Afixo
MaxDmg 11_104 (of Strife)	2594201998	normal	Afixo
MaxDmg 12 (of Strife)	1245390267	normal	Afixo
MaxDmg 12_104 (of Strife)	2595387919	normal	Afixo
MaxDmg 13 (of Strife)	1245390268	normal	Afixo
MaxDmg 13_104 (of Strife)	2596573840	normal	Afixo
MaxDmg 14 (of Doom)	1245390269	normal	Afixo
MaxDmg 14_104 (of Doom)	2597759761	normal	Afixo
MaxDmg 2 (of Thrashing)	3812104298	normal	Afixo
MaxDmg 3 (of Thrashing)	3812104299	normal	Afixo
MaxDmg 4 (of Thrashing)	3812104300	normal	Afixo
MaxDmg 5 (of Maiming)	3812104301	normal	Afixo
MaxDmg 6 (of Maiming)	3812104302	normal	Afixo
MaxDmg 7 (of Maiming)	3812104303	normal	Afixo
MaxDmg 8 (of Maiming)	3812104304	normal	Afixo
MaxDmg 9 (of Maiming)	3812104305	normal	Afixo
MaxDiscipline 1 (Steady)	1180460667	normal	Afixo
MaxDiscipline 1 Legendary	3039841238	normal	Afixo
MaxDiscipline 10 (Vehement)	300496395	normal	Afixo
MaxDiscipline 2 (Steady)	1180460668	normal	Afixo
MaxDiscipline 2 Legendary	982319383	normal	Afixo
MaxDiscipline 3 (Steady)	1180460669	normal	Afixo
MaxDiscipline 3 Legendary	3219764824	normal	Afixo
MaxDiscipline 4 (Confident)	1180460670	normal	Afixo
MaxDiscipline 4 Legendary	1162242969	normal	Afixo
MaxDiscipline 5 (Confident)	1180460671	normal	Afixo
MaxDiscipline 6 Legendary	1342166555	normal	Afixo
MaxDiscipline_Jewel	3926329920	normal	Afixo
MaxFury 1 (Reckless)	1347655517	normal	Afixo
MaxFury 1 Legendary	4256923448	normal	Afixo
MaxFury 1 Two-Handed	2204296200	normal	Afixo
MaxFury 10 (Ferocious)	1522959149	normal	Afixo
MaxFury 2 (Reckless)	1347655518	normal	Afixo
MaxFury 2 Legendary	2199401593	normal	Afixo
MaxFury 2 Two-Handed	3025551721	normal	Afixo
MaxFury 3 (Reckless)	1347655519	normal	Afixo
MaxFury 3 Legendary	141879738	normal	Afixo
MaxFury 4 (Furious)	1347655520	normal	Afixo
MaxFury 4 Legendary	2379325179	normal	Afixo
MaxFury 5 (Furious)	1347655521	normal	Afixo
MaxFury 6 (Furious)	1347655522	normal	Afixo
MaxFury 8 (Raging)	1347655524	normal	Afixo
MaxFury 9 (Raging)	1347655525	normal	Afixo
MaxFury_Jewel	2349849634	normal	Afixo
MaxMana 10 (Unearthly)	1184986308	normal	Afixo
MaxMana 12 (Unearthly)	1184986310	normal	Afixo
MaxMana 13 (Unearthly)	1184986311	normal	Afixo
MaxMana 3 (Bewitching)	1597714966	normal	Afixo
MaxMana 5 (Conjuring)	1597714968	normal	Afixo
MaxMana 6 (Conjuring)	1597714969	normal	Afixo
MaxMana 7 (Mesmerizing)	1597714970	normal	Afixo
MaxMana 8 (Mesmerizing)	1597714971	normal	Afixo
MaxMana 9 (Mesmerizing)	1597714972	normal	Afixo
MaxMana_Jewel	2787375705	normal	Afixo
MaxSpirit 1	481792530	normal	Afixo
MaxSpirit 1 Legendary	3043762221	normal	Afixo
MaxSpirit 1 Two-Handed	824681373	normal	Afixo
MaxSpirit 2	481792531	normal	Afixo
MaxSpirit 2 Legendary	986240366	normal	Afixo
MaxSpirit 2 Two-Handed	1645936894	normal	Afixo
MaxSpirit 3	481792532	normal	Afixo
MaxSpirit 3 Legendary	3223685807	normal	Afixo
MaxSpirit 4	481792533	normal	Afixo
MaxSpirit 4 Legendary	1166163952	normal	Afixo
MaxSpirit 6	481792535	normal	Afixo
MagicFind I (Scouting)	1824905372	normal	Afixo
MagicFind I Secondary	1062557060	normal	Afixo
MagicFind XI (Pillaging)	92335732	normal	Afixo
MagicFind XII (Pillaging)	3047079261	normal	Afixo
MagicFind XIII (Pillaging)	1769367910	normal	Afixo
MagicFind_Jewel	708397225	normal	Afixo
MinDmg 1 (of Slaying)	867592231	normal	Afixo
MinDmg 10 (of Severing)	2860739895	normal	Afixo
MinDmg 11 (of Severing)	2860739896	normal	Afixo
MinDmg 11_104 (of Severing)	3969660940	normal	Afixo
MinDmg 12 (of Severing)	2860739897	normal	Afixo
MinDmg 12_104 (of Severing)	3970846861	normal	Afixo
MinDmg 13 (of Severing)	2860739898	normal	Afixo
MinDmg 13_104 (of Severing)	3972032782	normal	Afixo
MinDmg 14 (of Devastation)	2860739899	normal	Afixo
MinDmg 14_104 (of Devastation)	3973218703	normal	Afixo
MinDmg 15 (of Devastation)	2860739900	normal	Afixo
MinDmg 16 (of Devastation)	2860739901	normal	Afixo
MinDmg 17 (of Devastation)	2860739902	normal	Afixo
MinDmg 18 (of Devastation)	2860739903	normal	Afixo
MinDmg 2 (of Slaying)	867592232	normal	Afixo
MinDmg 3 (of Slaying)	867592233	normal	Afixo
MinDmg 4 (of Slaying)	867592234	normal	Afixo
MinDmg 5 (of Slaying)	867592235	normal	Afixo
MinDmg 6 (of Destruction)	867592236	normal	Afixo
MinDmg 7 (of Destruction)	867592237	normal	Afixo
MinDmg 8 (of Destruction)	867592238	normal	Afixo
MinDmg 9 (of Destruction)	867592239	normal	Afixo
MinMaxDmg 1 (of Wounding)	3321277965	normal	Afixo
MinMaxDmg 1 Fast	4062390491	normal	Afixo
MinMaxDmg 1 Secondary	3577769013	normal	Afixo
MinMaxDmg 1 Two-Handed	3732696248	normal	Afixo
MinMaxDmg 10 (of Malice)	2227990493	normal	Afixo
MinMaxDmg 10 Fast	1458212011	normal	Afixo
MinMaxDmg 10 Secondary	575582725	normal	Afixo
MinMaxDmg 10 Two-Handed	3444796552	normal	Afixo
MinMaxDmg 11 (of Malice)	2227990494	normal	Afixo
MinMaxDmg 11 Fast	1497347404	normal	Afixo
MinMaxDmg 11 Secondary	2813028166	normal	Afixo
MinMaxDmg 11_104 (of Malice)	4082245042	normal	Afixo
MinMaxDmg 12 Secondary	755506311	normal	Afixo
MinMaxDmg 12_104 (of Malice)	4083430963	normal	Afixo
MinMaxDmg 13 Secondary	2992951752	normal	Afixo
MinMaxDmg 13_104 (of Malice)	4084616884	normal	Afixo
MinMaxDmg 14 Secondary	935429897	normal	Afixo
MinMaxDmg 14_104 (of Death)	4085802805	normal	Afixo
MinMaxDmg 15 Secondary	3172875338	normal	Afixo
MinMaxDmg 16 Secondary	1115353483	normal	Afixo
MinMaxDmg 18 (of Death)**	2227990501	normal	Afixo
MinMaxDmg 2 (of Wounding)	3321277966	normal	Afixo
MinMaxDmg 2 Fast	4101525884	normal	Afixo
MinMaxDmg 2 Secondary	1520247158	normal	Afixo
MinMaxDmg 2 Two-Handed	258984473	normal	Afixo
MinMaxDmg 3 (of Wounding)	3321277967	normal	Afixo
MinMaxDmg 3 Fast	4140661277	normal	Afixo
MinMaxDmg 3 Secondary	3757692599	normal	Afixo
MinMaxDmg 3 Two-Handed	1080239994	normal	Afixo
MinMaxDmg 4 (of Wounding)	3321277968	normal	Afixo
MinMaxDmg 4 Fast	4179796670	normal	Afixo
MinMaxDmg 4 Secondary	1700170744	normal	Afixo
MinMaxDmg 4 Two-Handed	1901495515	normal	Afixo
MinMaxDmg 5 (of Agony)	3321277969	normal	Afixo
MinMaxDmg 5 Fast	4218932063	normal	Afixo
MinMaxDmg 5 Secondary	3937616185	normal	Afixo
MinMaxDmg 5 Two-Handed	2722751036	normal	Afixo
MinMaxDmg 6 (of Agony)	3321277970	normal	Afixo
MinMaxDmg 6 Fast	4258067456	normal	Afixo
MinMaxDmg 6 Secondary	1880094330	normal	Afixo
MinMaxDmg 6 Two-Handed	3544006557	normal	Afixo
MinMaxDmg 7 (of Agony)	3321277971	normal	Afixo
MinMaxDmg 7 Fast	2235553	normal	Afixo
MinMaxDmg 7 Two-Handed	70294782	normal	Afixo
MinMaxDmg 8 (of Agony)	3321277972	normal	Afixo
MinMaxDmg 8 Fast	41370946	normal	Afixo
MinMaxDmg 8 Secondary	2060017916	normal	Afixo
MinMaxDmg 8 Two-Handed	891550303	normal	Afixo
MinMaxDmg 9 (of Malice)	3321277973	normal	Afixo
MinMaxDmg 9 Fast	80506339	normal	Afixo
MinMaxDmg 9 Secondary	2496061	normal	Afixo
MinMaxDmg 9 Two-Handed	1712805824	normal	Afixo
PhysicalResist 0.1 Legendary	641188993	normal	Afixo
PhysicalResist 0.2 Legendary	2878634434	normal	Afixo
PhysicalResist 0.3 Legendary	821112579	normal	Afixo
PhysicalResist I (Hardened)	1670478272	normal	Afixo
PhysicalResist II (Hardened)	3586175529	normal	Afixo
PhysicalResist III (Hardened)	2379675570	normal	Afixo
PhysicalResist IV (Hardened)	3586175542	normal	Afixo
PhysicalResist V (Hermetic)	1670478285	normal	Afixo
PhysicalResist VI (Hermetic)	3586175958	normal	Afixo
PhysicalResist VII (Hermetic)	2379689727	normal	Afixo
PhysicalResist VIII (Hermetic)	1220349768	normal	Afixo
PhysicalResist X (Untouchable)	1670478287	normal	Afixo
PhysicalResist XI (Untouchable)	3586176024	normal	Afixo
PhysicalResist XII (Adamantine)	2379691905	normal	Afixo
PhysicalResist XIII (Adamantine)	1220421642	normal	Afixo
PhysicalResist_Jewel	4068006861	normal	Afixo
PoisonDamage 1 (of the Snake)	882700717	normal	Afixo
PoisonDamage 1 Fast	929345659	normal	Afixo
PoisonDamage 1 Two-Handed	1659710552	normal	Afixo
PoisonDamage 10 (of Sores)	3359319933	normal	Afixo
PoisonDamage 10 Fast	1146947659	normal	Afixo
PoisonDamage 10 Two-Handed	3755745320	normal	Afixo
PoisonDamage 11 (of Sores)	3359319934	normal	Afixo
PoisonDamage 11 Fast	1186083052	normal	Afixo
PoisonDamage 11_104 (of Sores)	949200210	normal	Afixo
PoisonDamage 12_104 (of Sores)	950386131	normal	Afixo
PoisonDamage 13_104 (of Sores)	951572052	normal	Afixo
PoisonDamage 14_104 (of Blight)	952757973	normal	Afixo
PoisonDamage 18 (of Blight)	3359319941	normal	Afixo
PoisonDamage 2 (of the Snake)	882700718	normal	Afixo
PoisonDamage 2 Fast	968481052	normal	Afixo
PoisonDamage 2 Two-Handed	2480966073	normal	Afixo
PoisonDamage 3 (of the Snake)	882700719	normal	Afixo
PoisonDamage 3 Fast	1007616445	normal	Afixo
PoisonDamage 3 Two-Handed	3302221594	normal	Afixo
PoisonDamage 4 (of the Snake)	882700720	normal	Afixo
PoisonDamage 4 Fast	1046751838	normal	Afixo
PoisonDamage 4 Two-Handed	4123477115	normal	Afixo
PoisonDamage 5 (of Lesions)	882700721	normal	Afixo
PoisonDamage 5 Fast	1085887231	normal	Afixo
PoisonDamage 5 Two-Handed	649765340	normal	Afixo
PoisonDamage 6 (of Lesions)	882700722	normal	Afixo
PoisonDamage 6 Fast	1125022624	normal	Afixo
PoisonDamage 6 Two-Handed	1471020861	normal	Afixo
PoisonDamage 7 (of Lesions)	882700723	normal	Afixo
PoisonDamage 7 Fast	1164158017	normal	Afixo
PoisonDamage 7 Two-Handed	2292276382	normal	Afixo
PoisonDamage 8 (of Lesions)	882700724	normal	Afixo
PoisonDamage 8 Fast	1203293410	normal	Afixo
PoisonDamage 8 Two-Handed	3113531903	normal	Afixo
PoisonDamage 9 (of Sores)	882700725	normal	Afixo
PoisonDamage 9 Fast	1242428803	normal	Afixo
PoisonDamage 9 Two-Handed	3934787424	normal	Afixo
PoisonResist 0.1 Legendary	2313698652	normal	Afixo
PoisonResist 0.2 Legendary	256176797	normal	Afixo
PoisonResist 0.3 Legendary	2493622238	normal	Afixo
PoisonResist I (Pure)	2174063131	normal	Afixo
PoisonResist II (Pure)	3024606692	normal	Afixo
PoisonResist III (Pure)	1027773133	normal	Afixo
PoisonResist IV (Pure)	3024606705	normal	Afixo
PoisonResist IX (Pristine)	3024606707	normal	Afixo
PoisonResist V (Untarnished)	2174063144	normal	Afixo
PoisonResist VI (Untarnished)	3024607121	normal	Afixo
PoisonResist VII (Untarnished)	1027787290	normal	Afixo
PoisonResist VIII (Untarnished)	3852209603	normal	Afixo
PoisonResist X (Pristine)	2174063146	normal	Afixo
PoisonResist XI (Pristine)	3024607187	normal	Afixo
PoisonResist XII (Immaculate)	1027789468	normal	Afixo
PoisonResist XIII (Immaculate)	3852281477	normal	Afixo
PoisonResist_Jewel	725068200	normal	Afixo
PrimaryAttribute_Dex 1 Legendary	701705508	normal	Afixo
PrimaryAttribute_Dex 1 Two-Handed Legendary	3497164815	normal	Afixo
PrimaryAttribute_Dex 10 Legendary	1668340340	normal	Afixo
PrimaryAttribute_Dex 10 Two-Handed Legendary	1880570719	normal	Afixo
PrimaryAttribute_Dex 11 Legendary	3905785781	normal	Afixo
PrimaryAttribute_Dex 11 Two-Handed Legendary	3804464640	normal	Afixo
PrimaryAttribute_Dex 12 Legendary	1848263926	normal	Afixo
PrimaryAttribute_Dex 12 Two-Handed Legendary	1433391265	normal	Afixo
PrimaryAttribute_Dex 13 Legendary	4085709367	normal	Afixo
PrimaryAttribute_Dex 13 Two-Handed Legendary	3357285186	normal	Afixo
PrimaryAttribute_Dex 14 Legendary	2028187512	normal	Afixo
PrimaryAttribute_Dex 14 Two-Handed Legendary	986211811	normal	Afixo
PrimaryAttribute_Dex 15 Legendary	4265632953	normal	Afixo
PrimaryAttribute_Dex 17 Two-Handed Legendary	2462926278	normal	Afixo
PrimaryAttribute_Dex 2 Legendary	2939150949	normal	Afixo
PrimaryAttribute_Dex 2 Two-Handed Legendary	1126091440	normal	Afixo
PrimaryAttribute_Dex 3 Legendary	881629094	normal	Afixo
PrimaryAttribute_Dex 3 Two-Handed Legendary	3049985361	normal	Afixo
PrimaryAttribute_Dex 4 Legendary	3119074535	normal	Afixo
PrimaryAttribute_Dex 4 Two-Handed Legendary	678911986	normal	Afixo
PrimaryAttribute_Dex 5 Legendary	1061552680	normal	Afixo
PrimaryAttribute_Dex 5 Two-Handed Legendary	2602805907	normal	Afixo
PrimaryAttribute_Dex 6 Legendary	3298998121	normal	Afixo
PrimaryAttribute_Dex 6 Two-Handed Legendary	231732532	normal	Afixo
PrimaryAttribute_Dex 7 Legendary	1241476266	normal	Afixo
PrimaryAttribute_Dex 7 Two-Handed Legendary	2155626453	normal	Afixo
PrimaryAttribute_Dex 8 Legendary	3478921707	normal	Afixo
PrimaryAttribute_Dex 8 Two-Handed Legendary	4079520374	normal	Afixo
PrimaryAttribute_Dex 9 Legendary	1421399852	normal	Afixo
PrimaryAttribute_Dex 9 Two-Handed Legendary	1708446999	normal	Afixo
PrimaryAttribute_Int 1 Legendary	838742670	normal	Afixo
PrimaryAttribute_Int 1 Two-Handed Legendary	2371161913	normal	Afixo
PrimaryAttribute_Int 10 Legendary	1895599390	normal	Afixo
PrimaryAttribute_Int 10 Two-Handed Legendary	3377180617	normal	Afixo
PrimaryAttribute_Int 11 Legendary	4133044831	normal	Afixo
PrimaryAttribute_Int 11 Two-Handed Legendary	1006107242	normal	Afixo
PrimaryAttribute_Int 12 Legendary	2075522976	normal	Afixo
PrimaryAttribute_Int 12 Two-Handed Legendary	2930001163	normal	Afixo
PrimaryAttribute_Int 13 Legendary	18001121	normal	Afixo
PrimaryAttribute_Int 13 Two-Handed Legendary	558927788	normal	Afixo
PrimaryAttribute_Int 14 Legendary	2255446562	normal	Afixo
PrimaryAttribute_Int 14 Two-Handed Legendary	2482821709	normal	Afixo
PrimaryAttribute_Int 15 Legendary	197924707	normal	Afixo
PrimaryAttribute_Int 15 Two-Handed Legendary	111748334	normal	Afixo
PrimaryAttribute_Int 16 Legendary	2435370148	normal	Afixo
PrimaryAttribute_Int 16 Two-Handed Legendary	2035642255	normal	Afixo
PrimaryAttribute_Int 17 Legendary	377848293	normal	Afixo
PrimaryAttribute_Int 17 Two-Handed Legendary	3959536176	normal	Afixo
PrimaryAttribute_Int 2 Legendary	3076188111	normal	Afixo
PrimaryAttribute_Int 2 Two-Handed Legendary	88538	normal	Afixo
PrimaryAttribute_Int 3 Legendary	1018666256	normal	Afixo
PrimaryAttribute_Int 3 Two-Handed Legendary	1923982459	normal	Afixo
PrimaryAttribute_Int 4 Legendary	3256111697	normal	Afixo
PrimaryAttribute_Int 4 Two-Handed Legendary	3847876380	normal	Afixo
PrimaryAttribute_Int 5 Legendary	1198589842	normal	Afixo
PrimaryAttribute_Int 5 Two-Handed Legendary	1476803005	normal	Afixo
PrimaryAttribute_Int 6 Legendary	3436035283	normal	Afixo
PrimaryAttribute_Int 6 Two-Handed Legendary	3400696926	normal	Afixo
PrimaryAttribute_Int 7 Legendary	1378513428	normal	Afixo
PrimaryAttribute_Int 7 Two-Handed Legendary	1029623551	normal	Afixo
PrimaryAttribute_Int 8 Legendary	3615958869	normal	Afixo
PrimaryAttribute_Int 8 Two-Handed Legendary	2953517472	normal	Afixo
PrimaryAttribute_Int 9 Legendary	1558437014	normal	Afixo
PrimaryAttribute_Int 9 Two-Handed Legendary	582444097	normal	Afixo
PrimaryAttribute_Str 1 Legendary	1468777180	normal	Afixo
PrimaryAttribute_Str 1 Two-Handed Legendary	3480163015	normal	Afixo
PrimaryAttribute_Str 10 Legendary	1211901740	normal	Afixo
PrimaryAttribute_Str 10 Two-Handed Legendary	1319511319	normal	Afixo
PrimaryAttribute_Str 11 Legendary	3449347181	normal	Afixo
PrimaryAttribute_Str 11 Two-Handed Legendary	3243405240	normal	Afixo
PrimaryAttribute_Str 12 Legendary	1391825326	normal	Afixo
PrimaryAttribute_Str 12 Two-Handed Legendary	872331865	normal	Afixo
PrimaryAttribute_Str 13 Legendary	3629270767	normal	Afixo
PrimaryAttribute_Str 13 Two-Handed Legendary	2796225786	normal	Afixo
PrimaryAttribute_Str 14 Legendary	1571748912	normal	Afixo
PrimaryAttribute_Str 14 Two-Handed Legendary	425152411	normal	Afixo
PrimaryAttribute_Str 15 Legendary	3809194353	normal	Afixo
PrimaryAttribute_Str 15 Two-Handed Legendary	2349046332	normal	Afixo
PrimaryAttribute_Str 16 Legendary	1751672498	normal	Afixo
PrimaryAttribute_Str 17 Two-Handed Legendary	1901866878	normal	Afixo
PrimaryAttribute_Str 2 Legendary	3706222621	normal	Afixo
PrimaryAttribute_Str 2 Two-Handed Legendary	1109089640	normal	Afixo
PrimaryAttribute_Str 3 Legendary	1648700766	normal	Afixo
PrimaryAttribute_Str 3 Two-Handed Legendary	3032983561	normal	Afixo
PrimaryAttribute_Str 4 Legendary	3886146207	normal	Afixo
PrimaryAttribute_Str 4 Two-Handed Legendary	661910186	normal	Afixo
PrimaryAttribute_Str 5 Legendary	1828624352	normal	Afixo
PrimaryAttribute_Str 5 Two-Handed Legendary	2585804107	normal	Afixo
PrimaryAttribute_Str 6 Legendary	4066069793	normal	Afixo
PrimaryAttribute_Str 6 Two-Handed Legendary	214730732	normal	Afixo
PrimaryAttribute_Str 7 Legendary	2008547938	normal	Afixo
PrimaryAttribute_Str 7 Two-Handed Legendary	2138624653	normal	Afixo
PrimaryAttribute_Str 8 Legendary	4245993379	normal	Afixo
PrimaryAttribute_Str 8 Two-Handed Legendary	4062518574	normal	Afixo
PrimaryAttribute_Str 9 Legendary	2188471524	normal	Afixo
PrimaryAttribute_Str 9 Two-Handed Legendary	1691445199	normal	Afixo
PrimaryAttribute_Vit 1 Legendary	1415423286	normal	Afixo
PrimaryAttribute_Vit 10 Legendary	3746190534	normal	Afixo
PrimaryAttribute_Vit 11 Legendary	1688668679	normal	Afixo
PrimaryAttribute_Vit 12 Legendary	3926114120	normal	Afixo
PrimaryAttribute_Vit 13 Legendary	1868592265	normal	Afixo
PrimaryAttribute_Vit 14 Legendary	4106037706	normal	Afixo
PrimaryAttribute_Vit 15 Legendary	2048515851	normal	Afixo
PrimaryAttribute_Vit 2 Legendary	3652868727	normal	Afixo
PrimaryAttribute_Vit 3 Legendary	1595346872	normal	Afixo
PrimaryAttribute_Vit 4 Legendary	3832792313	normal	Afixo
PrimaryAttribute_Vit 5 Legendary	1775270458	normal	Afixo
PrimaryAttribute_Vit 6 Legendary	4012715899	normal	Afixo
PrimaryAttribute_Vit 7 Legendary	1955194044	normal	Afixo
PrimaryAttribute_Vit 8 Legendary	4192639485	normal	Afixo
PrimaryAttribute_Vit 9 Legendary	2135117630	normal	Afixo
ProcPower_WallOfBoneOnly	57124907	normal	Afixo
ProcTest (ProcTest)	2945805780	normal	Afixo
RecognizedPrefix (of RecognizedPrefix)	3265634200	normal	Afixo
RecognizedSuffix (of RecognizedSuffix)	3386634079	normal	Afixo
ReducedLevelReq 1 (Birthright)	2508235373	normal	Afixo
ReducedLevelReq 10 (Ancestral)	1167388733	normal	Afixo
ReducedLevelReq 11 (Ancestral)	1167388734	normal	Afixo
ReducedLevelReq 12 (Legacy)	1167388735	normal	Afixo
ReducedLevelReq 2 (Birthright)	2508235374	normal	Afixo
ReducedLevelReq 3 (Birthright)	2508235375	normal	Afixo
ReducedLevelReq 4 (Birthright)	2508235376	normal	Afixo
ReducedLevelReq 5 (Dynastic)	2508235377	normal	Afixo
ReducedLevelReq 6 (Dynastic)	2508235378	normal	Afixo
ReducedLevelReq 7 (Dynastic)	2508235379	normal	Afixo
ReducedLevelReq 8 (Dynastic)	2508235380	normal	Afixo
ReducedLevelReq 9 (Ancestral)	2508235381	normal	Afixo
LifeRegen 1 (Reptilian)	3976125634	normal	Afixo
LifeRegen 1 Secondary	1499873578	normal	Afixo
LifeRegen 10 (Salubrious)	2363127090	normal	Afixo
LifeRegen 10 Secondary	724510106	normal	Afixo
LifeRegen 11 (Salubrious)	2363127091	normal	Afixo
LifeRegen 11 Secondary	2961955547	normal	Afixo
LifeRegen 12 (Salubrious)	2363127092	normal	Afixo
LifeRegen 12 Secondary	904433692	normal	Afixo
LifeRegen 13 (Undying)	2363127093	normal	Afixo
LifeRegen 14 (Undying)	2363127094	normal	Afixo
LifeRegen 14 Secondary	1084357278	normal	Afixo
LifeRegen 15 (Undying)	2363127095	normal	Afixo
LifeRegen 15 Secondary	3321802719	normal	Afixo
LifeRegen 16 Secondary	1264280864	normal	Afixo
LifeRegen 19 (Immortal)	2363127099	normal	Afixo
LifeRegen 2 (Reptilian)	3976125635	normal	Afixo
LifeRegen 2 Secondary	3737319019	normal	Afixo
LifeRegen 20 (Immortal)	2363127123	normal	Afixo
LifeRegen 21 (Immortal)	2363127124	normal	Afixo
LifeRegen 22 (Immortal)*	2363127125	normal	Afixo
LifeRegen 3 (Reptilian)	3976125636	normal	Afixo
LifeRegen 3 Secondary	1679797164	normal	Afixo
LifeRegen 4 (Reptilian)	3976125637	normal	Afixo
LifeRegen 4 Secondary	3917242605	normal	Afixo
LifeRegen 5 (Reptilian)	3976125638	normal	Afixo
LifeRegen 6 (Reptilian)	3976125639	normal	Afixo
LifeRegen 7 (Salubrious)	3976125640	normal	Afixo
LifeRegen 7 Secondary	2039644336	normal	Afixo
LifeRegen 8 (Salubrious)	3976125641	normal	Afixo
LifeRegen 8 Secondary	4277089777	normal	Afixo
LifeRegen 9 (Salubrious)	3976125642	normal	Afixo
LifeRegen 9 Secondary	2219567922	normal	Afixo
LifeRegen_Jewel	1845054471	normal	Afixo
ReducedLevelReq 1 (of the Squire)	98314649	normal	Afixo
ReducedLevelReq 11 (of Courage)	3244383466	normal	Afixo
ReducedLevelReq 12 (of Courage)	3244383467	normal	Afixo
ReducedLevelReq 13 (of Daring)	3244383468	normal	Afixo
ReducedLevelReq 14 (of Daring)	3244383469	normal	Afixo
ReducedLevelReq 15 (of Daring)	3244383470	normal	Afixo
ReducedLevelReq 16 (of Daring)	3244383471	normal	Afixo
ReducedLevelReq 17 (of Daring)	3244383472	normal	Afixo
ReducedLevelReq 18 (of Daring)	3244383473	normal	Afixo
ReducedLevelReq 19 (of Bravery)	3244383474	normal	Afixo
ReducedLevelReq 2 (of the Squire)	98314650	normal	Afixo
ReducedLevelReq 3 (of the Squire)	98314651	normal	Afixo
ReducedLevelReq 4 (of the Squire)	98314652	normal	Afixo
ReducedLevelReq 5 (of the Squire)	98314653	normal	Afixo
ReducedLevelReq 6 (of the Squire)	98314654	normal	Afixo
ReducedLevelReq 7 (of Courage)	98314655	normal	Afixo
ReducedLevelReq 8 (of Courage)	98314656	normal	Afixo
ReducedLevelReq 9 (of Courage)	98314657	normal	Afixo
ResistAll 0.1 Legendary	920663997	normal	Afixo
ResistAll 0.2 Legendary	3158109438	normal	Afixo
ResistAll 0.3 Legendary	1100587583	normal	Afixo
ResistAll I (Spectral)	1175859964	normal	Afixo
ResistAll II (Spectral)	148673253	normal	Afixo
ResistAll III (Spectral)	611250158	normal	Afixo
ResistAll IV (Spectral)	148673266	normal	Afixo
ResistAll IX (Scintillating)	148673268	normal	Afixo
ResistAll V (Chromatic)	1175859977	normal	Afixo
ResistAll VIII (Chromatic)	2991853316	normal	Afixo
ResistAll X (Scintillating)	1175859979	normal	Afixo
ResistAll XI (Scintillating)	148673748	normal	Afixo
ResistAll XII (Prismatic)	611266493	normal	Afixo
ResistAll_Jewel	2398081801	normal	Afixo
Movement Speed 1 (Quick)	98886374	normal	Afixo
Movement Speed 5 (Fleet)	98886378	normal	Afixo
Skill Barbarian AncientSpear 1 (of the Impaler)	3184971823	normal	Afixo
Skill Barbarian AncientSpear 2 (of Grappling)	3184971824	normal	Afixo
Skill Barbarian AncientSpear 3 (of Grappling)	3184971825	normal	Afixo
Skill Barbarian Bash 2 (of Bruising)	2627823601	normal	Afixo
Skill Barbarian Bash 3 (of Bruising)	2627823602	normal	Afixo
Skill Barbarian BattleRage 1 (of Rivalry)	4222390445	normal	Afixo
Skill Barbarian BattleRage 2 (of Rivalry)	4222390446	normal	Afixo
Skill Barbarian BattleRage 3 (of Rivalry)	4222390447	normal	Afixo
Skill Barbarian Cleave 2 (of Sundering)	1688648419	normal	Afixo
Skill Barbarian Cleave 3 (of Sundering)	1688648420	normal	Afixo
Skill Barbarian Earthquake 1 (of the Temblor)	2015803261	normal	Afixo
Skill Barbarian Earthquake 2 (of Tremors)	2015803262	normal	Afixo
Skill Barbarian Earthquake 3 (of Tremors)	2015803263	normal	Afixo
Skill Barbarian Frenzy 2 (of the Maniac)	4164381489	normal	Afixo
Skill Barbarian Frenzy 3 (of the Maniac)	4164381490	normal	Afixo
Skill Barbarian GroundStomp 1 (of Trampling)	504878932	normal	Afixo
Skill Barbarian GroundStomp 2 (of Trampling)	504878933	normal	Afixo
Skill Barbarian GroundStomp 3 (of Trampling)	504878934	normal	Afixo
Skill Barbarian HammeroftheAncients 2 (of Demolition)	816637528	normal	Afixo
Skill Barbarian HammeroftheAncients 3 (of Demolition)	816637529	normal	Afixo
Skill Barbarian IgnorePain 1 (of Iron Flesh)	2561977630	normal	Afixo
Skill Barbarian IgnorePain 2 (of Iron Flesh)	2561977631	normal	Afixo
Skill Barbarian IgnorePain 3 (of Iron Flesh)	2561977632	normal	Afixo
Skill Barbarian Leap 1 (of Bounding)	3023283060	normal	Afixo
Skill Barbarian Leap 2 (of Bounding)	3023283061	normal	Afixo
Skill Barbarian Leap 3 (of Bounding)	3023283062	normal	Afixo
Skill Barbarian Overpower 2 (of Conquest)	3124535164	normal	Afixo
Skill Barbarian Overpower 3 (of Conquest)	3124535165	normal	Afixo
Skill Barbarian Rend 2 (of Evisceration)	3258549532	normal	Afixo
Skill Barbarian Rend 3 (of Evisceration)	3258549533	normal	Afixo
Skill Barbarian Revenge 2 (of Vengeance)	2086668191	normal	Afixo
Skill Barbarian Revenge 3 (of Vengeance)	2086668192	normal	Afixo
Skill Barbarian SeismicSlam 2 (of Shattering)	2290483597	normal	Afixo
Skill Barbarian SeismicSlam 3 (of Shattering)	2290483598	normal	Afixo
Skill Barbarian Sprint 1 (of the Swift)	2072816882	normal	Afixo
Skill Barbarian Sprint 2 (of the Swift)	2072816883	normal	Afixo
Skill Barbarian Sprint 3 (of the Swift)	2072816884	normal	Afixo
Skill Barbarian ThreateningShout 1 (of Despair)	3388214942	normal	Afixo
Skill Barbarian ThreateningShout 2 (of Despair)	3388214943	normal	Afixo
Skill Barbarian ThreateningShout 3 (of Despair)	3388214944	normal	Afixo
Skill Barbarian WarCry 1 (of the Warlord)	2843747562	normal	Afixo
Skill Barbarian WarCry 2 (of the Warlord)	2843747563	normal	Afixo
Skill Barbarian WarCry 3 (of the Warlord)	2843747564	normal	Afixo
Skill Barbarian WeaponThrow 2 (of Hurling)	413698385	normal	Afixo
Skill Barbarian WeaponThrow 3 (of Hurling)	413698386	normal	Afixo
Skill Barbarian Whirlwind 2 (of Vertigo)	1548209291	normal	Afixo
Skill Barbarian Whirlwind 3 (of Vertigo)	1548209292	normal	Afixo
Skill Barbarian WrathoftheBerserker 1 (of Violence)	2153156083	normal	Afixo
Skill Barbarian WrathoftheBerserker 2 (of Violence)	2153156084	normal	Afixo
Skill Barbarian WrathoftheBerserker 3 (of Violence)	2153156085	normal	Afixo
Skill DemonHunter Ballista 2 (of Artillery)	1866318246	normal	Afixo
Skill DemonHunter Ballista 3 (of Artillery)	1866318247	normal	Afixo
Skill DemonHunter Bolas 2 (of the Bounty Hunter)	582219211	normal	Afixo
Skill DemonHunter Bolas 3 (of the Bounty Hunter)	582219212	normal	Afixo
Skill DemonHunter BoneArrow 2 (of the Predator)	2557727657	normal	Afixo
Skill DemonHunter BoneArrow 3 (of the Predator)	2557727658	normal	Afixo
Skill DemonHunter Caltrops 1 (of Shards)	4023279489	normal	Afixo
Skill DemonHunter Caltrops 2 (of Shards)	4023279490	normal	Afixo
Skill DemonHunter Caltrops 3 (of Shards)	4023279491	normal	Afixo
Skill DemonHunter Chakram 2 (of the Boomerang)	1725806801	normal	Afixo
Skill DemonHunter Chakram 3 (of the Boomerang)	1725806802	normal	Afixo
Skill DemonHunter ClusterArrow 2 (of Splinters)	831351047	normal	Afixo
Skill DemonHunter ClusterArrow 3 (of Splinters)	831351048	normal	Afixo
Skill DemonHunter Companion 1 (of the Trainer)	3325073469	normal	Afixo
Skill DemonHunter Companion 2 (of the Kindred)	3325073470	normal	Afixo
Skill DemonHunter Companion 3 (of the Kindred)	3325073471	normal	Afixo
Skill DemonHunter ElementalArrow 2 (of Blasting)	2373303644	normal	Afixo
Skill DemonHunter ElementalArrow 3 (of Blasting)	2373303645	normal	Afixo
Skill DemonHunter EntanglingShot 2 (of Binding)	3538491135	normal	Afixo
Skill DemonHunter EntanglingShot 3 (of Binding)	3538491136	normal	Afixo
Skill DemonHunter FanofKnives 1 (of Blades)	3424414323	normal	Afixo
Skill DemonHunter FanofKnives 2 (of Blades)	3424414324	normal	Afixo
Skill DemonHunter FanofKnives 3 (of Blades)	3424414325	normal	Afixo
Skill DemonHunter Grenades 2 (of the Grenadier)	1344085507	normal	Afixo
Skill DemonHunter Grenades 3 (of the Grenadier)	1344085508	normal	Afixo
Skill DemonHunter MarkedforDeath 1 (of Sorrow)	2418194906	normal	Afixo
Skill DemonHunter MarkedforDeath 2 (of Sorrow)	2418194907	normal	Afixo
Skill DemonHunter MarkedforDeath 3 (of Sorrow)	2418194908	normal	Afixo
Skill DemonHunter Multishot 2 (of Volleys)	3288574019	normal	Afixo
Skill DemonHunter Multishot 3 (of Volleys)	3288574020	normal	Afixo
Skill DemonHunter Preparation 1 (of the Veteran)	3643841790	normal	Afixo
Skill DemonHunter Preparation 2 (of the Veteran)	3643841791	normal	Afixo
Skill DemonHunter Preparation 3 (of the Veteran)	3643841792	normal	Afixo
Skill DemonHunter RainofArrows 1 (of Bombardment)	660078550	normal	Afixo
Skill DemonHunter RainofArrows 2 (of Bombardment)	660078551	normal	Afixo
Skill DemonHunter RainofArrows 3 (of Bombardment)	660078552	normal	Afixo
Skill DemonHunter RapidFire 2 (of Salvos)	435861552	normal	Afixo
Skill DemonHunter RapidFire 3 (of Salvos)	435861553	normal	Afixo
Skill DemonHunter SafetyShot 2 (of Suppression)	557776100	normal	Afixo
Skill DemonHunter SafetyShot 3 (of Suppression)	557776101	normal	Afixo
Skill DemonHunter Sentry 1 (of the Turret)	768508286	normal	Afixo
Skill DemonHunter Sentry 2 (of Vigilance)	768508287	normal	Afixo
Skill DemonHunter Sentry 3 (of Vigilance)	768508288	normal	Afixo
Skill DemonHunter ShadowPower 1 (of the Abyss)	199849996	normal	Afixo
Skill DemonHunter ShadowPower 2 (of the Abyss)	199849997	normal	Afixo
Skill DemonHunter ShadowPower 3 (of the Abyss)	199849998	normal	Afixo
Skill DemonHunter SmokeScreen 1 (of Mist)	1193740504	normal	Afixo
Skill DemonHunter SmokeScreen 2 (of Mist)	1193740505	normal	Afixo
Skill DemonHunter SmokeScreen 3 (of Mist)	1193740506	normal	Afixo
Skill DemonHunter SpikeTrap 2 (of Spines)	4082020237	normal	Afixo
Skill DemonHunter SpikeTrap 3 (of Spines)	4082020238	normal	Afixo
Skill DemonHunter Strafe 2 (of Prowess)	3094214687	normal	Afixo
Skill DemonHunter Strafe 3 (of Prowess)	3094214688	normal	Afixo
Skill DemonHunter Vault 1 (of Escape)	104948997	normal	Afixo
Skill DemonHunter Vault 2 (of Escape)	104948998	normal	Afixo
Skill DemonHunter Vault 3 (of Escape)	104948999	normal	Afixo
Skill Monk BlindingFlash 1 (of Illumination)	2596747866	normal	Afixo
Skill Monk BlindingFlash 2 (of Illumination)	2596747867	normal	Afixo
Skill Monk BlindingFlash 3 (of Illumination)	2596747868	normal	Afixo
Skill Monk BronzeWarriors 1 (of Brotherhood)	2804104270	normal	Afixo
Skill Monk BronzeWarriors 2 (of Brotherhood)	2804104271	normal	Afixo
Skill Monk BronzeWarriors 3 (of Brotherhood)	2804104272	normal	Afixo
Skill Monk CircleofWrath 1 (of Anguish)	163829810	normal	Afixo
Skill Monk CircleofWrath 2 (of Anguish)	163829811	normal	Afixo
Skill Monk CircleofWrath 3 (of Anguish)	163829812	normal	Afixo
Skill Monk CripplingWave 2 (of Breaking)	3857850433	normal	Afixo
Skill Monk CripplingWave 3 (of Breaking)	3857850434	normal	Afixo
Skill Monk DashingStrike 2 (of Reflex)	545499318	normal	Afixo
Skill Monk DashingStrike 3 (of Reflex)	545499319	normal	Afixo
Skill Monk DeadlyReach 2 (of Lunging)	2514972828	normal	Afixo
Skill Monk DeadlyReach 3 (of Lunging)	2514972829	normal	Afixo
Skill Monk DominateAura 1 (of Authority)	1224624415	normal	Afixo
Skill Monk DominateAura 2 (of Authority)	1224624416	normal	Afixo
Skill Monk DominateAura 3 (of Authority)	1224624417	normal	Afixo
Skill Monk ExplodingPalm 2 (of Bursting)	1103326746	normal	Afixo
Skill Monk ExplodingPalm 3 (of Bursting)	1103326747	normal	Afixo
Skill Monk FistsofThunder 2 (of the Monsoon)	3664272446	normal	Afixo
Skill Monk FistsofThunder 3 (of the Monsoon)	3664272447	normal	Afixo
Skill Monk HolyAura 1 (of Divinity)	425116330	normal	Afixo
Skill Monk HolyAura 2 (of Divinity)	425116331	normal	Afixo
Skill Monk HolyAura 3 (of Divinity)	425116332	normal	Afixo
Skill Monk InnerSanctuary 1 (of Honor)	2614881371	normal	Afixo
Skill Monk InnerSanctuary 2 (of Honor)	2614881372	normal	Afixo
Skill Monk InnerSanctuary 3 (of Honor)	2614881373	normal	Afixo
Skill Monk LashingTailKick 2 (of the Scorpion)	3736747224	normal	Afixo
Skill Monk LashingTailKick 3 (of the Scorpion)	3736747225	normal	Afixo
Skill Monk LethalDecoy 1 (of Diversion)	3501622739	normal	Afixo
Skill Monk LethalDecoy 2 (of Diversion)	3501622740	normal	Afixo
Skill Monk LethalDecoy 3 (of Diversion)	3501622741	normal	Afixo
Skill Monk MysticAlly 1 (of the Mystics)	2618187568	normal	Afixo
Skill Monk MysticAlly 2 (of Devotion)	2618187569	normal	Afixo
Skill Monk MysticAlly 3 (of Devotion)	2618187570	normal	Afixo
Skill Monk ResistAura 1 (of Chastity)	2081310792	normal	Afixo
Skill Monk ResistAura 2 (of Chastity)	2081310793	normal	Afixo
Skill Monk ResistAura 3 (of Chastity)	2081310794	normal	Afixo
Skill Monk RetributionAura 1 (of Humility)	621671717	normal	Afixo
Skill Monk RetributionAura 2 (of Humility)	621671718	normal	Afixo
Skill Monk RetributionAura 3 (of Humility)	621671719	normal	Afixo
Skill Monk Serenity 1 (of Virtue)	1550335032	normal	Afixo
Skill Monk Serenity 2 (of Virtue)	1550335033	normal	Afixo
Skill Monk Serenity 3 (of Virtue)	1550335034	normal	Afixo
Skill Monk SevenSidedStrike 1 (of Technique)	2311476737	normal	Afixo
Skill Monk SevenSidedStrike 2 (of Technique)	2311476738	normal	Afixo
Skill Monk SevenSidedStrike 3 (of Technique)	2311476739	normal	Afixo
Skill Monk SweepingWind 2 (of the Wind)	2391052058	normal	Afixo
Skill Monk SweepingWind 3 (of the Wind)	2391052059	normal	Afixo
Skill Monk WaveofLight 2 (of Radiance)	3141951334	normal	Afixo
Skill Monk WaveofLight 3 (of Radiance)	3141951335	normal	Afixo
Skill Monk WayoftheHundredFists 2 (of Pummeling)	4273836096	normal	Afixo
Skill Monk WayoftheHundredFists 3 (of Pummeling)	4273836097	normal	Afixo
Skill Witchdoctor AcidCloud 2 (of Corrosion)	58884611	normal	Afixo
Skill Witchdoctor AcidCloud 3 (of Corrosion)	58884612	normal	Afixo
Skill Witchdoctor BigBadVoodoo 1 (of Loathing)	2029551785	normal	Afixo
Skill Witchdoctor BigBadVoodoo 2 (of Loathing)	2029551786	normal	Afixo
Skill Witchdoctor BigBadVoodoo 3 (of Loathing)	2029551787	normal	Afixo
Skill Witchdoctor CorpseSpiders 2 (of the Black Widow)	3657586017	normal	Afixo
Skill Witchdoctor CorpseSpiders 3 (of the Black Widow)	3657586018	normal	Afixo
Skill Witchdoctor FetishArmy 1 (of the Mob)	1435218390	normal	Afixo
Skill Witchdoctor FetishArmy 2 (of the Mob)	1435218391	normal	Afixo
Skill Witchdoctor FetishArmy 3 (of the Mob)	1435218392	normal	Afixo
Skill Witchdoctor Firebats 2 (of the Deep)	2125575819	normal	Afixo
Skill Witchdoctor Firebats 3 (of the Deep)	2125575820	normal	Afixo
Skill Witchdoctor Firebomb 2 (of Blazing)	2141908641	normal	Afixo
Skill Witchdoctor Firebomb 3 (of Blazing)	2141908642	normal	Afixo
Skill Witchdoctor Gargantuan 1 (of the Titans)	3720099010	normal	Afixo
Skill Witchdoctor Gargantuan 2 (of the Titans)	3720099011	normal	Afixo
Skill Witchdoctor Gargantuan 3 (of the Titans)	3720099012	normal	Afixo
Skill Witchdoctor GraspoftheDead 1 (of Clutching)	3513634267	normal	Afixo
Skill Witchdoctor GraspoftheDead 2 (of Clutching)	3513634268	normal	Afixo
Skill Witchdoctor GraspoftheDead 3 (of Clutching)	3513634269	normal	Afixo
Skill Witchdoctor Haunt 2 (of the Wraith)	2342889499	normal	Afixo
Skill Witchdoctor Haunt 3 (of the Wraith)	2342889500	normal	Afixo
Skill Witchdoctor Hex 1 (of Bane)	2703905151	normal	Afixo
Skill Witchdoctor Hex 2 (of Bane)	2703905152	normal	Afixo
Skill Witchdoctor Hex 3 (of Bane)	2703905153	normal	Afixo
Skill Witchdoctor Horrify 1 (of Trauma)	420491965	normal	Afixo
Skill Witchdoctor Horrify 2 (of Trauma)	420491966	normal	Afixo
Skill Witchdoctor Horrify 3 (of Trauma)	420491967	normal	Afixo
Skill Witchdoctor LocustSwarm 2 (of Pestilence)	2844844991	normal	Afixo
Skill Witchdoctor LocustSwarm 3 (of Pestilence)	2844844992	normal	Afixo
Skill Witchdoctor MassConfusion 1 (of Upheaval)	4028583234	normal	Afixo
Skill Witchdoctor MassConfusion 2 (of Upheaval)	4028583235	normal	Afixo
Skill Witchdoctor MassConfusion 3 (of Upheaval)	4028583236	normal	Afixo
Skill Witchdoctor PlagueofToads 2 (of the Jungle)	3679646441	normal	Afixo
Skill Witchdoctor PlagueofToads 3 (of the Jungle)	3679646442	normal	Afixo
Skill Witchdoctor PoisonDart 2 (of Stinging)	4156110014	normal	Afixo
Skill Witchdoctor PoisonDart 3 (of Stinging)	4156110015	normal	Afixo
Skill Witchdoctor Sacrifice 1 (of the Martyr)	1275668419	normal	Afixo
Skill Witchdoctor Sacrifice 2 (of the Martyr)	1275668420	normal	Afixo
Skill Witchdoctor Sacrifice 3 (of the Martyr)	1275668421	normal	Afixo
Skill Witchdoctor SoulHarvest 1 (of the Reaper)	940427706	normal	Afixo
Skill Witchdoctor SoulHarvest 2 (of the Reaper)	940427707	normal	Afixo
Skill Witchdoctor SoulHarvest 3 (of the Reaper)	940427708	normal	Afixo
Skill Witchdoctor SpiritBarrage 2 (of Phantoms)	693041226	normal	Afixo
Skill Witchdoctor SpiritBarrage 3 (of Phantoms)	693041227	normal	Afixo
Skill Witchdoctor SpiritWalk 1 (of Twilight)	202675140	normal	Afixo
Skill Witchdoctor SpiritWalk 2 (of Twilight)	202675141	normal	Afixo
Skill Witchdoctor SpiritWalk 3 (of Twilight)	202675142	normal	Afixo
Skill Witchdoctor SummonZombieDog 2 (of Domination)	592817818	normal	Afixo
Skill Witchdoctor SummonZombieDog 3 (of Domination)	592817819	normal	Afixo
Skill Witchdoctor WallofZombies 2 (of the Lost)	524874809	normal	Afixo
Skill Witchdoctor WallofZombies 3 (of the Lost)	524874810	normal	Afixo
Skill Witchdoctor ZombieCharger 2 (of Blind Rage)	616659421	normal	Afixo
Skill Witchdoctor ZombieCharger 3 (of Blind Rage)	616659422	normal	Afixo
Skill Wizard ArcaneOrb 2 (of Spheres)	863749935	normal	Afixo
Skill Wizard ArcaneOrb 3 (of Spheres)	863749936	normal	Afixo
Skill Wizard ArcaneTorrent 2 (of Shooting Stars)	2714137050	normal	Afixo
Skill Wizard ArcaneTorrent 3 (of Shooting Stars)	2714137051	normal	Afixo
Skill Wizard Archon 1 (of Ascension)	1556430748	normal	Afixo
Skill Wizard Archon 2 (of Ascension)	1556430749	normal	Afixo
Skill Wizard Archon 3 (of Ascension)	1556430750	normal	Afixo
Skill Wizard Blizzard 2 (of Hail)	4165081412	normal	Afixo
Skill Wizard Blizzard 3 (of Hail)	4165081413	normal	Afixo
Skill Wizard ChargedBolt 2 (of Ruin)	1314701281	normal	Afixo
Skill Wizard ChargedBolt 3 (of Ruin)	1314701282	normal	Afixo
Skill Wizard DiamondSkin 1 (of the Prism)	3557549842	normal	Afixo
Skill Wizard DiamondSkin 2 (of the Prism)	3557549843	normal	Afixo
Skill Wizard DiamondSkin 3 (of the Prism)	3557549844	normal	Afixo
Skill Wizard Disintegrate 2 (of Entropy)	3361823749	normal	Afixo
Skill Wizard Disintegrate 3 (of Entropy)	3361823750	normal	Afixo
Skill Wizard Electrocute 2 (of Striking)	3303842849	normal	Afixo
Skill Wizard Electrocute 3 (of Striking)	3303842850	normal	Afixo
Skill Wizard EnergyArmor 1 (of Transmutation)	3685202220	normal	Afixo
Skill Wizard EnergyArmor 2 (of Transmutation)	3685202221	normal	Afixo
Skill Wizard EnergyArmor 3 (of Transmutation)	3685202222	normal	Afixo
Skill Wizard EnergyTwister 2 (of Wild Magic)	2092371742	normal	Afixo
Skill Wizard EnergyTwister 3 (of Wild Magic)	2092371743	normal	Afixo
Skill Wizard ExplosiveBlast 2 (of Detonation)	164915095	normal	Afixo
Skill Wizard ExplosiveBlast 3 (of Detonation)	164915096	normal	Afixo
Skill Wizard Familiar 1 (of Camaraderie)	2069643718	normal	Afixo
Skill Wizard Familiar 2 (of Camaraderie)	2069643719	normal	Afixo
Skill Wizard Familiar 3 (of Camaraderie)	2069643720	normal	Afixo
Skill Wizard FrostNova 1 (of Frostbite)	3282017475	normal	Afixo
Skill Wizard FrostNova 2 (of Frostbite)	3282017476	normal	Afixo
Skill Wizard FrostNova 3 (of Frostbite)	3282017477	normal	Afixo
Skill Wizard Hydra 2 (of the Myriad)	1163432570	normal	Afixo
Skill Wizard Hydra 3 (of the Myriad)	1163432571	normal	Afixo
Skill Wizard IceArmor 1 (of Frostbite)	3034795315	normal	Afixo
Skill Wizard IceArmor 2 (of Frostbite)	3034795316	normal	Afixo
Skill Wizard IceArmor 3 (of Frostbite)	3034795317	normal	Afixo
Skill Wizard MagicMissile 2 (of Evocation)	185276633	normal	Afixo
Skill Wizard MagicMissile 3 (of Evocation)	185276634	normal	Afixo
Skill Wizard MagicWeapon 1 (of Enchantment)	580952748	normal	Afixo
Skill Wizard MagicWeapon 2 (of Enchantment)	580952749	normal	Afixo
Skill Wizard MagicWeapon 3 (of Enchantment)	580952750	normal	Afixo
Skill Wizard Meteor 2 (of Comets)	2929172110	normal	Afixo
Skill Wizard Meteor 3 (of Comets)	2929172111	normal	Afixo
Skill Wizard MirrorImage 1 (of Reflection)	2968876799	normal	Afixo
Skill Wizard MirrorImage 2 (of Reflection)	2968876800	normal	Afixo
Skill Wizard MirrorImage 3 (of Reflection)	2968876801	normal	Afixo
Skill Wizard RayofFrost 2 (of Chill)	2976643537	normal	Afixo
Skill Wizard RayofFrost 3 (of Chill)	2976643538	normal	Afixo
Skill Wizard SlowTime 1 (of Time)	3525384725	normal	Afixo
Skill Wizard SlowTime 2 (of Time)	3525384726	normal	Afixo
Skill Wizard SlowTime 3 (of Time)	3525384727	normal	Afixo
Skill Wizard SpectralBlade 2 (of Slashing)	3014877944	normal	Afixo
Skill Wizard SpectralBlade 3 (of Slashing)	3014877945	normal	Afixo
Skill Wizard StormArmor 1 (of the Tempest)	4061112855	normal	Afixo
Skill Wizard StormArmor 2 (of the Tempest)	4061112856	normal	Afixo
Skill Wizard StormArmor 3 (of the Tempest)	4061112857	normal	Afixo
Skill Wizard Teleport 1 (of Blinking)	1870773808	normal	Afixo
Skill Wizard Teleport 2 (of Blinking)	1870773809	normal	Afixo
Skill Wizard Teleport 3 (of Blinking)	1870773810	normal	Afixo
Skill Wizard WaveofForce 1 (of Ill Will)	802255064	normal	Afixo
Skill Wizard WaveofForce 2 (of Ill Will)	802255065	normal	Afixo
Skill Wizard WaveofForce 3 (of Ill Will)	802255066	normal	Afixo
Skill Barbarian Bash 10 (of Bruising)	3967037342	normal	Afixo
Skill Barbarian Bash 11 (of Bruising)	3967037343	normal	Afixo
Skill Barbarian Bash 12 (of Bruising)	3967037344	normal	Afixo
Skill Barbarian CallOfTheAncients 2 (of the Summit)	1036911640	normal	Afixo
Skill Barbarian CallOfTheAncients 3 (of the Summit)	1036911641	normal	Afixo
Skill Barbarian Cleave 10 (of Sundering)	901527632	normal	Afixo
Skill Barbarian Cleave 11 (of Sundering)	901527633	normal	Afixo
Skill Barbarian Cleave 12 (of Sundering)	901527634	normal	Afixo
Skill Barbarian Frenzy 10 (of the Maniac)	996340318	normal	Afixo
Skill Barbarian Frenzy 11 (of the Maniac)	996340319	normal	Afixo
Skill Barbarian Frenzy 12 (of the Maniac)	996340320	normal	Afixo
Skill Barbarian FuriousCharge 1 (of the Rhinoceros)	845088007	normal	Afixo
Skill Barbarian FuriousCharge 2 (of the Rhinoceros)	845088008	normal	Afixo
Skill Barbarian FuriousCharge 3 (of the Rhinoceros)	845088009	normal	Afixo
Skill Barbarian HotA 10 (of Demolition)	3674740428	normal	Afixo
Skill Barbarian HotA 11 (of Demolition)	3674740429	normal	Afixo
Skill Barbarian HotA 12 (of Demolition)	3674740430	normal	Afixo
Skill Barbarian HotA 2 (of Demolition)	3234968349	normal	Afixo
Skill Barbarian HotA 2 Legendary Gavel of Judgment	2130253818	normal	Afixo
Skill Barbarian HotA 3 (of Demolition)	3234968350	normal	Afixo
Skill Barbarian HotA 4 (of Demolition)	3234968351	normal	Afixo
Skill Barbarian HotA 5 (of Demolition)	3234968352	normal	Afixo
Skill Barbarian HotA 6 (of Demolition)	3234968353	normal	Afixo
Skill Barbarian HotA 7 (of Demolition)	3234968354	normal	Afixo
Skill Barbarian Overpower 10 (of Conquest)	3479566153	normal	Afixo
Skill Barbarian Overpower 11 (of Conquest)	3479566154	normal	Afixo
Skill Barbarian Overpower 12 (of Conquest)	3479566155	normal	Afixo
Skill Barbarian Overpower 2 (of Conquest)	4270258170	normal	Afixo
Skill Barbarian Overpower 3 (of Conquest)	4270258171	normal	Afixo
Skill Barbarian Overpower 4 (of Conquest)	4270258172	normal	Afixo
Skill Barbarian Overpower 5 (of Conquest)	4270258173	normal	Afixo
Skill Barbarian Overpower 6 (of Conquest)	4270258174	normal	Afixo
Skill Barbarian Overpower 7 (of Conquest)	4270258175	normal	Afixo
Skill Barbarian Overpower 8 (of Conquest)	4270258176	normal	Afixo
Skill Barbarian Rend 10 (of Evisceration)	3306156585	normal	Afixo
Skill Barbarian Rend 11 (of Evisceration)	3306156586	normal	Afixo
Skill Barbarian Rend 12 (of Evisceration)	3306156587	normal	Afixo
Skill Barbarian Rend 2 (of Evisceration)	3614250714	normal	Afixo
Skill Barbarian Rend 3 (of Evisceration)	3614250715	normal	Afixo
Skill Barbarian Rend 4 (of Evisceration)	3614250716	normal	Afixo
Skill Barbarian Rend 5 (of Evisceration)	3614250717	normal	Afixo
Skill Barbarian Rend 6 (of Evisceration)	3614250718	normal	Afixo
Skill Barbarian Rend 7 (of Evisceration)	3614250719	normal	Afixo
Skill Barbarian Revenge 10 (of Vengeance)	3429055564	normal	Afixo
Skill Barbarian Revenge 11 (of Vengeance)	3429055565	normal	Afixo
Skill Barbarian Revenge 12 (of Vengeance)	3429055566	normal	Afixo
Skill Barbarian Revenge 2 (of Vengeance)	3097372829	normal	Afixo
Skill Barbarian Revenge 3 (of Vengeance)	3097372830	normal	Afixo
Skill Barbarian Revenge 4 (of Vengeance)	3097372831	normal	Afixo
Skill Barbarian Revenge 5 (of Vengeance)	3097372832	normal	Afixo
Skill Barbarian Revenge 6 (of Vengeance)	3097372833	normal	Afixo
Skill Barbarian Revenge 7 (of Vengeance)	3097372834	normal	Afixo
Skill Barbarian Revenge 8 (of Vengeance)	3097372835	normal	Afixo
Skill Barbarian SeismicSlam 10 (of Shattering)	567714554	normal	Afixo
Skill Barbarian SeismicSlam 11 (of Shattering)	567714555	normal	Afixo
Skill Barbarian SeismicSlam 12 (of Shattering)	567714556	normal	Afixo
Skill Barbarian SeismicSlam 2 (of Shattering)	147353995	normal	Afixo
Skill Barbarian SeismicSlam 3 (of Shattering)	147353996	normal	Afixo
Skill Barbarian SeismicSlam 4 (of Shattering)	147353997	normal	Afixo
Skill Barbarian SeismicSlam 5 (of Shattering)	147353998	normal	Afixo
Skill Barbarian SeismicSlam 6 (of Shattering)	147353999	normal	Afixo
Skill Barbarian SeismicSlam 7 (of Shattering)	147354000	normal	Afixo
Skill Barbarian SeismicSlam 8 (of Shattering)	147354001	normal	Afixo
Skill Barbarian WeaponThrow 10 (of Hurling)	3058311998	normal	Afixo
Skill Barbarian WeaponThrow 11 (of Hurling)	3058311999	normal	Afixo
Skill Barbarian WeaponThrow 12 (of Hurling)	3058312000	normal	Afixo
Skill Barbarian WeaponThrow 2 (of Hurling)	2565536079	normal	Afixo
Skill Barbarian WeaponThrow 3 (of Hurling)	2565536080	normal	Afixo
Skill Barbarian WeaponThrow 4 (of Hurling)	2565536081	normal	Afixo
Skill Barbarian WeaponThrow 5 (of Hurling)	2565536082	normal	Afixo
Skill Barbarian WeaponThrow 6 (of Hurling)	2565536083	normal	Afixo
Skill Barbarian WeaponThrow 7 (of Hurling)	2565536084	normal	Afixo
Skill Barbarian Whirlwind 10 (of Vertigo)	3000419896	normal	Afixo
Skill Barbarian Whirlwind 11 (of Vertigo)	3000419897	normal	Afixo
Skill Barbarian Whirlwind 12 (of Vertigo)	3000419898	normal	Afixo
Skill Barbarian Whirlwind 2 (of Vertigo)	2693932297	normal	Afixo
Skill Barbarian Whirlwind 3 (of Vertigo)	2693932298	normal	Afixo
Skill Barbarian Whirlwind 4 (of Vertigo)	2693932299	normal	Afixo
Skill Barbarian Whirlwind 5 (of Vertigo)	2693932300	normal	Afixo
Skill Barbarian Whirlwind 6 (of Vertigo)	2693932301	normal	Afixo
Skill Barbarian Whirlwind 7 (of Vertigo)	2693932302	normal	Afixo
Skill Barbarian Whirlwind 8 (of Vertigo)	2693932303	normal	Afixo
Skill Crusader BirdOfPrey 1 (of Falconry)	4200073853	normal	Afixo
Skill Crusader Condemn 4 Legendary	1362549513	normal	Afixo
Skill DemonHunter Bolas 10 (of the Bounty Hunter)	369370168	normal	Afixo
Skill DemonHunter Bolas 11 (of the Bounty Hunter)	369370169	normal	Afixo
Skill DemonHunter Bolas 12 (of the Bounty Hunter)	369370170	normal	Afixo
Skill DemonHunter Bolas 2 (of the Bounty Hunter)	2223751945	normal	Afixo
Skill DemonHunter Bolas 3 (of the Bounty Hunter)	2223751946	normal	Afixo
Skill DemonHunter Bolas 4 (of the Bounty Hunter)	2223751947	normal	Afixo
Skill DemonHunter Bolas 5 (of the Bounty Hunter)	2223751948	normal	Afixo
Skill DemonHunter Bolas 6 (of the Bounty Hunter)	2223751949	normal	Afixo
Skill DemonHunter Bolas 7 (of the Bounty Hunter)	2223751950	normal	Afixo
Skill DemonHunter Bolas 8 (of the Bounty Hunter)	2223751951	normal	Afixo
Skill DemonHunter Bolas 9 (of the Bounty Hunter)*	2223751952	normal	Afixo
Skill DemonHunter Chakram 10 (of the Boomerang)	1503100798	normal	Afixo
Skill DemonHunter Chakram 11 (of the Boomerang)	1503100799	normal	Afixo
Skill DemonHunter Chakram 12 (of the Boomerang)	1503100800	normal	Afixo
Skill DemonHunter Chakram 2 (of the Boomerang)	2648558991	normal	Afixo
Skill DemonHunter Chakram 3 (of the Boomerang)	2648558992	normal	Afixo
Skill DemonHunter Chakram 4 (of the Boomerang)	2648558993	normal	Afixo
Skill DemonHunter Chakram 5 (of the Boomerang)	2648558994	normal	Afixo
Skill DemonHunter Chakram 6 (of the Boomerang)	2648558995	normal	Afixo
Skill DemonHunter Chakram 7 (of the Boomerang)	2648558996	normal	Afixo
Skill DemonHunter ClusterArrow 10 (of Splinters)	2293413172	normal	Afixo
Skill DemonHunter ClusterArrow 11 (of Splinters)	2293413173	normal	Afixo
Skill DemonHunter ClusterArrow 12 (of Splinters)	2293413174	normal	Afixo
Skill DemonHunter ClusterArrow 2 (of Splinters)	720249989	normal	Afixo
Skill DemonHunter ClusterArrow 2 Legendary Manticore	4064854722	normal	Afixo
Skill DemonHunter ClusterArrow 3 (of Splinters)	720249990	normal	Afixo
Skill DemonHunter ClusterArrow 4 (of Splinters)	720249991	normal	Afixo
Skill DemonHunter ClusterArrow 5 (of Splinters)	720249992	normal	Afixo
Skill DemonHunter ClusterArrow 6 (of Splinters)	720249993	normal	Afixo
Skill DemonHunter ClusterArrow 7 (of Splinters)	720249994	normal	Afixo
Skill DemonHunter ElementalArrow 10 (of Blasting)	2690472873	normal	Afixo
Skill DemonHunter ElementalArrow 11 (of Blasting)	2690472874	normal	Afixo
Skill DemonHunter ElementalArrow 12 (of Blasting)	2690472875	normal	Afixo
Skill DemonHunter EntanglingShot 10 (of Binding)	2486954412	normal	Afixo
Skill DemonHunter EntanglingShot 11 (of Binding)	2486954413	normal	Afixo
Skill DemonHunter EntanglingShot 12 (of Binding)	2486954414	normal	Afixo
Skill DemonHunter EntanglingShot 9 (of Binding)	2808523268	normal	Afixo
Skill DemonHunter EvasiveFire 10 (of Suppression )	3833001696	normal	Afixo
Skill DemonHunter EvasiveFire 11 (of Suppression )	3833001697	normal	Afixo
Skill DemonHunter EvasiveFire 12 (of Suppression )	3833001698	normal	Afixo
Skill DemonHunter EvasiveFire 2 (of Suppression )	3239764145	normal	Afixo
Skill DemonHunter EvasiveFire 3 (of Suppression )	3239764146	normal	Afixo
Skill DemonHunter EvasiveFire 4 (of Suppression )	3239764147	normal	Afixo
Skill DemonHunter EvasiveFire 5 (of Suppression )	3239764148	normal	Afixo
Skill DemonHunter EvasiveFire 6 (of Suppression )	3239764149	normal	Afixo
Skill DemonHunter EvasiveFire 7 (of Suppression )	3239764150	normal	Afixo
Skill DemonHunter EvasiveFire 8 (of Suppression )	3239764151	normal	Afixo
Skill DemonHunter EvasiveFire 9 (of Suppression )	3239764152	normal	Afixo
Skill DemonHunter Grenades 10 (of the Grenadier)	1259936432	normal	Afixo
Skill DemonHunter Grenades 11 (of the Grenadier)	1259936433	normal	Afixo
Skill DemonHunter Grenades 12 (of the Grenadier)	1259936434	normal	Afixo
Skill DemonHunter HungeringArrow 10 (of the Predator)	397913593	normal	Afixo
Skill DemonHunter HungeringArrow 11 (of the Predator)	397913594	normal	Afixo
Skill DemonHunter HungeringArrow 12 (of the Predator)	397913595	normal	Afixo
Skill DemonHunter Impale 10 (of Razors)	1627123231	normal	Afixo
Skill DemonHunter Impale 11 (of Razors)	1627123232	normal	Afixo
Skill DemonHunter Impale 12 (of Razors)	1627123233	normal	Afixo
Skill DemonHunter Impale 2 (of Razors)	4214123536	normal	Afixo
Skill DemonHunter Impale 3 (of Razors)	4214123537	normal	Afixo
Skill DemonHunter Impale 4 (of Razors)	4214123538	normal	Afixo
Skill DemonHunter Impale 5 (of Razors)	4214123539	normal	Afixo
Skill DemonHunter Impale 6 (of Razors)	4214123540	normal	Afixo
Skill DemonHunter Impale 7 (of Razors)	4214123541	normal	Afixo
Skill DemonHunter Multishot 10 (of Volleys)	651719856	normal	Afixo
Skill DemonHunter Multishot 11 (of Volleys)	651719857	normal	Afixo
Skill DemonHunter Multishot 12 (of Volleys)	651719858	normal	Afixo
Skill DemonHunter Multishot 2 (of Volleys)	3143361665	normal	Afixo
Skill DemonHunter Multishot 3 (of Volleys)	3143361666	normal	Afixo
Skill DemonHunter Multishot 4 (of Volleys)	3143361667	normal	Afixo
Skill DemonHunter Multishot 5 (of Volleys)	3143361668	normal	Afixo
Skill DemonHunter Multishot 6 (of Volleys)	3143361669	normal	Afixo
Skill DemonHunter Multishot 7 (of Volleys)	3143361670	normal	Afixo
Skill DemonHunter Multishot 8 (of Volleys)	3143361671	normal	Afixo
Skill DemonHunter RapidFire 10 (of Salvos)	1001488957	normal	Afixo
Skill DemonHunter RapidFire 11 (of Salvos)	1001488958	normal	Afixo
Skill DemonHunter RapidFire 12 (of Salvos)	1001488959	normal	Afixo
Skill DemonHunter RapidFire 2 (of Salvos)	290649198	normal	Afixo
Skill DemonHunter RapidFire 3 (of Salvos)	290649199	normal	Afixo
Skill DemonHunter RapidFire 4 (of Salvos)	290649200	normal	Afixo
Skill DemonHunter RapidFire 5 (of Salvos)	290649201	normal	Afixo
Skill DemonHunter RapidFire 6 (of Salvos)	290649202	normal	Afixo
Skill DemonHunter RapidFire 7 (of Salvos)	290649203	normal	Afixo
Skill DemonHunter RapidFire 8 (of Salvos)	290649204	normal	Afixo
Skill DemonHunter SpikeTrap 10 (of Spines)	1065641274	normal	Afixo
Skill DemonHunter SpikeTrap 11 (of Spines)	1065641275	normal	Afixo
Skill DemonHunter SpikeTrap 12 (of Spines)	1065641276	normal	Afixo
Skill DemonHunter Strafe 10 (of Prowess)	4247589068	normal	Afixo
Skill DemonHunter Strafe 11 (of Prowess)	4247589069	normal	Afixo
Skill DemonHunter Strafe 12 (of Prowess)	4247589070	normal	Afixo
Skill DemonHunter Strafe 2 (of Prowess)	1430220061	normal	Afixo
Skill DemonHunter Strafe 3 (of Prowess)	1430220062	normal	Afixo
Skill DemonHunter Strafe 4 (of Prowess)	1430220063	normal	Afixo
Skill DemonHunter Strafe 5 (of Prowess)	1430220064	normal	Afixo
Skill DemonHunter Strafe 6 (of Prowess)	1430220065	normal	Afixo
Skill DemonHunter Strafe 7 (of Prowess)	1430220066	normal	Afixo
Skill DemonHunter Strafe 8 (of Prowess)	1430220067	normal	Afixo
Skill Monk CripplingWave 10 (of Breaking)	3875918	normal	Afixo
Skill Monk CripplingWave 11 (of Breaking)	3875919	normal	Afixo
Skill Monk CripplingWave 12 (of Breaking)	3875920	normal	Afixo
Skill Monk CycloneStrike 10 (of the Hurricane)	1989310866	normal	Afixo
Skill Monk CycloneStrike 11 (of the Hurricane)	1989310867	normal	Afixo
Skill Monk CycloneStrike 12 (of the Hurricane)	1989310868	normal	Afixo
Skill Monk CycloneStrike 2 (of the Hurricane)	60282147	normal	Afixo
Skill Monk CycloneStrike 3 (of the Hurricane)	60282148	normal	Afixo
Skill Monk CycloneStrike 4 (of the Hurricane)	60282149	normal	Afixo
Skill Monk CycloneStrike 5 (of the Hurricane)	60282150	normal	Afixo
Skill Monk CycloneStrike 6 (of the Hurricane)	60282151	normal	Afixo
Skill Monk CycloneStrike 7 (of the Hurricane)	60282152	normal	Afixo
Skill Monk DeadlyReach 10 (of Lunging)	3205361801	normal	Afixo
Skill Monk DeadlyReach 11 (of Lunging)	3205361802	normal	Afixo
Skill Monk DeadlyReach 12 (of Lunging)	3205361803	normal	Afixo
Skill Monk ExplodingPalm 10 (of Bursting)	3593874759	normal	Afixo
Skill Monk ExplodingPalm 11 (of Bursting)	3593874760	normal	Afixo
Skill Monk ExplodingPalm 12 (of Bursting)	3593874761	normal	Afixo
Skill Monk FistsofThunder 10 (of the Monsoon)	68705195	normal	Afixo
Skill Monk FistsofThunder 11 (of the Monsoon)	68705196	normal	Afixo
Skill Monk FistsofThunder 12 (of the Monsoon)	68705197	normal	Afixo
Skill Monk LashingTailKick 10 (of the Scorpion)	657802053	normal	Afixo
Skill Monk LashingTailKick 11 (of the Scorpion)	657802054	normal	Afixo
Skill Monk LashingTailKick 12 (of the Scorpion)	657802055	normal	Afixo
Skill Monk LashingTailKick 2 (of the Scorpion)	3143545974	normal	Afixo
Skill Monk LashingTailKick 3 (of the Scorpion)	3143545975	normal	Afixo
Skill Monk LashingTailKick 4 (of the Scorpion)	3143545976	normal	Afixo
Skill Monk LashingTailKick 5 (of the Scorpion)	3143545977	normal	Afixo
Skill Monk LashingTailKick 6 (of the Scorpion)	3143545978	normal	Afixo
Skill Monk LashingTailKick 7 (of the Scorpion)	3143545979	normal	Afixo
Skill Monk MysticAlly 2 Legendary Inna's Daibo	1124536073	normal	Afixo
Skill Monk SweepingWind 10 (of the Wind)	1381788295	normal	Afixo
Skill Monk SweepingWind 11 (of the Wind)	1381788296	normal	Afixo
Skill Monk SweepingWind 12 (of the Wind)	1381788297	normal	Afixo
Skill Monk TempestRush 10 (of Reflex)	413089911	normal	Afixo
Skill Monk TempestRush 11 (of Reflex)	413089912	normal	Afixo
Skill Monk TempestRush 12 (of Reflex)	413089913	normal	Afixo
Skill Monk TempestRush 2 (of Reflex)	402969448	normal	Afixo
Skill Monk TempestRush 3 (of Reflex)	402969449	normal	Afixo
Skill Monk TempestRush 4 (of Reflex)	402969450	normal	Afixo
Skill Monk TempestRush 5 (of Reflex)	402969451	normal	Afixo
Skill Monk TempestRush 6 (of Reflex)	402969452	normal	Afixo
Skill Monk TempestRush 7 (of Reflex)	402969453	normal	Afixo
Skill Monk TempestRush 8 (of Reflex)	402969454	normal	Afixo
Skill Monk WaveofLight 10 (of Radiance)	2420816019	normal	Afixo
Skill Monk WaveofLight 11 (of Radiance)	2420816020	normal	Afixo
Skill Monk WaveofLight 12 (of Radiance)	2420816021	normal	Afixo
Skill Monk WaveofLight 2 (of Radiance)	3587422212	normal	Afixo
Skill Monk WaveofLight 3 (of Radiance)	3587422213	normal	Afixo
Skill Monk WaveofLight 4 (of Radiance)	3587422214	normal	Afixo
Skill Monk WaveofLight 5 (of Radiance)	3587422215	normal	Afixo
Skill Monk WaveofLight 6 (of Radiance)	3587422216	normal	Afixo
Skill Monk WaveofLight 7 (of Radiance)	3587422217	normal	Afixo
Skill Monk WaveofLight 8 (of Radiance)	3587422218	normal	Afixo
Skill Monk Wayof100Fists 10 (of Pummeling)	3336205939	normal	Afixo
Skill Monk Wayof100Fists 11 (of Pummeling)	3336205940	normal	Afixo
Skill Monk Wayof100Fists 12 (of Pummeling)	3336205941	normal	Afixo
Skill WitchDoctor AcidCloud 10 (of Corrosion)	1446151792	normal	Afixo
Skill WitchDoctor AcidCloud 11 (of Corrosion)	1446151793	normal	Afixo
Skill WitchDoctor AcidCloud 12 (of Corrosion)	1446151794	normal	Afixo
Skill WitchDoctor AcidCloud 2 (of Corrosion)	4208639553	normal	Afixo
Skill WitchDoctor AcidCloud 3 (of Corrosion)	4208639554	normal	Afixo
Skill WitchDoctor AcidCloud 4 (of Corrosion)	4208639555	normal	Afixo
Skill WitchDoctor AcidCloud 5 (of Corrosion)	4208639556	normal	Afixo
Skill WitchDoctor AcidCloud 6 (of Corrosion)	4208639557	normal	Afixo
Skill WitchDoctor AcidCloud 7 (of Corrosion)	4208639558	normal	Afixo
Skill WitchDoctor AcidCloud 8 (of Corrosion)	4208639559	normal	Afixo
Skill WitchDoctor CorpseSpiders 10 (of the Black Widow)	4006253710	normal	Afixo
Skill WitchDoctor CorpseSpiders 11 (of the Black Widow)	4006253711	normal	Afixo
Skill WitchDoctor CorpseSpiders 12 (of the Black Widow)	4006253712	normal	Afixo
Skill WitchDoctor CorpseSpiders 2 Legendary Spider Queen's Grasp	3386424726	normal	Afixo
Skill WitchDoctor FetishArmy 2 Legendary Zunimassa's Offhand	2896052571	normal	Afixo
Skill WitchDoctor Firebats 10 (of the Deep)	1279312952	normal	Afixo
Skill WitchDoctor Firebats 11 (of the Deep)	1279312953	normal	Afixo
Skill WitchDoctor Firebats 12 (of the Deep)	1279312954	normal	Afixo
Skill WitchDoctor FireBomb 10 (of Blazing)	1818296078	normal	Afixo
Skill WitchDoctor FireBomb 11 (of Blazing)	1818296079	normal	Afixo
Skill WitchDoctor FireBomb 12 (of Blazing)	1818296080	normal	Afixo
Skill WitchDoctor FireBomb 2 (of Blazing)	2527959839	normal	Afixo
Skill WitchDoctor FireBomb 3 (of Blazing)	2527959840	normal	Afixo
Skill WitchDoctor FireBomb 4 (of Blazing)	2527959841	normal	Afixo
Skill WitchDoctor GraspOfTheDead 2 Legendary Deadly Rebirth	4202016984	normal	Afixo
Skill WitchDoctor Haunt 10 (of the Wraith)	2636914824	normal	Afixo
Skill WitchDoctor Haunt 11 (of the Wraith)	2636914825	normal	Afixo
Skill WitchDoctor Haunt 12 (of the Wraith)	2636914826	normal	Afixo
Skill WitchDoctor LocustSwarm 10 (of Pestilence)	3574470444	normal	Afixo
Skill WitchDoctor LocustSwarm 11 (of Pestilence)	3574470445	normal	Afixo
Skill WitchDoctor LocustSwarm 12 (of Pestilence)	3574470446	normal	Afixo
Skill WitchDoctor PlagueofToads 10 (of the Jungle)	439280406	normal	Afixo
Skill WitchDoctor PlagueofToads 11 (of the Jungle)	439280407	normal	Afixo
Skill WitchDoctor PlagueofToads 12 (of the Jungle)	439280408	normal	Afixo
Skill WitchDoctor PoisonDart 10 (of Stinging)	490213451	normal	Afixo
Skill WitchDoctor PoisonDart 11 (of Stinging)	490213452	normal	Afixo
Skill WitchDoctor PoisonDart 12 (of Stinging)	490213453	normal	Afixo
Skill WitchDoctor Sacrifice 2 (of Devotion)	1130456066	normal	Afixo
Skill WitchDoctor SpiritBarrage 10 (of Phantoms)	665556119	normal	Afixo
Skill WitchDoctor SpiritBarrage 11 (of Phantoms)	665556120	normal	Afixo
Skill WitchDoctor SpiritBarrage 12 (of Phantoms)	665556121	normal	Afixo
Skill WitchDoctor WallofZombies 10 (of the Lost)	3705998950	normal	Afixo
Skill WitchDoctor WallofZombies 11 (of the Lost)	3705998951	normal	Afixo
Skill WitchDoctor WallofZombies 12 (of the Lost)	3705998952	normal	Afixo
Skill WitchDoctor WallofZombies 2 (of the Lost)	1153507191	normal	Afixo
Skill WitchDoctor WallofZombies 3 (of the Lost)	1153507192	normal	Afixo
Skill WitchDoctor WallofZombies 4 (of the Lost)	1153507193	normal	Afixo
Skill WitchDoctor WallofZombies 5 (of the Lost)	1153507194	normal	Afixo
Skill WitchDoctor ZombieCharger 10 (of Blind Rage)	2439923850	normal	Afixo
Skill WitchDoctor ZombieCharger 11 (of Blind Rage)	2439923851	normal	Afixo
Skill WitchDoctor ZombieCharger 12 (of Blind Rage)	2439923852	normal	Afixo
Skill WitchDoctor ZombieDogs 10 (of Domination)	508763675	normal	Afixo
Skill WitchDoctor ZombieDogs 11 (of Domination)	508763676	normal	Afixo
Skill WitchDoctor ZombieDogs 12 (of Domination)	508763677	normal	Afixo
Skill Wizard ArcaneOrb 10 (of Spheres)	1761373628	normal	Afixo
Skill Wizard ArcaneOrb 11 (of Spheres)	1761373629	normal	Afixo
Skill Wizard ArcaneOrb 12 (of Spheres)	1761373630	normal	Afixo
Skill Wizard ArcaneOrb 2 (of Spheres)	3307138061	normal	Afixo
Skill Wizard ArcaneOrb 3 (of Spheres)	3307138062	normal	Afixo
Skill Wizard ArcaneOrb 4 (of Spheres)	3307138063	normal	Afixo
Skill Wizard ArcaneOrb 5 (of Spheres)	3307138064	normal	Afixo
Skill Wizard ArcaneOrb 6 (of Spheres)	3307138065	normal	Afixo
Skill Wizard ArcaneOrb 7 (of Spheres)	3307138066	normal	Afixo
Skill Wizard ArcaneOrb 8 (of Spheres)	3307138067	normal	Afixo
Skill Wizard ArcaneTorrent 10 (of Shooting Stars)	3920071879	normal	Afixo
Skill Wizard ArcaneTorrent 11 (of Shooting Stars)	3920071880	normal	Afixo
Skill Wizard ArcaneTorrent 12 (of Shooting Stars)	3920071881	normal	Afixo
Skill Wizard ArcaneTorrent 2 (of Shooting Stars)	3893155256	normal	Afixo
Skill Wizard ArcaneTorrent 3 (of Shooting Stars)	3893155257	normal	Afixo
Skill Wizard ArcaneTorrent 4 (of Shooting Stars)	3893155258	normal	Afixo
Skill Wizard ArcaneTorrent 5 (of Shooting Stars)	3893155259	normal	Afixo
Skill Wizard ArcaneTorrent 6 (of Shooting Stars)	3893155260	normal	Afixo
Skill Wizard ArcaneTorrent 7 (of Shooting Stars)	3893155261	normal	Afixo
Skill Wizard Blizzard 10 (of Hail)	2452121265	normal	Afixo
Skill Wizard Blizzard 11 (of Hail)	2452121266	normal	Afixo
Skill Wizard Blizzard 12 (of Hail)	2452121267	normal	Afixo
Skill Wizard Blizzard 2 (of Hail)	1636112994	normal	Afixo
Skill Wizard Blizzard 3 (of Hail)	1636112995	normal	Afixo
Skill Wizard Blizzard 4 (of Hail)	1636112996	normal	Afixo
Skill Wizard Blizzard 5 (of Hail)	1636112997	normal	Afixo
Skill Wizard Blizzard 6 (of Hail)	1636112998	normal	Afixo
Skill Wizard Blizzard 7 (of Hail)	1636112999	normal	Afixo
Skill Wizard Blizzard 8 (of Hail)	1636113000	normal	Afixo
Skill Wizard Disintegrate 10 (of Entropy)	450052242	normal	Afixo
Skill Wizard Disintegrate 11 (of Entropy)	450052243	normal	Afixo
Skill Wizard Disintegrate 12 (of Entropy)	450052244	normal	Afixo
Skill Wizard Disintegrate 2 (of Entropy)	794541091	normal	Afixo
Skill Wizard Disintegrate 3 (of Entropy)	794541092	normal	Afixo
Skill Wizard Disintegrate 4 (of Entropy)	794541093	normal	Afixo
Skill Wizard Disintegrate 5 (of Entropy)	794541094	normal	Afixo
Skill Wizard Disintegrate 6 (of Entropy)	794541095	normal	Afixo
Skill Wizard Disintegrate 7 (of Entropy)	794541096	normal	Afixo
Skill Wizard Electrocute 10 (of Striking)	3380316270	normal	Afixo
Skill Wizard Electrocute 11 (of Striking)	3380316271	normal	Afixo
Skill Wizard Electrocute 12 (of Striking)	3380316272	normal	Afixo
Skill Wizard EnergyTwister 10 (of Wild Magic)	581685899	normal	Afixo
Skill Wizard EnergyTwister 11 (of Wild Magic)	581685900	normal	Afixo
Skill Wizard EnergyTwister 12 (of Wild Magic)	581685901	normal	Afixo
Skill Wizard EnergyTwister 2 (of Wild Magic)	3271389948	normal	Afixo
Skill Wizard EnergyTwister 3 (of Wild Magic)	3271389949	normal	Afixo
Skill Wizard EnergyTwister 4 (of Wild Magic)	3271389950	normal	Afixo
Skill Wizard EnergyTwister 5 (of Wild Magic)	3271389951	normal	Afixo
Skill Wizard EnergyTwister 6 (of Wild Magic)	3271389952	normal	Afixo
Skill Wizard EnergyTwister 7 (of Wild Magic)	3271389953	normal	Afixo
Skill Wizard EnergyTwister 8 (of Wild Magic)	3271389954	normal	Afixo
Skill Wizard ExplosiveBlast 10 (of Detonation)	902835684	normal	Afixo
Skill Wizard ExplosiveBlast 11 (of Detonation)	902835685	normal	Afixo
Skill Wizard ExplosiveBlast 12 (of Detonation)	902835686	normal	Afixo
Skill Wizard ExplosiveBlast 2 (of Detonation)	417810229	normal	Afixo
Skill Wizard ExplosiveBlast 3 (of Detonation)	417810230	normal	Afixo
Skill Wizard ExplosiveBlast 4 (of Detonation)	417810231	normal	Afixo
Skill Wizard ExplosiveBlast 5 (of Detonation)	417810232	normal	Afixo
Skill Wizard ExplosiveBlast 6 (of Detonation)	417810233	normal	Afixo
Skill Wizard ExplosiveBlast 7 (of Detonation)	417810234	normal	Afixo
Skill Wizard ExplosiveBlast 8 (of Detonation)	417810235	normal	Afixo
Skill Wizard Hydra 10 (of the Myriad)	2619278183	normal	Afixo
Skill Wizard Hydra 11 (of the Myriad)	2619278184	normal	Afixo
Skill Wizard Hydra 12 (of the Myriad)	2619278185	normal	Afixo
Skill Wizard MagicMissile 10 (of Evocation)	2998179814	normal	Afixo
Skill Wizard MagicMissile 11 (of Evocation)	2998179815	normal	Afixo
Skill Wizard MagicMissile 12 (of Evocation)	2998179816	normal	Afixo
Skill Wizard Meteor 10 (of Comets)	2747516347	normal	Afixo
Skill Wizard Meteor 11 (of Comets)	2747516348	normal	Afixo
Skill Wizard Meteor 12 (of Comets)	2747516349	normal	Afixo
Skill Wizard Meteor 2 (of Comets)	1514913836	normal	Afixo
Skill Wizard Meteor 2 Legendary Tal Rasha's Offhand	1747592775	normal	Afixo
Skill Wizard Meteor 3 (of Comets)	1514913837	normal	Afixo
Skill Wizard Meteor 4 (of Comets)	1514913838	normal	Afixo
Skill Wizard Meteor 5 (of Comets)	1514913839	normal	Afixo
Skill Wizard Meteor 6 (of Comets)	1514913840	normal	Afixo
Skill Wizard Meteor 7 (of Comets)	1514913841	normal	Afixo
Skill Wizard RayofFrost 10 (of Chill)	1709901918	normal	Afixo
Skill Wizard RayofFrost 11 (of Chill)	1709901919	normal	Afixo
Skill Wizard RayofFrost 12 (of Chill)	1709901920	normal	Afixo
Skill Wizard RayofFrost 2 (of Chill)	2004073071	normal	Afixo
Skill Wizard RayofFrost 3 (of Chill)	2004073072	normal	Afixo
Skill Wizard RayofFrost 4 (of Chill)	2004073073	normal	Afixo
Skill Wizard RayofFrost 5 (of Chill)	2004073074	normal	Afixo
Skill Wizard RayofFrost 6 (of Chill)	2004073075	normal	Afixo
Skill Wizard RayofFrost 7 (of Chill)	2004073076	normal	Afixo
Skill Wizard RayofFrost 8 (of Chill)	2004073077	normal	Afixo
Skill Wizard ShockPulse 10 (of Ruin)	112936432	normal	Afixo
Skill Wizard ShockPulse 11 (of Ruin)	112936433	normal	Afixo
Skill Wizard ShockPulse 12 (of Ruin)	112936434	normal	Afixo
Skill Wizard SpectralBlade 10 (of Slashing)	959619493	normal	Afixo
Skill Wizard SpectralBlade 11 (of Slashing)	959619494	normal	Afixo
Skill Wizard SpectralBlade 12 (of Slashing)	959619495	normal	Afixo
SpiritHeals 1 (Resonant)	4195149113	normal	Afixo
SpiritHeals 1 Two-Handed	1270239332	normal	Afixo
SpiritHeals 10 (Exalted)	1000967305	normal	Afixo
SpiritHeals 12 (Exalted)	1000967307	normal	Afixo
SpiritHeals 13 (Exalted)	1000967308	normal	Afixo
SpiritHeals 14 (Exalted)	1000967309	normal	Afixo
SpiritHeals 2 (Resonant)	4195149114	normal	Afixo
SpiritHeals 2 Two-Handed	2091494853	normal	Afixo
SpiritHeals 3 (Resonant)	4195149115	normal	Afixo
SpiritHeals 3 Two-Handed	2912750374	normal	Afixo
SpiritHeals 4 (Rejuvenating)	4195149116	normal	Afixo
SpiritHeals 4 Two-Handed	3734005895	normal	Afixo
SpiritHeals 5 (Rejuvenating)	4195149117	normal	Afixo
SpiritHeals 5 Two-Handed	260294120	normal	Afixo
SpiritHeals 6 (Rejuvenating)	4195149118	normal	Afixo
SpiritHeals 6 Two-Handed	1081549641	normal	Afixo
SpiritHeals 7 (Harmonious)	4195149119	normal	Afixo
SpiritHeals 7 Two-Handed	1902805162	normal	Afixo
SpiritHeals 8 (Harmonious)	4195149120	normal	Afixo
SpiritHeals 8 Two-Handed	2724060683	normal	Afixo
SpiritHeals 9 (Harmonious)	4195149121	normal	Afixo
SpiritHeals 9 Two-Handed	3545316204	normal	Afixo
SpiritHeals_Jewel	3946100734	normal	Afixo
SpiritRegen 1 (Illuminating)	4231785437	normal	Afixo
SpiritRegen 1 Two-Handed	1117612168	normal	Afixo
SpiritRegen 10 (Enlightening)	2209965997	normal	Afixo
SpiritRegen 10 Two-Handed	3046367832	normal	Afixo
SpiritRegen 11 (Enlightening)	2209965998	normal	Afixo
SpiritRegen 12 (Enlightening)	2209965999	normal	Afixo
SpiritRegen 13 (Enlightening)	2209966000	normal	Afixo
SpiritRegen 14 (Enlightening)	2209966001	normal	Afixo
SpiritRegen 2 (Illuminating)	4231785438	normal	Afixo
SpiritRegen 2 Two-Handed	1938867689	normal	Afixo
SpiritRegen 3 (Illuminating)	4231785439	normal	Afixo
SpiritRegen 3 Two-Handed	2760123210	normal	Afixo
SpiritRegen 4 (Reborn)	4231785440	normal	Afixo
SpiritRegen 4 Two-Handed	3581378731	normal	Afixo
SpiritRegen 5 (Reborn)	4231785441	normal	Afixo
SpiritRegen 5 Two-Handed	107666956	normal	Afixo
SpiritRegen 6 (Reborn)	4231785442	normal	Afixo
SpiritRegen 6 Two-Handed	928922477	normal	Afixo
SpiritRegen 7 (Awakening)	4231785443	normal	Afixo
SpiritRegen 7 Two-Handed	1750177998	normal	Afixo
SpiritRegen 8 (Awakening)	4231785444	normal	Afixo
SpiritRegen 8 Two-Handed	2571433519	normal	Afixo
SpiritRegen 9 (Awakening)	4231785445	normal	Afixo
SpiritRegen 9 Two-Handed	3392689040	normal	Afixo
SpiritRegen_Jewel	3842928802	normal	Afixo
Str 1 (of the Lion)	100040714	normal	Afixo
Str 1 Secondary	3700989554	normal	Afixo
Str 1 Two-Handed	3504006805	normal	Afixo
Str 10 (of Invasion)	3301343610	normal	Afixo
Str 10 Secondary	346893282	normal	Afixo
Str 10 Two-Handed	193012229	normal	Afixo
Str 11 (of Invasion)	3301343611	normal	Afixo
Str 11 Secondary	2584338723	normal	Afixo
Str 11 Two-Handed	1014267750	normal	Afixo
Str 12 (of Assault)	3301343612	normal	Afixo
Str 12 Secondary	526816868	normal	Afixo
Str 12 Two-Handed	1835523271	normal	Afixo
Str 13 (of Assault)	3301343613	normal	Afixo
Str 13 Secondary	2764262309	normal	Afixo
Str 13 Two-Handed	2656778792	normal	Afixo
Str 14 (of Assault)	3301343614	normal	Afixo
Str 14 Secondary	706740454	normal	Afixo
Str 14 Two-Handed	3478034313	normal	Afixo
Str 14_Archon	3659142264	normal	Afixo
Str 15 (of Assault)	3301343615	normal	Afixo
Str 15 Secondary	2944185895	normal	Afixo
Str 16 Secondary	886664040	normal	Afixo
Str 16 Two-Handed	825578059	normal	Afixo
Str 19 (of War)	3301343619	normal	Afixo
Str 2 (of the Lion)	100040715	normal	Afixo
Str 2 Secondary	1643467699	normal	Afixo
Str 2 Two-Handed	30295030	normal	Afixo
Str 20 (of War)	3301343643	normal	Afixo
Str 3 (of the Lion)	100040716	normal	Afixo
Str 3 Secondary	3880913140	normal	Afixo
Str 3 Two-Handed	851550551	normal	Afixo
Str 4 (of the Lion)	100040717	normal	Afixo
Str 4 Secondary	1823391285	normal	Afixo
Str 4 Two-Handed	1672806072	normal	Afixo
Str 5 (of Invasion)	100040718	normal	Afixo
Str 5 Secondary	4060836726	normal	Afixo
Str 5 Two-Handed	2494061593	normal	Afixo
Str 6 (of Invasion)	100040719	normal	Afixo
Str 6 Secondary	2003314871	normal	Afixo
Str 6 Two-Handed	3315317114	normal	Afixo
Str 7 (of Invasion)	100040720	normal	Afixo
Str 7 Secondary	4240760312	normal	Afixo
Str 7 Two-Handed	4136572635	normal	Afixo
Str 8 (of Invasion)	100040721	normal	Afixo
Str 8 Secondary	2183238457	normal	Afixo
Str 8 Two-Handed	662860860	normal	Afixo
Str 9 (of Invasion)	100040722	normal	Afixo
Str 9 Secondary	125716602	normal	Afixo
Str 9 Two-Handed	1484116381	normal	Afixo
Str_Jewel	3038860111	normal	Afixo
StrDex 0.1 Legendary	1120201732	normal	Afixo
StrDex 0.1 Secondary	1435936337	normal	Afixo
StrDex 0.1 Two-Handed Legendary	1157837551	normal	Afixo
StrDex I (Cruel)	358155459	normal	Afixo
StrDex I Secondary	1005526635	normal	Afixo
StrDex I Two-Handed	453076398	normal	Afixo
StrDex II (Cruel)	3229195660	normal	Afixo
StrDex II Secondary	276301428	normal	Afixo
StrDex II Two-Handed	2158448343	normal	Afixo
StrDex III (Cruel)	3484241781	normal	Afixo
StrDex III Secondary	1981673373	normal	Afixo
StrDex III Two-Handed	2601147680	normal	Afixo
StrDex IV (Cruel)	3229195673	normal	Afixo
StrDex IV Secondary	3593288385	normal	Afixo
StrDex IV Two-Handed	4244835524	normal	Afixo
StrDex IX (Vicious)	3229195675	normal	Afixo
StrDex IX Secondary	3773211971	normal	Afixo
StrDex IX Two-Handed	1592379270	normal	Afixo
StrDex V (Severe)	358155472	normal	Afixo
StrDex V Secondary	27546296	normal	Afixo
StrDex V Two-Handed	2539463579	normal	Afixo
StrDex VI (Severe)	3229196089	normal	Afixo
StrDex VI Secondary	2362688609	normal	Afixo
StrDex VI Two-Handed	2289748580	normal	Afixo
StrDex VII (Severe)	3484255938	normal	Afixo
StrDex VII Secondary	2112973610	normal	Afixo
StrDex VII Two-Handed	2639088205	normal	Afixo
StrDex VIII (Severe)	3311296363	normal	Afixo
StrDex VIII Secondary	2462313235	normal	Afixo
StrDex VIII Two-Handed	1282393942	normal	Afixo
StrDex X (Vicious)	358155474	normal	Afixo
StrDex X Secondary	207469882	normal	Afixo
StrDex X Two-Handed	4181974621	normal	Afixo
StrDex XI (Vicious)	3229196155	normal	Afixo
StrDex XI Secondary	4005199651	normal	Afixo
StrDex XI Two-Handed	658038118	normal	Afixo
StrDex XII (Murderous)	3484258116	normal	Afixo
StrDex XII Secondary	481263148	normal	Afixo
StrDex XII Two-Handed	332250511	normal	Afixo
StrDex XIII (Murderous)	3311368237	normal	Afixo
StrDex XIV (Murderous)	3484258129	normal	Afixo
StrDex XV (Murderous)	3229196168	normal	Afixo
StrDex XVI (Murderous)	3484258545	normal	Afixo
StrDex_Jewel	54800464	normal	Afixo
StrInt 0.1 Legendary	29815790	normal	Afixo
StrInt 0.1 Secondary Legendary	976831382	normal	Afixo
StrInt 0.1 Two-Handed Legendary	3301323929	normal	Afixo
StrInt I (Dueling)	364404141	normal	Afixo
StrInt I Secondary	1142563797	normal	Afixo
StrInt I Two-Handed	680335448	normal	Afixo
StrInt II (Dueling)	3435402166	normal	Afixo
StrInt II Secondary	503560478	normal	Afixo
StrInt II Two-Handed	1068062401	normal	Afixo
StrInt III (Dueling)	1699121887	normal	Afixo
StrInt III Secondary	891287431	normal	Afixo
StrInt III Two-Handed	978149962	normal	Afixo
StrInt IV (Dueling)	3435402179	normal	Afixo
StrInt IV Secondary	3820547435	normal	Afixo
StrInt IV Two-Handed	3154449582	normal	Afixo
StrInt IX (Triumphant)	3435402181	normal	Afixo
StrInt IX Secondary	4000471021	normal	Afixo
StrInt IX Two-Handed	501993328	normal	Afixo
StrInt V (Champion)	364404154	normal	Afixo
StrInt V Secondary	164583458	normal	Afixo
StrInt V Two-Handed	2766722629	normal	Afixo
StrInt VI (Champion)	3435402595	normal	Afixo
StrInt VI Secondary	2589947659	normal	Afixo
StrInt VI Two-Handed	1199362638	normal	Afixo
StrInt VII (Champion)	1699136044	normal	Afixo
StrInt VII Secondary	1022587668	normal	Afixo
StrInt VII Two-Handed	1016090487	normal	Afixo
StrInt VIII (Champion)	236914709	normal	Afixo
StrInt VIII Secondary	839315517	normal	Afixo
StrInt VIII Two-Handed	3558044096	normal	Afixo
StrInt X (Triumphant)	364404156	normal	Afixo
StrInt X Secondary	344507044	normal	Afixo
StrInt X Two-Handed	114266375	normal	Afixo
StrInt XI (Triumphant)	3435402661	normal	Afixo
StrInt XI Secondary	4232458701	normal	Afixo
StrInt XI Two-Handed	3862619472	normal	Afixo
StrInt XII (Paragon)	1699138222	normal	Afixo
StrInt XII Secondary	3685844502	normal	Afixo
StrInt XII Two-Handed	3004220089	normal	Afixo
StrInt XIII (Paragon)	236986583	normal	Afixo
StrInt XIV (Paragon)	1699138235	normal	Afixo
StrInt XV (Paragon)	3435402674	normal	Afixo
StrInt XVI (Paragon)	1699138651	normal	Afixo
StrInt_Jewel	1679420986	normal	Afixo
StrVit 0.1 Legendary	969781398	normal	Afixo
StrVit 0.1 Two-Handed Legendary	89438273	normal	Afixo
StrVit 0.I Secondary Legendary	109624950	normal	Afixo
StrVit I (Dauntless)	379641429	normal	Afixo
StrVit I Secondary	1719244413	normal	Afixo
StrVit I Two-Handed	2530926592	normal	Afixo
StrVit II (Dauntless)	3938232670	normal	Afixo
StrVit II Secondary	2354151622	normal	Afixo
StrVit II Two-Handed	2008028009	normal	Afixo
StrVit III (Dauntless)	1112659335	normal	Afixo
StrVit III Secondary	1831253039	normal	Afixo
StrVit III Two-Handed	1932243954	normal	Afixo
StrVit IV (Dauntless)	3938232683	normal	Afixo
StrVit IV Secondary	1376171283	normal	Afixo
StrVit IV Two-Handed	4094415190	normal	Afixo
StrVit IX (Vigorous)	3938232685	normal	Afixo
StrVit IX Secondary	1556094869	normal	Afixo
StrVit IX Two-Handed	1441958936	normal	Afixo
StrVit V (Relentless)	379641442	normal	Afixo
StrVit V Secondary	741264074	normal	Afixo
StrVit V Two-Handed	322346477	normal	Afixo
StrVit VI (Relentless)	3938233099	normal	Afixo
StrVit VI Secondary	145571507	normal	Afixo
StrVit VI Two-Handed	2139328246	normal	Afixo
StrVit VII (Relentless)	1112673492	normal	Afixo
StrVit VII Secondary	1962553276	normal	Afixo
StrVit VII Two-Handed	1970184479	normal	Afixo
StrVit VIII (Relentless)	2358486973	normal	Afixo
StrVit VIII Secondary	1793409509	normal	Afixo
StrVit VIII Two-Handed	683407464	normal	Afixo
StrVit X (Vigorous)	379641444	normal	Afixo
StrVit X Secondary	921187660	normal	Afixo
StrVit X Two-Handed	1964857519	normal	Afixo
StrVit XI (Vigorous)	3938233165	normal	Afixo
StrVit XI Secondary	1788082549	normal	Afixo
StrVit XI Two-Handed	507617784	normal	Afixo
StrVit XII (Ruthless)	1112675670	normal	Afixo
StrVit XII Secondary	330842814	normal	Afixo
StrVit XII Two-Handed	3958314081	normal	Afixo
StrVit XIII (Ruthless)	2358558847	normal	Afixo
StrVit XIV (Ruthless)	1112675683	normal	Afixo
StrVit XV (Ruthless)	3938233178	normal	Afixo
StrVit XVI (Ruthless)	1112676099	normal	Afixo
StrVit_Jewel	2971828962	normal	Afixo
Superior Armor (Superior)	1117364602	normal	Afixo
Superior Armor Def 1 (Thick)	1925125114	normal	Afixo
Superior Armor Def 2 (Thick)	1925125115	normal	Afixo
Superior Armor Def 3 (Thick)	1925125116	normal	Afixo
Superior Armor Def 4 (Thick)	1925125117	normal	Afixo
Superior Armor Def 5 (Thick)	1925125118	normal	Afixo
Superior Armor Def 6 (Thick)	1925125119	normal	Afixo
Superior Weapon 1 (Fine)	2307686612	normal	Afixo
Superior Weapon Crit Dmg 1 (Solid)	1815042110	normal	Afixo
Superior Weapon Crit Dmg 2 (Solid)	1815042111	normal	Afixo
Superior Weapon Crit Dmg 3 (Solid)	1815042112	normal	Afixo
Superior Weapon MaxDmg 1 (Masterwork)	242864594	normal	Afixo
Superior Weapon MaxDmg 2 (Masterwork)	242864595	normal	Afixo
Superior Weapon MaxDmg 3 (Masterwork)	242864596	normal	Afixo
Superior Weapon MaxDmg 4 (Masterwork)	242864597	normal	Afixo
Superior Weapon MaxDmg 5 (Masterwork)	242864598	normal	Afixo
Superior Weapon MaxDmg 6 (Masterwork)	242864599	normal	Afixo
Superior Weapon MinDmg 1 (Exceptional)	1593319824	normal	Afixo
Superior Weapon MinDmg 2 (Exceptional)	1593319825	normal	Afixo
Superior Weapon MinDmg 3 (Exceptional)	1593319826	normal	Afixo
Superior Weapon MinDmg 4 (Exceptional)	1593319827	normal	Afixo
Superior Weapon MinDmg 5 (Exceptional)	1593319828	normal	Afixo
Superior Weapon MinDmg 6 (Exceptional)	1593319829	normal	Afixo
Superior Weapon Speed 2 (Balanced)	1162410726	normal	Afixo
Superior Weapon Speed 3 (Balanced)	1162410727	normal	Afixo
Superior Weapon Speed 4 (Balanced)	1162410728	normal	Afixo
Superior Weapon Speed 5 (Balanced)	1162410729	normal	Afixo
Thorns 1 (of Thorns)	1608693679	normal	Afixo
Thorns 1 Secondary	1832282199	normal	Afixo
Thorns 17 (of Razors)	1547283910	normal	Afixo
Thorns 18 (of Razors)	1547283911	normal	Afixo
Thorns 19 (of Razors)	1547283912	normal	Afixo
Thorns 2 (of Thorns)	1608693680	normal	Afixo
Thorns 2 Secondary	4069727640	normal	Afixo
Thorns 3 (of Thorns)	1608693681	normal	Afixo
Thorns 3 Secondary	2012205785	normal	Afixo
Thorns_Jewel	335205748	normal	Afixo
UnknownPrefix (of Unknown)	2581155806	normal	Afixo
UnknownSuffix (of UnknownSuffix)	2702155685	normal	Afixo
Vit 1 (of the Bear)	103205348	normal	Afixo
Vit 1 Secondary	3647635660	normal	Afixo
Vit 1 Two-Handed	1743328303	normal	Afixo
Vit 10 (of Fortitude)	3405776532	normal	Afixo
Vit 10 Secondary	2881182076	normal	Afixo
Vit 10 Two-Handed	2220163807	normal	Afixo
Vit 11 (of Valor)	3405776533	normal	Afixo
Vit 11 Secondary	823660221	normal	Afixo
Vit 11 Two-Handed	3041419328	normal	Afixo
Vit 12 (of Valor)	3405776534	normal	Afixo
Vit 12 Secondary	3061105662	normal	Afixo
Vit 12 Two-Handed	3862674849	normal	Afixo
Vit 13 (of Valor)	3405776535	normal	Afixo
Vit 13 Secondary	1003583807	normal	Afixo
Vit 13 Two-Handed	388963074	normal	Afixo
Vit 14 (of Valor)	3405776536	normal	Afixo
Vit 14 Secondary	3241029248	normal	Afixo
Vit 14 Two-Handed	1210218595	normal	Afixo
Vit 14_Archon	3095107666	normal	Afixo
Vit 15 (of Valor)	3405776537	normal	Afixo
Vit 15 Secondary	1183507393	normal	Afixo
Vit 16 Secondary	3420952834	normal	Afixo
Vit 19 (of Glory)	3405776541	normal	Afixo
Vit 2 (of the Bear)	103205349	normal	Afixo
Vit 2 Secondary	1590113805	normal	Afixo
Vit 2 Two-Handed	2564583824	normal	Afixo
Vit 20 (of Glory)	3405776565	normal	Afixo
Vit 3 (of the Bear)	103205350	normal	Afixo
Vit 3 Secondary	3827559246	normal	Afixo
Vit 3 Two-Handed	3385839345	normal	Afixo
Vit 4 (of the Bear)	103205351	normal	Afixo
Vit 4 Secondary	1770037391	normal	Afixo
Vit 4 Two-Handed	4207094866	normal	Afixo
Vit 5 (of the Bear)	103205352	normal	Afixo
Vit 5 Secondary	4007482832	normal	Afixo
Vit 5 Two-Handed	733383091	normal	Afixo
Vit 6 (of Fortitude)	103205353	normal	Afixo
Vit 6 Secondary	1949960977	normal	Afixo
Vit 6 Two-Handed	1554638612	normal	Afixo
Vit 7 (of Fortitude)	103205354	normal	Afixo
Vit 7 Secondary	4187406418	normal	Afixo
Vit 7 Two-Handed	2375894133	normal	Afixo
Vit 8 (of Fortitude)	103205355	normal	Afixo
Vit 8 Secondary	2129884563	normal	Afixo
Vit 8 Two-Handed	3197149654	normal	Afixo
Vit 9 (of Fortitude)	103205356	normal	Afixo
Vit 9 Secondary	72362708	normal	Afixo
Vit 9 Two-Handed	4018405175	normal	Afixo
Vit_Jewel	2243361321	normal	Afixo
WeaponHitBlind 1 (Dazzling)	3553569257	normal	Afixo
WeaponHitBlind 10 (Perplexing)	1303668537	normal	Afixo
WeaponHitBlind 11 (Perplexing)	1303668538	normal	Afixo
WeaponHitBlind 12 (Hypnotic)	1303668539	normal	Afixo
WeaponHitBlind 2 (Dazzling)	3553569258	normal	Afixo
WeaponHitBlind 3 (Dazzling)	3553569259	normal	Afixo
WeaponHitBlind 4 (Dazzling)	3553569260	normal	Afixo
WeaponHitBlind 5 (Bewildering)	3553569261	normal	Afixo
WeaponHitBlind 6 (Bewildering)	3553569262	normal	Afixo
WeaponHitBlind 7 (Bewildering)	3553569263	normal	Afixo
WeaponHitBlind 8 (Bewildering)	3553569264	normal	Afixo
WeaponHitBlind 9 (Perplexing)	3553569265	normal	Afixo
WeaponHitBlind1h 0.1 Legendary	652847835	normal	Afixo
WeaponHitBlind1h 1 (Dazzling)	72059106	normal	Afixo
WeaponHitBlind1h 10 (Perplexing)	2377950546	normal	Afixo
WeaponHitBlind1h 11 (Perplexing)	2377950547	normal	Afixo
WeaponHitBlind1h 2 (Dazzling)	72059107	normal	Afixo
WeaponHitBlind1h 3 (Dazzling)	72059108	normal	Afixo
WeaponHitBlind1h 4 (Dazzling)	72059109	normal	Afixo
WeaponHitBlind1h 5 (Bewildering)	72059110	normal	Afixo
WeaponHitBlind1h 6 (Bewildering)	72059111	normal	Afixo
WeaponHitBlind1h 7 (Bewildering)	72059112	normal	Afixo
WeaponHitBlind1h 8 (Bewildering)	72059113	normal	Afixo
WeaponHitBlind1h 9 (Perplexing)	72059114	normal	Afixo
WeaponHitBlind2h 0.1 Legendary	857657532	normal	Afixo
WeaponHitBlind2h 1 (Dazzling)	72095043	normal	Afixo
WeaponHitBlind2h 10 (Perplexing)	2379136467	normal	Afixo
WeaponHitBlind2h 11 (Perplexing)	2379136468	normal	Afixo
WeaponHitBlind2h 12 (Hypnotic)*	2379136469	normal	Afixo
WeaponHitBlind2h 2 (Dazzling)	72095044	normal	Afixo
WeaponHitBlind2h 3 (Dazzling)	72095045	normal	Afixo
WeaponHitBlind2h 4 (Dazzling)	72095046	normal	Afixo
WeaponHitBlind2h 5 (Bewildering)	72095047	normal	Afixo
WeaponHitBlind2h 6 (Bewildering)	72095048	normal	Afixo
WeaponHitBlind2h 7 (Bewildering)	72095049	normal	Afixo
WeaponHitBlind2h 8 (Bewildering)	72095050	normal	Afixo
WeaponHitBlind2h 9 (Perplexing)	72095051	normal	Afixo
WeaponHitChill 1 (Chilling)	393465196	normal	Afixo
WeaponHitChill 10 (Glacial)	99449628	normal	Afixo
WeaponHitChill 11 (Glacial)	99449629	normal	Afixo
WeaponHitChill 12 (Hyperborean)	99449630	normal	Afixo
WeaponHitChill 2 (Chilling)	393465197	normal	Afixo
WeaponHitChill 3 (Chilling)	393465198	normal	Afixo
WeaponHitChill 4 (Chilling)	393465199	normal	Afixo
WeaponHitChill 5 (Bleak)	393465200	normal	Afixo
WeaponHitChill 6 (Bleak)	393465201	normal	Afixo
WeaponHitChill 7 (Bleak)	393465202	normal	Afixo
WeaponHitChill 8 (Bleak)	393465203	normal	Afixo
WeaponHitChill 9 (Glacial)	393465204	normal	Afixo
WeaponHitChill1h 0.1 Legendary	33339294	normal	Afixo
WeaponHitChill1h 1 (Chilling)	3282508069	normal	Afixo
WeaponHitChill1h 10 (Glacial)	948583925	normal	Afixo
WeaponHitChill1h 11 (Glacial)	948583926	normal	Afixo
WeaponHitChill1h 2 (Chilling)	3282508070	normal	Afixo
WeaponHitChill1h 3 (Chilling)	3282508071	normal	Afixo
WeaponHitChill1h 4 (Chilling)	3282508072	normal	Afixo
WeaponHitChill1h 5 (Bleak)	3282508073	normal	Afixo
WeaponHitChill1h 6 (Bleak)	3282508074	normal	Afixo
WeaponHitChill1h 7 (Bleak)	3282508075	normal	Afixo
WeaponHitChill1h 8 (Bleak)	3282508076	normal	Afixo
WeaponHitChill1h 9 (Glacial)	3282508077	normal	Afixo
WeaponHitChill2h 0.1 Legendary	238148991	normal	Afixo
WeaponHitChill2h 1 (Chilling)	3282544006	normal	Afixo
WeaponHitChill2h 10 (Glacial)	949769846	normal	Afixo
WeaponHitChill2h 11 (Glacial)	949769847	normal	Afixo
WeaponHitChill2h 12 (Hyperborean)	949769848	normal	Afixo
WeaponHitChill2h 2 (Chilling)	3282544007	normal	Afixo
WeaponHitChill2h 3 (Chilling)	3282544008	normal	Afixo
WeaponHitChill2h 4 (Chilling)	3282544009	normal	Afixo
WeaponHitChill2h 5 (Bleak)	3282544010	normal	Afixo
WeaponHitChill2h 6 (Bleak)	3282544011	normal	Afixo
WeaponHitChill2h 7 (Bleak)	3282544012	normal	Afixo
WeaponHitChill2h 8 (Bleak)	3282544013	normal	Afixo
WeaponHitChill2h 9 (Glacial)	3282544014	normal	Afixo
WeaponHitFear 1 (of Fright)	906391294	normal	Afixo
WeaponHitFear 10 (of Horror)	4141108974	normal	Afixo
WeaponHitFear 11 (of Horror)	4141108975	normal	Afixo
WeaponHitFear 12 (of Terror)	4141108976	normal	Afixo
WeaponHitFear 2 (of Fright)	906391295	normal	Afixo
WeaponHitFear 3 (of Fright)	906391296	normal	Afixo
WeaponHitFear 4 (of Fright)	906391297	normal	Afixo
WeaponHitFear 5 (of Nightmares)	906391298	normal	Afixo
WeaponHitFear 6 (of Nightmares)	906391299	normal	Afixo
WeaponHitFear 7 (of Nightmares)	906391300	normal	Afixo
WeaponHitFear 8 (of Nightmares)	906391301	normal	Afixo
WeaponHitFear 9 (of Horror)	906391302	normal	Afixo
WeaponHitFear1h 0.1 Legendary	1121038512	normal	Afixo
WeaponHitFear1h 1 (of Fright)	3513280311	normal	Afixo
WeaponHitFear1h 10 (of Horror)	4269100615	normal	Afixo
WeaponHitFear1h 12 (of Terror)	4269100617	normal	Afixo
WeaponHitFear1h 2 (of Fright)	3513280312	normal	Afixo
WeaponHitFear1h 3 (of Fright)	3513280313	normal	Afixo
WeaponHitFear1h 4 (of Fright)	3513280314	normal	Afixo
WeaponHitFear1h 5 (of Nightmares)	3513280315	normal	Afixo
WeaponHitFear1h 6 (of Nightmares)	3513280316	normal	Afixo
WeaponHitFear1h 7 (of Nightmares)	3513280317	normal	Afixo
WeaponHitFear1h 8 (of Nightmares)	3513280318	normal	Afixo
WeaponHitFear1h 9 (of Horror)	3513280319	normal	Afixo
WeaponHitFear2h 0.1 Legendary	1325848209	normal	Afixo
WeaponHitFear2h 1 (of Fright)	3513316248	normal	Afixo
WeaponHitFear2h 10 (of Horror)	4270286536	normal	Afixo
WeaponHitFear2h 11 (of Horror)	4270286537	normal	Afixo
WeaponHitFear2h 12 (of Terror)	4270286538	normal	Afixo
WeaponHitFear2h 2 (of Fright)	3513316249	normal	Afixo
WeaponHitFear2h 3 (of Fright)	3513316250	normal	Afixo
WeaponHitFear2h 4 (of Fright)	3513316251	normal	Afixo
WeaponHitFear2h 5 (of Nightmares)	3513316252	normal	Afixo
WeaponHitFear2h 6 (of Nightmares)	3513316253	normal	Afixo
WeaponHitFear2h 7 (of Nightmares)	3513316254	normal	Afixo
WeaponHitFear2h 8 (of Nightmares)	3513316255	normal	Afixo
WeaponHitFear2h 9 (of Horror)	3513316256	normal	Afixo
WeaponHitFreeze 1 (of Ice)	3266239457	normal	Afixo
WeaponHitFreeze 10 (of the Frozen Sea)	411719729	normal	Afixo
WeaponHitFreeze 11 (of the Frozen Sea)	411719730	normal	Afixo
WeaponHitFreeze 12 (of Desolation)	411719731	normal	Afixo
WeaponHitFreeze 2 (of Ice)	3266239458	normal	Afixo
WeaponHitFreeze 3 (of Ice)	3266239459	normal	Afixo
WeaponHitFreeze 4 (of Ice)	3266239460	normal	Afixo
WeaponHitFreeze 5 (of Hail)	3266239461	normal	Afixo
WeaponHitFreeze 6 (of Hail)	3266239462	normal	Afixo
WeaponHitFreeze 7 (of Hail)	3266239463	normal	Afixo
WeaponHitFreeze 8 (of Hail)	3266239464	normal	Afixo
WeaponHitFreeze 9 (of the Frozen Sea)	3266239465	normal	Afixo
WeaponHitFreeze1h 0.1 Legendary	3223154387	normal	Afixo
WeaponHitFreeze1h 1 (of Ice)	702519514	normal	Afixo
WeaponHitFreeze1h 10 (of the Frozen Sea)	1708307530	normal	Afixo
WeaponHitFreeze1h 11 (of the Frozen Sea)	1708307531	normal	Afixo
WeaponHitFreeze1h 12 (of Desolation)	1708307532	normal	Afixo
WeaponHitFreeze1h 2 (of Ice)	702519515	normal	Afixo
WeaponHitFreeze1h 3 (of Ice)	702519516	normal	Afixo
WeaponHitFreeze1h 4 (of Ice)	702519517	normal	Afixo
WeaponHitFreeze1h 5 (of Hail)	702519518	normal	Afixo
WeaponHitFreeze1h 6 (of Hail)	702519519	normal	Afixo
WeaponHitFreeze1h 7 (of Hail)	702519520	normal	Afixo
WeaponHitFreeze1h 8 (of Hail)	702519521	normal	Afixo
WeaponHitFreeze1h 9 (of the Frozen Sea)	702519522	normal	Afixo
WeaponHitFreeze2h 0.1 Legendary	3427964084	normal	Afixo
WeaponHitFreeze2h 1 (of Ice)	702555451	normal	Afixo
WeaponHitFreeze2h 10 (of the Frozen Sea)	1709493451	normal	Afixo
WeaponHitFreeze2h 11 (of the Frozen Sea)	1709493452	normal	Afixo
WeaponHitFreeze2h 12 (of Desolation)	1709493453	normal	Afixo
WeaponHitFreeze2h 2 (of Ice)	702555452	normal	Afixo
WeaponHitFreeze2h 3 (of Ice)	702555453	normal	Afixo
WeaponHitFreeze2h 4 (of Ice)	702555454	normal	Afixo
WeaponHitFreeze2h 5 (of Hail)	702555455	normal	Afixo
WeaponHitFreeze2h 6 (of Hail)	702555456	normal	Afixo
WeaponHitFreeze2h 7 (of Hail)	702555457	normal	Afixo
WeaponHitFreeze2h 8 (of Hail)	702555458	normal	Afixo
WeaponHitFreeze2h 9 (of the Frozen Sea)	702555459	normal	Afixo
WeaponHitImmobilize 1 (of Stagnation)	1560700785	normal	Afixo
WeaponHitImmobilize 10 (of Sabotage)	4258485697	normal	Afixo
WeaponHitImmobilize 11 (of Sabotage)	4258485698	normal	Afixo
WeaponHitImmobilize 12 (of Paralysis)	4258485699	normal	Afixo
WeaponHitImmobilize 2 (of Stagnation)	1560700786	normal	Afixo
WeaponHitImmobilize 3 (of Stagnation)	1560700787	normal	Afixo
WeaponHitImmobilize 4 (of Stagnation)	1560700788	normal	Afixo
WeaponHitImmobilize 5 (of Impairment)	1560700789	normal	Afixo
WeaponHitImmobilize 6 (of Impairment)	1560700790	normal	Afixo
WeaponHitImmobilize 7 (of Impairment)	1560700791	normal	Afixo
WeaponHitImmobilize 8 (of Impairment)	1560700792	normal	Afixo
WeaponHitImmobilize 9 (of Sabotage)	1560700793	normal	Afixo
WeaponHitImmobilize1h 0.1 Legendary	3346658915	normal	Afixo
WeaponHitImmobilize1h 1 (of Stagnation)	3091744874	normal	Afixo
WeaponHitImmobilize1h 10 (of Sabotage)	3243333082	normal	Afixo
WeaponHitImmobilize1h 11 (of Sabotage)	3243333083	normal	Afixo
WeaponHitImmobilize1h 12 (of Paralysis)	3243333084	normal	Afixo
WeaponHitImmobilize1h 2 (of Stagnation)	3091744875	normal	Afixo
WeaponHitImmobilize1h 3 (of Stagnation)	3091744876	normal	Afixo
WeaponHitImmobilize1h 4 (of Stagnation)	3091744877	normal	Afixo
WeaponHitImmobilize1h 5 (of Impairment)	3091744878	normal	Afixo
WeaponHitImmobilize1h 6 (of Impairment)	3091744879	normal	Afixo
WeaponHitImmobilize1h 7 (of Impairment)	3091744880	normal	Afixo
WeaponHitImmobilize1h 8 (of Impairment)	3091744881	normal	Afixo
WeaponHitImmobilize1h 9 (of Sabotage)	3091744882	normal	Afixo
WeaponHitImmobilize2h 0.1 Legendary	3551468612	normal	Afixo
WeaponHitImmobilize2h 1 (of Stagnation)	3091780811	normal	Afixo
WeaponHitImmobilize2h 10 (of Sabotage)	3244519003	normal	Afixo
WeaponHitImmobilize2h 11 (of Sabotage)	3244519004	normal	Afixo
WeaponHitImmobilize2h 12 (of Paralysis)	3244519005	normal	Afixo
WeaponHitImmobilize2h 2 (of Stagnation)	3091780812	normal	Afixo
WeaponHitImmobilize2h 3 (of Stagnation)	3091780813	normal	Afixo
WeaponHitImmobilize2h 4 (of Stagnation)	3091780814	normal	Afixo
WeaponHitImmobilize2h 5 (of Impairment)	3091780815	normal	Afixo
WeaponHitImmobilize2h 6 (of Impairment)	3091780816	normal	Afixo
WeaponHitImmobilize2h 7 (of Impairment)	3091780817	normal	Afixo
WeaponHitImmobilize2h 8 (of Impairment)	3091780818	normal	Afixo
WeaponHitImmobilize2h 9 (of Sabotage)	3091780819	normal	Afixo
WeaponHitKnockback 1 (Battering)	512411719	normal	Afixo
WeaponHitKnockback 10 (Smashing)	4024684887	normal	Afixo
WeaponHitKnockback 11 (Smashing)	4024684888	normal	Afixo
WeaponHitKnockback 12 (Pulverizing)	4024684889	normal	Afixo
WeaponHitKnockback 2 (Battering)	512411720	normal	Afixo
WeaponHitKnockback 3 (Battering)	512411721	normal	Afixo
WeaponHitKnockback 4 (Battering)	512411722	normal	Afixo
WeaponHitKnockback 5 (Pummeling)	512411723	normal	Afixo
WeaponHitKnockback 6 (Pummeling)	512411724	normal	Afixo
WeaponHitKnockback 7 (Pummeling)	512411725	normal	Afixo
WeaponHitKnockback 8 (Pummeling)	512411726	normal	Afixo
WeaponHitKnockback 9 (Smashing)	512411727	normal	Afixo
WeaponHitKnockback1h 0.1 Legendary	651957689	normal	Afixo
WeaponHitKnockback1h 1 (Battering)	3966252736	normal	Afixo
WeaponHitKnockback1h 10 (Smashing)	2037321456	normal	Afixo
WeaponHitKnockback1h 11 (Smashing)	2037321457	normal	Afixo
WeaponHitKnockback1h 12 (Pulverizing)	2037321458	normal	Afixo
WeaponHitKnockback1h 2 (Battering)	3966252737	normal	Afixo
WeaponHitKnockback1h 3 (Battering)	3966252738	normal	Afixo
WeaponHitKnockback1h 4 (Battering)	3966252739	normal	Afixo
WeaponHitKnockback1h 5 (Pummeling)	3966252740	normal	Afixo
WeaponHitKnockback1h 6 (Pummeling)	3966252741	normal	Afixo
WeaponHitKnockback1h 7 (Pummeling)	3966252742	normal	Afixo
WeaponHitKnockback1h 8 (Pummeling)	3966252743	normal	Afixo
WeaponHitKnockback1h 9 (Smashing)	3966252744	normal	Afixo
WeaponHitKnockback2h 0.1 Legendary	856767386	normal	Afixo
WeaponHitKnockback2h 1 (Battering)	3966288673	normal	Afixo
WeaponHitKnockback2h 10 (Smashing)	2038507377	normal	Afixo
WeaponHitKnockback2h 11 (Smashing)	2038507378	normal	Afixo
WeaponHitKnockback2h 12 (Pulverizing)	2038507379	normal	Afixo
WeaponHitKnockback2h 2 (Battering)	3966288674	normal	Afixo
WeaponHitKnockback2h 3 (Battering)	3966288675	normal	Afixo
WeaponHitKnockback2h 4 (Battering)	3966288676	normal	Afixo
WeaponHitKnockback2h 5 (Pummeling)	3966288677	normal	Afixo
WeaponHitKnockback2h 6 (Pummeling)	3966288678	normal	Afixo
WeaponHitKnockback2h 7 (Pummeling)	3966288679	normal	Afixo
WeaponHitKnockback2h 8 (Pummeling)	3966288680	normal	Afixo
WeaponHitKnockback2h 9 (Smashing)	3966288681	normal	Afixo
WeaponHitSlow 1 (Crippling)	1423961413	normal	Afixo
WeaponHitSlow 10 (Persecuting)	4041053717	normal	Afixo
WeaponHitSlow 11 (Persecuting)	4041053718	normal	Afixo
WeaponHitSlow 12 (Dominating)	4041053719	normal	Afixo
WeaponHitSlow 2 (Crippling)	1423961414	normal	Afixo
WeaponHitSlow 3 (Crippling)	1423961415	normal	Afixo
WeaponHitSlow 4 (Crippling)	1423961416	normal	Afixo
WeaponHitSlow 5 (Punishing)	1423961417	normal	Afixo
WeaponHitSlow 6 (Punishing)	1423961418	normal	Afixo
WeaponHitSlow 7 (Punishing)	1423961419	normal	Afixo
WeaponHitSlow 8 (Punishing)	1423961420	normal	Afixo
WeaponHitSlow 9 (Persecuting)	1423961421	normal	Afixo
WeaponHitSlow1h 0.1 Legendary	1514086199	normal	Afixo
WeaponHitSlow1h 1 (Crippling)	211456830	normal	Afixo
WeaponHitSlow1h 10 (Persecuting)	2683108142	normal	Afixo
WeaponHitSlow1h 11 (Persecuting)	2683108143	normal	Afixo
WeaponHitSlow1h 12 (Dominating)	2683108144	normal	Afixo
WeaponHitSlow1h 2 (Crippling)	211456831	normal	Afixo
WeaponHitSlow1h 3 (Crippling)	211456832	normal	Afixo
WeaponHitSlow1h 4 (Crippling)	211456833	normal	Afixo
WeaponHitSlow1h 5 (Punishing)	211456834	normal	Afixo
WeaponHitSlow1h 6 (Punishing)	211456835	normal	Afixo
WeaponHitSlow1h 7 (Punishing)	211456836	normal	Afixo
WeaponHitSlow1h 8 (Punishing)	211456837	normal	Afixo
WeaponHitSlow1h 9 (Persecuting)	211456838	normal	Afixo
WeaponHitSlow2h 0.1 Legendary	1718895896	normal	Afixo
WeaponHitSlow2h 1 (Crippling)	211492767	normal	Afixo
WeaponHitSlow2h 10 (Persecuting)	2684294063	normal	Afixo
WeaponHitSlow2h 11 (Persecuting)	2684294064	normal	Afixo
WeaponHitSlow2h 12 (Dominating)	2684294065	normal	Afixo
WeaponHitSlow2h 2 (Crippling)	211492768	normal	Afixo
WeaponHitSlow2h 3 (Crippling)	211492769	normal	Afixo
WeaponHitSlow2h 4 (Crippling)	211492770	normal	Afixo
WeaponHitSlow2h 5 (Punishing)	211492771	normal	Afixo
WeaponHitSlow2h 6 (Punishing)	211492772	normal	Afixo
WeaponHitSlow2h 7 (Punishing)	211492773	normal	Afixo
WeaponHitSlow2h 8 (Punishing)	211492774	normal	Afixo
WeaponHitSlow2h 9 (Persecuting)	211492775	normal	Afixo
WeaponHitStun 1 (of Striking)	1433654602	normal	Afixo
WeaponHitStun 10 (of Ruin)	65961658	normal	Afixo
WeaponHitStun 11 (of Ruin)	65961659	normal	Afixo
WeaponHitStun 12 (of Staggering)	65961660	normal	Afixo
WeaponHitStun 2 (of Striking)	1433654603	normal	Afixo
WeaponHitStun 3 (of Striking)	1433654604	normal	Afixo
WeaponHitStun 4 (of Striking)	1433654605	normal	Afixo
WeaponHitStun 5 (of Bane)	1433654606	normal	Afixo
WeaponHitStun 6 (of Bane)	1433654607	normal	Afixo
WeaponHitStun 7 (of Bane)	1433654608	normal	Afixo
WeaponHitStun 8 (of Bane)	1433654609	normal	Afixo
WeaponHitStun 9 (of Ruin)	1433654610	normal	Afixo
WeaponHitStun1h 0.1 Legendary	1273900028	normal	Afixo
WeaponHitStun1h 1 (of Striking)	2177405059	normal	Afixo
WeaponHitStun1h 10 (of Ruin)	3134890259	normal	Afixo
WeaponHitStun1h 11 (of Ruin)	3134890260	normal	Afixo
WeaponHitStun1h 2 (of Striking)	2177405060	normal	Afixo
WeaponHitStun1h 3 (of Striking)	2177405061	normal	Afixo
WeaponHitStun1h 4 (of Striking)	2177405062	normal	Afixo
WeaponHitStun1h 5 (of Bane)	2177405063	normal	Afixo
WeaponHitStun1h 6 (of Bane)	2177405064	normal	Afixo
WeaponHitStun1h 7 (of Bane)	2177405065	normal	Afixo
WeaponHitStun1h 8 (of Bane)	2177405066	normal	Afixo
WeaponHitStun1h 9 (of Ruin)	2177405067	normal	Afixo
WeaponHitStun2h 0.1 Legendary	1478709725	normal	Afixo
WeaponHitStun2h 1 (of Striking)	2177440996	normal	Afixo
WeaponHitStun2h 10 (of Ruin)	3136076180	normal	Afixo
WeaponHitStun2h 11 (of Ruin)	3136076181	normal	Afixo
WeaponHitStun2h 12 (of Staggering)	3136076182	normal	Afixo
WeaponHitStun2h 2 (of Striking)	2177440997	normal	Afixo
WeaponHitStun2h 3 (of Striking)	2177440998	normal	Afixo
WeaponHitStun2h 4 (of Striking)	2177440999	normal	Afixo
WeaponHitStun2h 5 (of Bane)	2177441000	normal	Afixo
WeaponHitStun2h 6 (of Bane)	2177441001	normal	Afixo
WeaponHitStun2h 7 (of Bane)	2177441002	normal	Afixo
WeaponHitStun2h 8 (of Bane)	2177441003	normal	Afixo
WeaponHitStun2h 9 (of Ruin)	2177441004	normal	Afixo
WitchdoctorDamage 1 (of Bile)	61287551	normal	Afixo
WitchdoctorDamage 10 (of the Underworld)	2022489231	normal	Afixo
WitchdoctorDamage 11 (of the Underworld)	2022489232	normal	Afixo
WitchdoctorDamage 12 (of the Damned)	2022489233	normal	Afixo
WitchdoctorDamage 2 (of Bile)	61287552	normal	Afixo
WitchdoctorDamage 3 (of Bile)	61287553	normal	Afixo
WitchdoctorDamage 4 (of Bile)	61287554	normal	Afixo
WitchdoctorDamage 5 (of the Headhunter)	61287555	normal	Afixo
WitchdoctorDamage 6 (of the Headhunter)	61287556	normal	Afixo
WitchdoctorDamage 7 (of the Headhunter)	61287557	normal	Afixo
WitchdoctorDamage 8 (of the Headhunter)	61287558	normal	Afixo
WitchdoctorDamage 9 (of the Underworld)	61287559	normal	Afixo
WizardDamage 1 (of the Owl)	3444246182	normal	Afixo
WizardDamage 10 (of the Stars)	1990974358	normal	Afixo
WizardDamage 11 (of the Stars)	1990974359	normal	Afixo
WizardDamage 12 (of the Cosmos)	1990974360	normal	Afixo
WizardDamage 2 (of the Owl)	3444246183	normal	Afixo
WizardDamage 3 (of the Owl)	3444246184	normal	Afixo
WizardDamage 4 (of the Owl)	3444246185	normal	Afixo
WizardDamage 5 (of the Moon)	3444246186	normal	Afixo
WizardDamage 6 (of the Moon)	3444246187	normal	Afixo
WizardDamage 7 (of the Moon)	3444246188	normal	Afixo
WizardDamage 8 (of the Moon)	3444246189	normal	Afixo
WizardDamage 9 (of the Stars)	3444246190	normal	Afixo
WizSkill MagicMissile I (Opulant)	909112697	normal	Afixo
WrathHeals 1 (Dedicated)	3253546628	normal	Afixo
WrathHeals 1 Two-Handed	612586703	normal	Afixo
WrathHeals 2 (Dedicated)	3253546629	normal	Afixo
WrathHeals 2 Two-Handed	1433842224	normal	Afixo
WrathHeals 3 (Dedicated)	3253546630	normal	Afixo
WrathHeals 3 Two-Handed	2255097745	normal	Afixo
WrathHeals 4 (Dedicated)	3253546631	normal	Afixo
WrathHeals 4 Two-Handed	3076353266	normal	Afixo
WrathHeals 5 (Dedicated)	3253546632	normal	Afixo
WrathHeals 5 Two-Handed	3897608787	normal	Afixo
WrathHeals 6 (Dedicated)	3253546633	normal	Afixo
WrathHeals 6 Two-Handed	423897012	normal	Afixo
WrathHeals 7 (Dedicated)	3253546634	normal	Afixo
WrathHeals 7 Two-Handed	1245152533	normal	Afixo
WrathHeals 8 (Dedicated)	3253546635	normal	Afixo
WrathHeals 8 Two-Handed	2066408054	normal	Afixo
WrathHeals 9 (Dedicated)	3253546636	normal	Afixo
AllStats 1 (of Mastery)	40042201	normal	Afixo
AllStats 2 (of Mastery)	40042202	normal	Afixo
AllStats 3 (of Mastery)	40042203	normal	Afixo
AllStats 4 (of Excellence)	40042204	normal	Afixo
AllStats 5 (of Excellence)	40042205	normal	Afixo
AllStats 6 (of Dominance)	40042206	normal	Afixo
AllStats 7 (of Dominance)	40042207	normal	Afixo
AllStats 8 (of Perfection)	40042208	normal	Afixo
ArcaneDamage 1 (of Starlight)	125900959	normal	Afixo
ArcaneDamage 10 (of the Void)	4154731695	normal	Afixo
ArcaneDamage 11 (of the Void)	4154731696	normal	Afixo
ArcaneDamage 11_104 (of the Void)	1384117124	normal	Afixo
ArcaneDamage 12 (of the Void)	4154731697	normal	Afixo
ArcaneDamage 12_104 (of the Void)	1385303045	normal	Afixo
ArcaneDamage 13 (of the Void)	4154731698	normal	Afixo
ArcaneDamage 13_104 (of the Void)	1386488966	normal	Afixo
ArcaneDamage 14 (from Beyond)	4154731699	normal	Afixo
ArcaneDamage 14_104 (from Beyond)	1387674887	normal	Afixo
ArcaneDamage 2 (of Starlight)	125900960	normal	Afixo
ArcaneDamage 3 (of Starlight)	125900961	normal	Afixo
ArcaneDamage 4 (of Starlight)	125900962	normal	Afixo
ArcaneDamage 5 (of Starlight)	125900963	normal	Afixo
ArcaneDamage 6 (of Infinity)	125900964	normal	Afixo
ArcaneDamage 7 (of Infinity)	125900965	normal	Afixo
ArcaneDamage 8 (of Infinity)	125900966	normal	Afixo
ArcaneDamage 9 (of Infinity)	125900967	normal	Afixo
ArcanePowerOnCrit 1 (Foreboding)	3625689175	normal	Afixo
ArcanePowerOnCrit 10 (Abominable)	3683625831	normal	Afixo
ArcanePowerOnCrit 2 (Foreboding)	3625689176	normal	Afixo
ArcanePowerOnCrit 3 (Foreboding)	3625689177	normal	Afixo
ArcanePowerOnCrit 4 (Ominous)	3625689178	normal	Afixo
ArcanePowerOnCrit 5 (Ominous)	3625689179	normal	Afixo
ArcanePowerOnCrit 6 (Ominous)	3625689180	normal	Afixo
ArcanePowerOnCrit 7 (Terrifying)	3625689181	normal	Afixo
ArcanePowerOnCrit 8 (Terrifying)	3625689182	normal	Afixo
ArcanePowerOnCrit 9 (Terrifying)	3625689183	normal	Afixo
ArcaneResist I (Warding)	2608980045	normal	Afixo
ArcaneResist II (Warding)	196995670	normal	Afixo
ArcaneResist III (Warding)	2205889919	normal	Afixo
ArcaneResist IV (Warding)	196995683	normal	Afixo
ArcaneResist IX (Nullifying)	196995685	normal	Afixo
ArcaneResist V (Beguiling)	2608980058	normal	Afixo
ArcaneResist VI (Beguiling)	196996099	normal	Afixo
ArcaneResist VII (Beguiling)	2205904076	normal	Afixo
ArcaneResist VIII (Beguiling)	4075357877	normal	Afixo
ArcaneResist X (Nullifying)	2608980060	normal	Afixo
ArcaneResist XI (Nullifying)	196996165	normal	Afixo
ArcaneResist XII (Eclipsing)	2205906254	normal	Afixo
BarbSkill Cleave I (Unrelenting)	3914087247	normal	Afixo
BindOnEquip (Tradable)	1971195390	normal	Afixo
Bleed 1 (Bloody)	2064982189	normal	Afixo
Bleed 10 (Grisly)	3719902845	normal	Afixo
Bleed 11 (Grisly)	3719902846	normal	Afixo
Bleed 12 (Exsanguinating)	3719902847	normal	Afixo
Bleed 2 (Bloody)	2064982190	normal	Afixo
Bleed 3 (Bloody)	2064982191	normal	Afixo
Bleed 4 (Bloody)	2064982192	normal	Afixo
Bleed 5 (Wounding)	2064982193	normal	Afixo
Bleed 6 (Wounding)	2064982194	normal	Afixo
Bleed 7 (Wounding)	2064982195	normal	Afixo
Bleed 8 (Wounding)	2064982196	normal	Afixo
Bleed 9 (Grisly)	2064982197	normal	Afixo
Block 1 (of the Tortoise)	2076777148	normal	Afixo
Block 2 (of the Tortoise)	2076777149	normal	Afixo
Block 3 (of Deflection)	2076777150	normal	Afixo
Block 4 (of Deflection)	2076777151	normal	Afixo
Block 5 (of Deflection)	2076777152	normal	Afixo
Block 6 (of Interception)	2076777153	normal	Afixo
Block 7 (of Interception)	2076777154	normal	Afixo
Block 8 (of Interception)	2076777155	normal	Afixo
Block 9 (of Invulnerability)	2076777156	normal	Afixo
Cast 1 (of the Oracle)	3993698428	normal	Afixo
Cast 10 (of Prophecy)	2943029292	normal	Afixo
Cast 2 (of the Oracle)	3993698429	normal	Afixo
Cast 3 (of the Oracle)	3993698430	normal	Afixo
Cast 4 (of Brilliance)	3993698431	normal	Afixo
Cast 5 (of Brilliance)	3993698432	normal	Afixo
Cast 6 (of Brilliance)	3993698433	normal	Afixo
Cast 7 (of Moonlight)	3993698434	normal	Afixo
Cast 8 (of Moonlight)	3993698435	normal	Afixo
Cast 9 (of Moonlight)	3993698436	normal	Afixo
CCReduction 1 (Defiant)	4044020836	normal	Afixo
CCReduction 10 (of Impunity)	308701460	normal	Afixo
CCReduction 2 (Defiant)	4044020837	normal	Afixo
CCReduction 3 (Defiant)	4044020838	normal	Afixo
CCReduction 4 (Rebellious)	4044020839	normal	Afixo
CCReduction 5 (Rebellious)	4044020840	normal	Afixo
CCReduction 6 (Rebellious)	4044020841	normal	Afixo
CCReduction 7 (Brazen)	4044020842	normal	Afixo
CCReduction 8 (Brazen)	4044020843	normal	Afixo
CCReduction 9 (Undaunted)	4044020844	normal	Afixo
Charged Bolt Cast I (of Charged Bolt Cast (example))	4043652147	normal	Afixo
ColdDamage 1 (of Winter)	3482121847	normal	Afixo
ColdDamage 10 (of Frost)	3240871303	normal	Afixo
ColdDamage 11 (of Frost)	3240871304	normal	Afixo
ColdDamage 11_104 (of Frost)	1431844956	normal	Afixo
ColdDamage 12 (of Frost)	3240871305	normal	Afixo
ColdDamage 12_104 (of Frost)	1433030877	normal	Afixo
ColdDamage 13 (of Frost)	3240871306	normal	Afixo
ColdDamage 13_104 (of Frost)	1434216798	normal	Afixo
ColdDamage 14 (of the Avalanche)	3240871307	normal	Afixo
ColdDamage 14_104 (of the Avalanche)	1435402719	normal	Afixo
ColdDamage 2 (of Winter)	3482121848	normal	Afixo
ColdDamage 3 (of Winter)	3482121849	normal	Afixo
ColdDamage 4 (of Winter)	3482121850	normal	Afixo
ColdDamage 5 (of Winter)	3482121851	normal	Afixo
ColdDamage 6 (of Shivers)	3482121852	normal	Afixo
ColdDamage 7 (of Shivers)	3482121853	normal	Afixo
ColdDamage 8 (of Shivers)	3482121854	normal	Afixo
ColdDamage 9 (of Shivers)	3482121855	normal	Afixo
ColdResist I (Nomadic)	2656707877	normal	Afixo
ColdResist II (Nomadic)	1772014126	normal	Afixo
ColdResist III (Nomadic)	2641891415	normal	Afixo
ColdResist IV (Nomadic)	1772014139	normal	Afixo
ColdResist IX (Thawing)	1772014141	normal	Afixo
ColdResist V (Sheltering)	2656707890	normal	Afixo
ColdResist VI (Sheltering)	1772014555	normal	Afixo
ColdResist VII (Sheltering)	2641905572	normal	Afixo
ColdResist VIII (Sheltering)	1283538061	normal	Afixo
ColdResist X (Thawing)	2656707892	normal	Afixo
ColdResist XI (Thawing)	1772014621	normal	Afixo
ColdResist XII (Hearthfire)	2641907750	normal	Afixo
CriticalChance I (Iron)	2471587798	normal	Afixo
CriticalChance II (Iron)	4252986111	normal	Afixo
CriticalChance III (Iron)	2909588296	normal	Afixo
CriticalChance IV (Sawtooth)	4252986124	normal	Afixo
CriticalChance IX (Flaying)	4252986126	normal	Afixo
CriticalChance V (Sawtooth)	2471587811	normal	Afixo
CriticalChance VI (Sawtooth)	4252986540	normal	Afixo
CriticalChance VII (Lacerating)	2909602453	normal	Afixo
CriticalChance VIII (Lacerating)	1527600542	normal	Afixo
CriticalDamage I (Brutal)	3038206296	normal	Afixo
CriticalDamage II (Brutal)	1476560065	normal	Afixo
CriticalDamage III (Brutal)	1481841994	normal	Afixo
CriticalDamage IV (Wicked)	1476560078	normal	Afixo
CriticalDamage IX (Deadly)	1476560080	normal	Afixo
CriticalDamage V (Wicked)	3038206309	normal	Afixo
CriticalDamage VI (Wicked)	1476560494	normal	Afixo
CriticalDamage VII (Deadly)	1481856151	normal	Afixo
CriticalDamage VIII (Deadly)	1656612832	normal	Afixo
CriticalDamage X (Merciless)	3038206311	normal	Afixo
Damage I (Ferocious)	2044719016	normal	Afixo
Damage II (Ferocious)	3051218193	normal	Afixo
Damage III (Ferocious)	1905952666	normal	Afixo
Damage IV (Savage)	3051218206	normal	Afixo
Damage IX (Malevolent)	3051218208	normal	Afixo
Damage V (Savage)	2044719029	normal	Afixo
Damage VI (Savage)	3051218622	normal	Afixo
Damage VII (Grim)	1905966823	normal	Afixo
Damage VIII (Grim)	2767363120	normal	Afixo
DamageReductionArcane 1 (Violet)	3388438439	normal	Afixo
DamageReductionArcane 10 (Quartz)	149318839	normal	Afixo
DamageReductionArcane 11 (Opalite)	149318840	normal	Afixo
DamageReductionArcane 12 (Tanzanite)	149318841	normal	Afixo
DamageReductionArcane 2 (Violet)	3388438440	normal	Afixo
DamageReductionArcane 3 (Violet)	3388438441	normal	Afixo
DamageReductionArcane 4 (Violet)	3388438442	normal	Afixo
DamageReductionArcane 5 (Violet)	3388438443	normal	Afixo
DamageReductionArcane 6 (Violet)	3388438444	normal	Afixo
DamageReductionArcane 7 (Violet)	3388438445	normal	Afixo
DamageReductionArcane 8 (Violet)	3388438446	normal	Afixo
DamageReductionArcane 9 (Quartz)	3388438447	normal	Afixo
DamageReductionCold 1 (Azure)	2251267967	normal	Afixo
DamageReductionCold 10 (Lapis)	1277398927	normal	Afixo
DamageReductionCold 11 (Cobalt)	1277398928	normal	Afixo
DamageReductionCold 12 (Sapphire)	1277398929	normal	Afixo
DamageReductionCold 2 (Azure)	2251267968	normal	Afixo
DamageReductionCold 3 (Azure)	2251267969	normal	Afixo
DamageReductionCold 4 (Azure)	2251267970	normal	Afixo
DamageReductionCold 5 (Azure)	2251267971	normal	Afixo
DamageReductionCold 6 (Azure)	2251267972	normal	Afixo
DamageReductionCold 7 (Azure)	2251267973	normal	Afixo
DamageReductionCold 8 (Azure)	2251267974	normal	Afixo
DamageReductionCold 9 (Lapis)	2251267975	normal	Afixo
DamageReductionFire 1 (Crimson)	2361775331	normal	Afixo
DamageReductionFire 10 (Russet)	629174643	normal	Afixo
DamageReductionFire 11 (Garnet)	629174644	normal	Afixo
DamageReductionFire 12 (Ruby)	629174645	normal	Afixo
DamageReductionFire 2 (Crimson)	2361775332	normal	Afixo
DamageReductionFire 3 (Crimson)	2361775333	normal	Afixo
DamageReductionFire 4 (Crimson)	2361775334	normal	Afixo
DamageReductionFire 5 (Crimson)	2361775335	normal	Afixo
DamageReductionFire 6 (Crimson)	2361775336	normal	Afixo
DamageReductionFire 7 (Crimson)	2361775337	normal	Afixo
DamageReductionFire 8 (Crimson)	2361775338	normal	Afixo
DamageReductionFire 9 (Russet)	2361775339	normal	Afixo
DamageReductionLightning 1 (Citrine)	2729899169	normal	Afixo
DamageReductionLightning 10 (Ocher)	4187326705	normal	Afixo
DamageReductionLightning 11 (Coral)	4187326706	normal	Afixo
DamageReductionLightning 12 (Amber)	4187326707	normal	Afixo
DamageReductionLightning 2 (Citrine)	2729899170	normal	Afixo
DamageReductionLightning 3 (Citrine)	2729899171	normal	Afixo
DamageReductionLightning 4 (Citrine)	2729899172	normal	Afixo
DamageReductionLightning 5 (Citrine)	2729899173	normal	Afixo
DamageReductionLightning 6 (Citrine)	2729899174	normal	Afixo
DamageReductionLightning 7 (Citrine)	2729899175	normal	Afixo
DamageReductionLightning 8 (Citrine)	2729899176	normal	Afixo
DamageReductionLightning 9 (Ocher)	2729899177	normal	Afixo
DamageReductionPoison 1 (Beryl)	3391724053	normal	Afixo
DamageReductionPoison 10 (Viridian)	257744101	normal	Afixo
DamageReductionPoison 11 (Jade)	257744102	normal	Afixo
DamageReductionPoison 12 (Emerald)	257744103	normal	Afixo
DamageReductionPoison 2 (Beryl)	3391724054	normal	Afixo
DamageReductionPoison 3 (Beryl)	3391724055	normal	Afixo
DamageReductionPoison 4 (Beryl)	3391724056	normal	Afixo
DamageReductionPoison 5 (Beryl)	3391724057	normal	Afixo
DamageReductionPoison 6 (Beryl)	3391724058	normal	Afixo
DamageReductionPoison 7 (Beryl)	3391724059	normal	Afixo
DamageReductionPoison 8 (Beryl)	3391724060	normal	Afixo
DamageReductionPoison 9 (Viridian)	3391724061	normal	Afixo
DamageVsElite 1 (Piercing)	145064108	normal	Afixo
DamageVsElite 10 (Harrowing)	492148316	normal	Afixo
DamageVsElite 11 (Harrowing)	492148317	normal	Afixo
DamageVsElite 12 (King Slaying)	492148318	normal	Afixo
DamageVsElite 2 (Piercing)	145064109	normal	Afixo
DamageVsElite 3 (Piercing)	145064110	normal	Afixo
DamageVsElite 4 (Executing)	145064111	normal	Afixo
DamageVsElite 5 (Penetrating)	145064112	normal	Afixo
DamageVsElite 6 (Penetrating)	145064113	normal	Afixo
DamageVsElite 7 (Penetrating)	145064114	normal	Afixo
DamageVsElite 8 (Penetrating)	145064115	normal	Afixo
DamageVsElite 9 (Harrowing)	145064116	normal	Afixo
DamageVsMonsterTypeBeast 1 (of the Hunter)	3318785170	normal	Afixo
DamageVsMonsterTypeBeast 10 (of the Hunter)	2145728258	normal	Afixo
DamageVsMonsterTypeBeast 11 (of the Hunter)	2145728259	normal	Afixo
DamageVsMonsterTypeBeast 12 (of the Hunter)	2145728260	normal	Afixo
DamageVsMonsterTypeBeast 2 (of the Hunter)	3318785171	normal	Afixo
DamageVsMonsterTypeBeast 3 (of the Hunter)	3318785172	normal	Afixo
DamageVsMonsterTypeBeast 4 (of the Hunter)	3318785173	normal	Afixo
DamageVsMonsterTypeBeast 5 (of the Hunter)	3318785174	normal	Afixo
DamageVsMonsterTypeBeast 6 (of the Hunter)	3318785175	normal	Afixo
DamageVsMonsterTypeBeast 7 (of the Hunter)	3318785176	normal	Afixo
DamageVsMonsterTypeBeast 8 (of the Hunter)	3318785177	normal	Afixo
DamageVsMonsterTypeBeast 9 (of the Hunter)	3318785178	normal	Afixo
DamageVsMonsterTypeDemon 1 (of Demon Slaying)	1620834582	normal	Afixo
DamageVsMonsterTypeDemon 10 (of Demon Slaying)	1947933702	normal	Afixo
DamageVsMonsterTypeDemon 11 (of Demon Slaying)	1947933703	normal	Afixo
DamageVsMonsterTypeDemon 12 (of Demon Slaying)	1947933704	normal	Afixo
DamageVsMonsterTypeDemon 2 (of Demon Slaying)	1620834583	normal	Afixo
DamageVsMonsterTypeDemon 3 (of Demon Slaying)	1620834584	normal	Afixo
DamageVsMonsterTypeDemon 4 (of Demon Slaying)	1620834585	normal	Afixo
DamageVsMonsterTypeDemon 5 (of Demon Slaying)	1620834586	normal	Afixo
DamageVsMonsterTypeDemon 6 (of Demon Slaying)	1620834587	normal	Afixo
DamageVsMonsterTypeDemon 7 (of Demon Slaying)	1620834588	normal	Afixo
DamageVsMonsterTypeDemon 8 (of Demon Slaying)	1620834589	normal	Afixo
DamageVsMonsterTypeDemon 9 (of Demon Slaying)	1620834590	normal	Afixo
DamageVsMonsterTypeHuman 1 (of Mortality)	3117402332	normal	Afixo
DamageVsMonsterTypeHuman 10 (of Mortality)	4090029196	normal	Afixo
DamageVsMonsterTypeHuman 11 (of Mortality)	4090029197	normal	Afixo
DamageVsMonsterTypeHuman 12 (of Mortality)	4090029198	normal	Afixo
DamageVsMonsterTypeHuman 2 (of Mortality)	3117402333	normal	Afixo
DamageVsMonsterTypeHuman 3 (of Mortality)	3117402334	normal	Afixo
DamageVsMonsterTypeHuman 4 (of Mortality)	3117402335	normal	Afixo
DamageVsMonsterTypeHuman 5 (of Mortality)	3117402336	normal	Afixo
DamageVsMonsterTypeHuman 6 (of Mortality)	3117402337	normal	Afixo
DamageVsMonsterTypeHuman 7 (of Mortality)	3117402338	normal	Afixo
DamageVsMonsterTypeHuman 8 (of Mortality)	3117402339	normal	Afixo
DamageVsMonsterTypeHuman 9 (of Mortality)	3117402340	normal	Afixo
DamageVsMonsterTypeUndead 1 (of Purification)	3280796980	normal	Afixo
DamageVsMonsterTypeUndead 10 (of Purification)	892117988	normal	Afixo
DamageVsMonsterTypeUndead 11 (of Purification)	892117989	normal	Afixo
DamageVsMonsterTypeUndead 12 (of Purification)	892117990	normal	Afixo
DamageVsMonsterTypeUndead 2 (of Purification)	3280796981	normal	Afixo
DamageVsMonsterTypeUndead 3 (of Purification)	3280796982	normal	Afixo
DamageVsMonsterTypeUndead 4 (of Purification)	3280796983	normal	Afixo
DamageVsMonsterTypeUndead 5 (of Purification)	3280796984	normal	Afixo
DamageVsMonsterTypeUndead 6 (of Purification)	3280796985	normal	Afixo
DamageVsMonsterTypeUndead 7 (of Purification)	3280796986	normal	Afixo
DamageVsMonsterTypeUndead 8 (of Purification)	3280796987	normal	Afixo
DamageVsMonsterTypeUndead 9 (of Purification)	3280796988	normal	Afixo
DamConversionHeal 10 (NYI I need a name)	2609215219	normal	Afixo
DamConversionHeal 11 (NYI I need a name)	2609215220	normal	Afixo
DamConversionHeal 12 (NYI I need a name)	2609215221	normal	Afixo
DamReductionVsElite 1 (Resolute)	1691963212	normal	Afixo
DamReductionVsElite 10 (Impervious)	211196	normal	Afixo
DamReductionVsElite 11 (Impervious)	211197	normal	Afixo
DamReductionVsElite 12 (Mythical)	211198	normal	Afixo
DamReductionVsElite 2 (Resolute)	1691963213	normal	Afixo
DamReductionVsElite 3 (Resolute)	1691963214	normal	Afixo
DamReductionVsElite 4 (Resolute)	1691963215	normal	Afixo
DamReductionVsElite 5 (Resolute)	1691963216	normal	Afixo
DamReductionVsElite 6 (Impervious)	1691963217	normal	Afixo
DamReductionVsElite 7 (Impervious)	1691963218	normal	Afixo
DamReductionVsElite 8 (Impervious)	1691963219	normal	Afixo
DamReductionVsElite 9 (Impervious)	1691963220	normal	Afixo
Defense I (Intercepting)	1441375939	normal	Afixo
Defense II (Intercepting)	320765836	normal	Afixo
Defense III (Vigilant)	1995338101	normal	Afixo
Defense IV (Vigilant)	320765849	normal	Afixo
Defense V (Sentinel)	1441375952	normal	Afixo
Defense VI (Sentinel)	320766265	normal	Afixo
Defense VII (Bastion)	1995352258	normal	Afixo
DefenseMelee 1 (of the Gladiator)	2492098259	normal	Afixo
DefenseMelee 10 (of the Commander)	634863971	normal	Afixo
DefenseMelee 11 (of the Commander)	634863972	normal	Afixo
DefenseMelee 12 (of the Dreadnought)	634863973	normal	Afixo
DefenseMelee 2 (of the Gladiator)	2492098260	normal	Afixo
DefenseMelee 3 (of the Gladiator)	2492098261	normal	Afixo
DefenseMelee 4 (of the Gladiator)	2492098262	normal	Afixo
DefenseMelee 5 (of the Juggernaut)	2492098263	normal	Afixo
DefenseMelee 6 (of the Juggernaut)	2492098264	normal	Afixo
DefenseMelee 7 (of the Juggernaut)	2492098265	normal	Afixo
DefenseMelee 8 (of the Juggernaut)	2492098266	normal	Afixo
DefenseMelee 9 (of the Commander)	2492098267	normal	Afixo
DefenseMissile 1 (Deflecting)	3451489665	normal	Afixo
DefenseMissile 10 (Elusive)	2230009297	normal	Afixo
DefenseMissile 11 (Elusive)	2230009298	normal	Afixo
DefenseMissile 12 (Deviant)	2230009299	normal	Afixo
DefenseMissile 2 (Deflecting)	3451489666	normal	Afixo
DefenseMissile 3 (Deflecting)	3451489667	normal	Afixo
DefenseMissile 4 (Deflecting)	3451489668	normal	Afixo
DefenseMissile 5 (Intercepting)	3451489669	normal	Afixo
DefenseMissile 6 (Intercepting)	3451489670	normal	Afixo
DefenseMissile 7 (Intercepting)	3451489671	normal	Afixo
DefenseMissile 8 (Intercepting)	3451489672	normal	Afixo
DefenseMissile 9 (Elusive)	3451489673	normal	Afixo
Dex 1 (of the Hawk)	122353522	normal	Afixo
Dex 10 (of Cruelty)	4037666274	normal	Afixo
Dex 11 (of Cruelty)	4037666275	normal	Afixo
Dex 12 (of Pain)	4037666276	normal	Afixo
Dex 13 (of Pain)	4037666277	normal	Afixo
Dex 14 (of Pain)	4037666278	normal	Afixo
Dex 15 (of Pain)	4037666279	normal	Afixo
Dex 16 (of Pain)	4037666280	normal	Afixo
Dex 17 (of Torment)	4037666281	normal	Afixo
Dex 2 (of the Hawk)	122353523	normal	Afixo
Dex 3 (of the Hawk)	122353524	normal	Afixo
Dex 4 (of the Hawk)	122353525	normal	Afixo
Dex 5 (of the Hawk)	122353526	normal	Afixo
Dex 6 (of the Hawk)	122353527	normal	Afixo
Dex 7 (of Cruelty)	122353528	normal	Afixo
Dex 8 (of Cruelty)	122353529	normal	Afixo
Dex 9 (of Cruelty)	122353530	normal	Afixo
DexInt I (TRUE)	3355868181	normal	Afixo
DexInt II (TRUE)	3369467678	normal	Afixo
DexInt III (TRUE)	3818251079	normal	Afixo
DexInt IV (TRUE)	3369467691	normal	Afixo
DexInt IX (Worthy)	3369467693	normal	Afixo
DexInt V (Steadfast)	3355868194	normal	Afixo
DexInt VI (Steadfast)	3369468107	normal	Afixo
DexInt VII (Steadfast)	3818265236	normal	Afixo
DexInt VIII (Steadfast)	1448701309	normal	Afixo
DexInt X (Worthy)	3355868196	normal	Afixo
DexInt XI (Worthy)	3369468173	normal	Afixo
DexInt XII (Marvelous)	3818267414	normal	Afixo
DexVit I (Feral)	3371105469	normal	Afixo
DexVit II (Feral)	3872298182	normal	Afixo
DexVit III (Feral)	3231788527	normal	Afixo
DexVit IV (Feral)	3872298195	normal	Afixo
DexVit IX (Potent)	3872298197	normal	Afixo
DexVit V (Wild)	3371105482	normal	Afixo
DexVit VI (Wild)	3872298611	normal	Afixo
DexVit VII (Wild)	3231802684	normal	Afixo
DexVit VIII (Wild)	3570273573	normal	Afixo
DexVit X (Potent)	3371105484	normal	Afixo
DexVit XI (Potent)	3872298677	normal	Afixo
DexVit XII (Valiant)	3231804862	normal	Afixo
Damage Reduction 1 (of the Tower)	3718951	normal	Afixo
Damage Reduction 10 (of the Stronghold)	122725431	normal	Afixo
Damage Reduction 11 (of the Stronghold)	122725432	normal	Afixo
Damage Reduction 12 (of the Stronghold)	122725433	normal	Afixo
Damage Reduction 13 (of the Fortress)	122725434	normal	Afixo
Damage Reduction 14 (of the Fortress)	122725435	normal	Afixo
Damage Reduction 15 (of the Fortress)	122725436	normal	Afixo
Damage Reduction 16 (of the Fortress)	122725437	normal	Afixo
Damage Reduction 17 (of the Fortress)	122725438	normal	Afixo
Damage Reduction 18 (of the Fortress)	122725439	normal	Afixo
Damage Reduction 19 (of the Castle)	122725440	normal	Afixo
Damage Reduction 2 (of the Tower)	3718952	normal	Afixo
Damage Reduction 3 (of the Tower)	3718953	normal	Afixo
Damage Reduction 4 (of the Tower)	3718954	normal	Afixo
Damage Reduction 5 (of the Tower)	3718955	normal	Afixo
Damage Reduction 6 (of the Tower)	3718956	normal	Afixo
Damage Reduction 7 (of the Stronghold)	3718957	normal	Afixo
Damage Reduction 8 (of the Stronghold)	3718958	normal	Afixo
Damage Reduction 9 (of the Stronghold)	3718959	normal	Afixo
Enchanted (of Special: This is not actually an affix, but is put in front of items that have been enchanted.)	937010058	normal	Afixo
EtherealWeaponWD_EchoingFury	60345809	normal	Afixo
Experience I (Adventuring)	1220289425	normal	Afixo
Experience II (Adventuring)	1614845466	normal	Afixo
Experience III (Adventuring)	1750292931	normal	Afixo
Experience IV (Adventuring)	1614845479	normal	Afixo
Experience IX (Restless)	1614845481	normal	Afixo
Experience V (Clever)	1220289438	normal	Afixo
Experience VI (Clever)	1614845895	normal	Afixo
Experience VII (Clever)	1750307088	normal	Afixo
Experience VIII (Clever)	1925559161	normal	Afixo
Experience X (Restless)	1220289440	normal	Afixo
Experience XI (Restless)	1614845961	normal	Afixo
Experience XII (Savvy)	1750309266	normal	Afixo
FireDamage 1 (of Flame)	2833897563	normal	Afixo
FireDamage 10 (of Burning)	3324306411	normal	Afixo
FireDamage 11 (of Burning)	3324306412	normal	Afixo
FireDamage 11_104 (of Burning)	1421994176	normal	Afixo
FireDamage 12 (of Burning)	3324306413	normal	Afixo
FireDamage 12_104 (of Burning)	1423180097	normal	Afixo
FireDamage 13 (of Burning)	3324306414	normal	Afixo
FireDamage 13_104 (of Burning)	1424366018	normal	Afixo
FireDamage 14 (of Incineration)	3324306415	normal	Afixo
FireDamage 14_104 (of Incineration)	1425551939	normal	Afixo
FireDamage 2 (of Flame)	2833897564	normal	Afixo
FireDamage 3 (of Flame)	2833897565	normal	Afixo
FireDamage 4 (of Flame)	2833897566	normal	Afixo
FireDamage 5 (of Flame)	2833897567	normal	Afixo
FireDamage 6 (of Immolation)	2833897568	normal	Afixo
FireDamage 7 (of Immolation)	2833897569	normal	Afixo
FireDamage 8 (of Immolation)	2833897570	normal	Afixo
FireDamage 9 (of Immolation)	2833897571	normal	Afixo
FireResist I (Seared)	2646857097	normal	Afixo
FireResist II (Seared)	1446938386	normal	Afixo
FireResist III (Seared)	504326587	normal	Afixo
FireResist IV (Seared)	1446938399	normal	Afixo
FireResist IX (Scorched)	1446938401	normal	Afixo
FireResist V (Charred)	2646857110	normal	Afixo
FireResist VI (Charred)	1446938815	normal	Afixo
FireResist VII (Charred)	504340744	normal	Afixo
FireResist VIII (Charred)	3758342769	normal	Afixo
FireResist X (Scorched)	2646857112	normal	Afixo
FireResist XI (Scorched)	1446938881	normal	Afixo
FireResist XII (Infernal)	504342922	normal	Afixo
Fury I (Primitive)	4134792591	normal	Afixo
Fury II (Primitive)	3304169432	normal	Afixo
Fury III (Fierce)	1663408961	normal	Afixo
Fury IV (Fierce)	3304169445	normal	Afixo
Fury V (Fierce)	4134792604	normal	Afixo
Fury VI (Rabid)	3304169861	normal	Afixo
Fury VII (Rabid)	1663423118	normal	Afixo
Fury VIII (Maniacal)	3353355447	normal	Afixo
FuryHeals 1 (Barbaric)	3198591492	normal	Afixo
FuryHeals 10 (Vindictive)	2474304180	normal	Afixo
FuryHeals 2 (Barbaric)	3198591493	normal	Afixo
FuryHeals 3 (Barbaric)	3198591494	normal	Afixo
FuryHeals 4 (Wanton)	3198591495	normal	Afixo
FuryHeals 5 (Wanton)	3198591496	normal	Afixo
FuryHeals 6 (Wanton)	3198591497	normal	Afixo
FuryHeals 7 (Infuriating)	3198591498	normal	Afixo
FuryHeals 8 (Infuriating)	3198591499	normal	Afixo
FuryHeals 9 (Infuriating)	3198591500	normal	Afixo
FurySetPoint I (of Fury)	1123372805	normal	Afixo
Gemmed (of Special: This is not actually an affix, but is put in front of items that have been socketed with gems.)	4154762767	normal	Afixo
Gold I (Lucky)	4166573967	normal	Afixo
Gold II (Lucky)	57987544	normal	Afixo
Gold III (Lucky)	1913589057	normal	Afixo
Gold IV (Glittering)	57987557	normal	Afixo
Gold IX (Golden)	57987559	normal	Afixo
Gold V (Glittering)	4166573980	normal	Afixo
Gold VI (Glittering)	57987973	normal	Afixo
Gold VII (Prosperous)	1913603214	normal	Afixo
Gold VIII (Prosperous)	3019364023	normal	Afixo
Gold X (Golden)	4166573982	normal	Afixo
GoldPickUpRadius 1 (Gathering)	2885559947	normal	Afixo
GoldPickUpRadius 2 (Gathering)	2885559948	normal	Afixo
GoldPickUpRadius 3 (Greedy)	2885559949	normal	Afixo
GoldPickUpRadius 4 (Greedy)	2885559950	normal	Afixo
GoldPickUpRadius 5 (Miserly)	2885559951	normal	Afixo
GoldPickUpRadius 6 (Avaricious)	2885559952	normal	Afixo
Haste 1 (Keen)	810509126	normal	Afixo
Haste 10 (Vanquishing)	976997430	normal	Afixo
Haste 2 (Keen)	810509127	normal	Afixo
Haste 3 (Keen)	810509128	normal	Afixo
Haste 4 (Raiding)	810509129	normal	Afixo
Haste 5 (Raiding)	810509130	normal	Afixo
Haste 6 (Raiding)	810509131	normal	Afixo
Haste 7 (Assailing)	810509132	normal	Afixo
Haste 8 (Assailing)	810509133	normal	Afixo
Haste 9 (Assailing)	810509134	normal	Afixo
HatredRegen 1 (Spiteful)	2128734586	normal	Afixo
HatredRegen 10 (Vengeful)	1528764650	normal	Afixo
HatredRegen 2 (Spiteful)	2128734587	normal	Afixo
HatredRegen 3 (Spiteful)	2128734588	normal	Afixo
HatredRegen 4 (Bitter)	2128734589	normal	Afixo
HatredRegen 5 (Bitter)	2128734590	normal	Afixo
HatredRegen 6 (Bitter)	2128734591	normal	Afixo
HatredRegen 7 (Hostile)	2128734592	normal	Afixo
HatredRegen 8 (Hostile)	2128734593	normal	Afixo
HatredRegen 9 (Hostile)	2128734594	normal	Afixo
HealthGlobeBonus 1 (Mending)	1223187383	normal	Afixo
HealthGlobeBonus 10 (Renewing)	1710478023	normal	Afixo
HealthGlobeBonus 11 (Renewing)	1710478024	normal	Afixo
HealthGlobeBonus 12 (Euphoric)	1710478025	normal	Afixo
HealthGlobeBonus 2 (Mending)	1223187384	normal	Afixo
HealthGlobeBonus 3 (Mending)	1223187385	normal	Afixo
HealthGlobeBonus 4 (Mending)	1223187386	normal	Afixo
HealthGlobeBonus 5 (Invigorating)	1223187387	normal	Afixo
HealthGlobeBonus 6 (Invigorating)	1223187388	normal	Afixo
HealthGlobeBonus 7 (Invigorating)	1223187389	normal	Afixo
HealthGlobeBonus 8 (Invigorating)	1223187390	normal	Afixo
HealthGlobeBonus 9 (Renewing)	1223187391	normal	Afixo
HighlySalvageable I (Mysterious)	1010535205	normal	Afixo
HighlySalvageable II (Mysterious)	3282890798	normal	Afixo
HighlySalvageable III (Mysterious)	961214039	normal	Afixo
HighlySalvageable IV (Mysterious)	3282890811	normal	Afixo
HighlySalvageable V (Mysterious)	1010535218	normal	Afixo
HitBlind 1 (Dazzling)	4102829791	normal	Afixo
HitBlind 10 (Perplexing)	2249396975	normal	Afixo
HitBlind 11 (Perplexing)	2249396976	normal	Afixo
HitBlind 12 (Hypnotic)	2249396977	normal	Afixo
HitBlind 2 (Dazzling)	4102829792	normal	Afixo
HitBlind 3 (Dazzling)	4102829793	normal	Afixo
HitBlind 4 (Dazzling)	4102829794	normal	Afixo
HitBlind 5 (Bewildering)	4102829795	normal	Afixo
HitBlind 6 (Bewildering)	4102829796	normal	Afixo
HitBlind 7 (Bewildering)	4102829797	normal	Afixo
HitBlind 8 (Bewildering)	4102829798	normal	Afixo
HitBlind 9 (Perplexing)	4102829799	normal	Afixo
HitChill 1 (Chilling)	942725730	normal	Afixo
HitChill 10 (Glacial)	1045178066	normal	Afixo
HitChill 11 (Glacial)	1045178067	normal	Afixo
HitChill 12 (Hyperborean)	1045178068	normal	Afixo
HitChill 2 (Chilling)	942725731	normal	Afixo
HitChill 3 (Chilling)	942725732	normal	Afixo
HitChill 4 (Chilling)	942725733	normal	Afixo
HitChill 5 (Bleak)	942725734	normal	Afixo
HitChill 6 (Bleak)	942725735	normal	Afixo
HitChill 7 (Bleak)	942725736	normal	Afixo
HitChill 8 (Bleak)	942725737	normal	Afixo
HitChill 9 (Glacial)	942725738	normal	Afixo
HitFear 1 (of Fright)	272282932	normal	Afixo
HitFear 10 (of Horror)	395402212	normal	Afixo
HitFear 11 (of Horror)	395402213	normal	Afixo
HitFear 12 (of Terror)	395402214	normal	Afixo
HitFear 2 (of Fright)	272282933	normal	Afixo
HitFear 3 (of Fright)	272282934	normal	Afixo
HitFear 4 (of Fright)	272282935	normal	Afixo
HitFear 5 (of Nightmares)	272282936	normal	Afixo
HitFear 6 (of Nightmares)	272282937	normal	Afixo
HitFear 7 (of Nightmares)	272282938	normal	Afixo
HitFear 8 (of Nightmares)	272282939	normal	Afixo
HitFear 9 (of Horror)	272282940	normal	Afixo
HitFreeze 1 (of Ice)	4211967895	normal	Afixo
HitFreeze 10 (of the Frozen Sea)	1555987111	normal	Afixo
HitFreeze 11 (of the Frozen Sea)	1555987112	normal	Afixo
HitFreeze 12 (of Desolation)	1555987113	normal	Afixo
HitFreeze 2 (of Ice)	4211967896	normal	Afixo
HitFreeze 3 (of Ice)	4211967897	normal	Afixo
HitFreeze 4 (of Ice)	4211967898	normal	Afixo
HitFreeze 5 (of Hail)	4211967899	normal	Afixo
HitFreeze 6 (of Hail)	4211967900	normal	Afixo
HitFreeze 7 (of Hail)	4211967901	normal	Afixo
HitFreeze 8 (of Hail)	4211967902	normal	Afixo
HitFreeze 9 (of the Frozen Sea)	4211967903	normal	Afixo
HitImmobilize 1 (of Stagnation)	3080715815	normal	Afixo
HitImmobilize 10 (of Sabotage)	2879374135	normal	Afixo
HitImmobilize 11 (of Sabotage)	2879374136	normal	Afixo
HitImmobilize 12 (of Paralysis)	2879374137	normal	Afixo
HitImmobilize 2 (of Stagnation)	3080715816	normal	Afixo
HitImmobilize 3 (of Stagnation)	3080715817	normal	Afixo
HitImmobilize 4 (of Stagnation)	3080715818	normal	Afixo
HitImmobilize 5 (of Impairment)	3080715819	normal	Afixo
HitImmobilize 6 (of Impairment)	3080715820	normal	Afixo
HitImmobilize 7 (of Impairment)	3080715821	normal	Afixo
HitImmobilize 8 (of Impairment)	3080715822	normal	Afixo
HitImmobilize 9 (of Sabotage)	3080715823	normal	Afixo
HitKnockback 1 (Battering)	1079074877	normal	Afixo
HitKnockback 10 (Smashing)	1249732621	normal	Afixo
HitKnockback 11 (Smashing)	1249732622	normal	Afixo
HitKnockback 12 (Pulverizing)	1249732623	normal	Afixo
HitKnockback 2 (Battering)	1079074878	normal	Afixo
HitKnockback 3 (Battering)	1079074879	normal	Afixo
HitKnockback 4 (Battering)	1079074880	normal	Afixo
HitKnockback 5 (Pummeling)	1079074881	normal	Afixo
HitKnockback 6 (Pummeling)	1079074882	normal	Afixo
HitKnockback 7 (Pummeling)	1079074883	normal	Afixo
HitKnockback 8 (Pummeling)	1079074884	normal	Afixo
HitKnockback 9 (Smashing)	1079074885	normal	Afixo
HitLife 1 (of the Leech)	512004502	normal	Afixo
HitLife 10 (of Gore)	4011246726	normal	Afixo
HitLife 11 (of Gore)	4011246727	normal	Afixo
HitLife 12 (of Gore)	4011246728	normal	Afixo
HitLife 13 (of Gore)	4011246729	normal	Afixo
HitLife 14 (of Mangling)	4011246730	normal	Afixo
HitLife 2 (of the Leech)	512004503	normal	Afixo
HitLife 3 (of the Leech)	512004504	normal	Afixo
HitLife 4 (of the Leech)	512004505	normal	Afixo
HitLife 5 (of Carnage)	512004506	normal	Afixo
HitLife 6 (of Carnage)	512004507	normal	Afixo
HitLife 7 (of Carnage)	512004508	normal	Afixo
HitLife 8 (of Carnage)	512004509	normal	Afixo
HitLife 9 (of Carnage)	512004510	normal	Afixo
HitMana 1 (of the Bat)	541935667	normal	Afixo
HitMana 10 (of Draining)	704007875	normal	Afixo
HitMana 11 (of Draining)	704007876	normal	Afixo
HitMana 12 (of Devouring)	704007877	normal	Afixo
HitMana 2 (of the Bat)	541935668	normal	Afixo
HitMana 3 (of the Bat)	541935669	normal	Afixo
HitMana 4 (of the Bat)	541935670	normal	Afixo
HitMana 5 (of Craving)	541935671	normal	Afixo
HitMana 6 (of Craving)	541935672	normal	Afixo
HitMana 7 (of Craving)	541935673	normal	Afixo
HitMana 8 (of Craving)	541935674	normal	Afixo
HitMana 9 (of Draining)	541935675	normal	Afixo
HitSlow 1 (Crippling)	789853051	normal	Afixo
HitSlow 10 (Persecuting)	295346955	normal	Afixo
HitSlow 11 (Persecuting)	295346956	normal	Afixo
HitSlow 12 (Dominating)	295346957	normal	Afixo
HitSlow 2 (Crippling)	789853052	normal	Afixo
HitSlow 3 (Crippling)	789853053	normal	Afixo
HitSlow 4 (Crippling)	789853054	normal	Afixo
HitSlow 5 (Punishing)	789853055	normal	Afixo
HitSlow 6 (Punishing)	789853056	normal	Afixo
HitSlow 7 (Punishing)	789853057	normal	Afixo
HitSlow 8 (Punishing)	789853058	normal	Afixo
HitSlow 9 (Persecuting)	789853059	normal	Afixo
HitStun 1 (of Striking)	799546240	normal	Afixo
HitStun 10 (of Ruin)	615222192	normal	Afixo
HitStun 11 (of Ruin)	615222193	normal	Afixo
HitStun 12 (of Staggering)	615222194	normal	Afixo
HitStun 2 (of Striking)	799546241	normal	Afixo
HitStun 3 (of Striking)	799546242	normal	Afixo
HitStun 4 (of Striking)	799546243	normal	Afixo
HitStun 5 (of Bane)	799546244	normal	Afixo
HitStun 6 (of Bane)	799546245	normal	Afixo
HitStun 7 (of Bane)	799546246	normal	Afixo
HitStun 8 (of Bane)	799546247	normal	Afixo
HitStun 9 (of Ruin)	799546248	normal	Afixo
HolyDamage 1 (of the Angels)	1350281777	normal	Afixo
HolyDamage 10 (of Smiting)	1609625729	normal	Afixo
HolyDamage 11 (of Smiting)	1609625730	normal	Afixo
HolyDamage 11_104 (of Smiting)	3629011030	normal	Afixo
HolyDamage 12 (of Smiting)	1609625731	normal	Afixo
HolyDamage 12_104 (of Smiting)	3630196951	normal	Afixo
HolyDamage 13 (of Smiting)	1609625732	normal	Afixo
HolyDamage 13_104 (of Smiting)	3631382872	normal	Afixo
HolyDamage 14 (of the Heavens)	1609625733	normal	Afixo
HolyDamage 14_104 (of the Heavens)	3632568793	normal	Afixo
HolyDamage 2 (of the Angels)	1350281778	normal	Afixo
HolyDamage 3 (of the Angels)	1350281779	normal	Afixo
HolyDamage 4 (of the Angels)	1350281780	normal	Afixo
HolyDamage 5 (of the Angels)	1350281781	normal	Afixo
HolyDamage 6 (of Grace)	1350281782	normal	Afixo
HolyDamage 7 (of Grace)	1350281783	normal	Afixo
HolyDamage 8 (of Grace)	1350281784	normal	Afixo
HolyDamage 9 (of Grace)	1350281785	normal	Afixo
Indestructible 1 (Indestructible)	1340940274	normal	Afixo
Indestructible 10 (Indestructible)	1301356130	normal	Afixo
Indestructible 11 (Indestructible)	1301356131	normal	Afixo
Indestructible 12 (Indestructible)	1301356132	normal	Afixo
Indestructible 2 (Indestructible)	1340940275	normal	Afixo
Indestructible 3 (Indestructible)	1340940276	normal	Afixo
Indestructible 4 (Indestructible)	1340940277	normal	Afixo
Indestructible 5 (Indestructible)	1340940278	normal	Afixo
Indestructible 6 (Indestructible)	1340940279	normal	Afixo
Indestructible 7 (Indestructible)	1340940280	normal	Afixo
Indestructible 8 (Indestructible)	1340940281	normal	Afixo
Indestructible 9 (Indestructible)	1340940282	normal	Afixo
Inferior Armor Def 0 (Low Quality)	234554942	normal	Afixo
Inferior Armor Def 1 (Cracked)	234554943	normal	Afixo
Inferior Armor Def 2 (Crude)	234554944	normal	Afixo
Inferior Armor Def 3 (Damaged)	234554945	normal	Afixo
Inferior Weapon Dam 0 (Low Quality)	2438261802	normal	Afixo
Inferior Weapon Dam 1 (Cracked)	2438261803	normal	Afixo
Inferior Weapon Dam 2 (Crude)	2438261804	normal	Afixo
Inferior Weapon Dam 3 (Damaged)	2438261805	normal	Afixo
Int 1 (of Focus)	128602204	normal	Afixo
Int 10 (of the Mind)	4243872780	normal	Afixo
Int 11 (of the Mind)	4243872781	normal	Afixo
Int 12 (of Omens)	4243872782	normal	Afixo
Int 13 (of Omens)	4243872783	normal	Afixo
Int 14 (of Omens)	4243872784	normal	Afixo
Int 15 (of Omens)	4243872785	normal	Afixo
Int 16 (of Far Sight)	4243872786	normal	Afixo
Int 17 (of Far Sight)	4243872787	normal	Afixo
Int 2 (of Focus)	128602205	normal	Afixo
Int 3 (of Focus)	128602206	normal	Afixo
Int 4 (of Focus)	128602207	normal	Afixo
Int 5 (of Focus)	128602208	normal	Afixo
Int 6 (of Focus)	128602209	normal	Afixo
Int 7 (of the Mind)	128602210	normal	Afixo
Int 8 (of the Mind)	128602211	normal	Afixo
Int 9 (of the Mind)	128602212	normal	Afixo
IntVit I (Proud)	296723815	normal	Afixo
IntVit II (Proud)	1201951408	normal	Afixo
IntVit III (Proud)	1009690905	normal	Afixo
IntVit IV (Proud)	1201951421	normal	Afixo
IntVit IX (Glorious)	1201951423	normal	Afixo
IntVit V (Vaunted)	296723828	normal	Afixo
IntVit VI (Vaunted)	1201951837	normal	Afixo
IntVit VII (Vaunted)	1009705062	normal	Afixo
IntVit VIII (Vaunted)	3255496079	normal	Afixo
IntVit X (Glorious)	296723830	normal	Afixo
IntVit XI (Glorious)	1201951903	normal	Afixo
IntVit XII (Illustrious)	1009707240	normal	Afixo
ItemCost I (Ornate)	1548086705	normal	Afixo
ItemCost II (Elegant)	3842221114	normal	Afixo
ItemCost III (Gilded)	2239245283	normal	Afixo
ItemCost IV (Baroque)	3842221127	normal	Afixo
ItemCost V (Exquisite)	1548086718	normal	Afixo
KillLife 1 (of Slaughter)	2690597885	normal	Afixo
KillLife 10 (of Extermination)	2890384333	normal	Afixo
KillLife 11 (of Extermination)	2890384334	normal	Afixo
KillLife 12 (of Extermination)	2890384335	normal	Afixo
KillLife 13 (of Extermination)	2890384336	normal	Afixo
KillLife 14 (of Terror)	2890384337	normal	Afixo
KillLife 2 (of Slaughter)	2690597886	normal	Afixo
KillLife 3 (of Slaughter)	2690597887	normal	Afixo
KillLife 4 (of Slaughter)	2690597888	normal	Afixo
KillLife 5 (of Slaughter)	2690597889	normal	Afixo
KillLife 6 (of Mutilation)	2690597890	normal	Afixo
KillLife 7 (of Mutilation)	2690597891	normal	Afixo
KillLife 8 (of Mutilation)	2690597892	normal	Afixo
KillLife 9 (of Mutilation)	2690597893	normal	Afixo
KillMana 1 (of Decimation)	2720529050	normal	Afixo
KillMana 10 (of Obliteration)	3878112778	normal	Afixo
KillMana 11 (of Obliteration)	3878112779	normal	Afixo
KillMana 12 (of Annihilation)	3878112780	normal	Afixo
KillMana 2 (of Decimation)	2720529051	normal	Afixo
KillMana 3 (of Decimation)	2720529052	normal	Afixo
KillMana 4 (of Decimation)	2720529053	normal	Afixo
KillMana 5 (of Eradication)	2720529054	normal	Afixo
KillMana 6 (of Eradication)	2720529055	normal	Afixo
KillMana 7 (of Eradication)	2720529056	normal	Afixo
KillMana 8 (of Eradication)	2720529057	normal	Afixo
KillMana 9 (of Obliteration)	2720529058	normal	Afixo
Kings I (Noble)	696647397	normal	Afixo
Kings II (Noble)	1514527726	normal	Afixo
Kings III (Noble)	2734774807	normal	Afixo
Kings IV (Royal)	1514527739	normal	Afixo
Kings IX (Magnificent)	1514527741	normal	Afixo
Kings V (Royal)	696647410	normal	Afixo
Kings VI (Royal)	1514528155	normal	Afixo
Kings VII (Imperial)	2734788964	normal	Afixo
Kings VIII (Imperial)	53722701	normal	Afixo
Life 1 (of the Beast)	59953521	normal	Afixo
Life 10 (of Fortitude)	1978466241	normal	Afixo
Life 11 (of Tenacity)	1978466242	normal	Afixo
Life 12 (of Tenacity)	1978466243	normal	Afixo
Life 13 (of Tenacity)	1978466244	normal	Afixo
Life 14 (of Tenacity)	1978466245	normal	Afixo
Life 15 (of Perseverance)	1978466246	normal	Afixo
Life 2 (of the Beast)	59953522	normal	Afixo
Life 3 (of the Beast)	59953523	normal	Afixo
Life 4 (of the Beast)	59953524	normal	Afixo
Life 5 (of the Beast)	59953525	normal	Afixo
Life 6 (of Fortitude)	59953526	normal	Afixo
Life 7 (of Fortitude)	59953527	normal	Afixo
Life 8 (of Fortitude)	59953528	normal	Afixo
Life 9 (of Fortitude)	59953529	normal	Afixo
Life I (Rugged)	59953577	normal	Afixo
Life II (Rugged)	1978468146	normal	Afixo
Life III (Rugged)	864939483	normal	Afixo
Life IV (Stalwart)	1978468159	normal	Afixo
Life IX (Unyielding)	1978468161	normal	Afixo
Life V (Stalwart)	59953590	normal	Afixo
Life VI (Stalwart)	1978468575	normal	Afixo
Life VII (Resilient)	864953640	normal	Afixo
Life VIII (Resilient)	2773666449	normal	Afixo
LifeSteal 1 (Vampiric)	1978556068	normal	Afixo
LifeSteal 2 (Vampiric)	1978556069	normal	Afixo
LifeSteal 3 (Fiendish)	1978556070	normal	Afixo
LifeSteal 4 (Fiendish)	1978556071	normal	Afixo
LifeSteal 5 (Gruesome)	1978556072	normal	Afixo
LifeSteal 6 (Gruesome)	1978556073	normal	Afixo
LifeSteal 7 (Exsanguinating)	1978556074	normal	Afixo
LightningDamage 1 (of the Eel)	1791554649	normal	Afixo
LightningDamage 10 (of Discord)	3286728617	normal	Afixo
LightningDamage 11 (of Discord)	3286728618	normal	Afixo
LightningDamage 11_104 (of Discord)	1707619198	normal	Afixo
LightningDamage 12 (of Discord)	3286728619	normal	Afixo
LightningDamage 12_104 (of Discord)	1708805119	normal	Afixo
LightningDamage 13 (of Discord)	3286728620	normal	Afixo
LightningDamage 13_104 (of Discord)	1709991040	normal	Afixo
LightningDamage 14 (of Conflagration)	3286728621	normal	Afixo
LightningDamage 14_104 (of Conflagration)	1711176961	normal	Afixo
LightningDamage 2 (of the Eel)	1791554650	normal	Afixo
LightningDamage 3 (of the Eel)	1791554651	normal	Afixo
LightningDamage 4 (of the Eel)	1791554652	normal	Afixo
LightningDamage 5 (of Storms)	1791554653	normal	Afixo
LightningDamage 6 (of Storms)	1791554654	normal	Afixo
LightningDamage 7 (of Storms)	1791554655	normal	Afixo
LightningDamage 8 (of Storms)	1791554656	normal	Afixo
LightningDamage 9 (of Storms)	1791554657	normal	Afixo
LightningResist I (Silent)	2932482119	normal	Afixo
LightningResist II (Silent)	2282629520	normal	Afixo
LightningResist III (Silent)	2312330233	normal	Afixo
LightningResist IV (Silent)	2282629533	normal	Afixo
LightningResist IX (Stable)	2282629535	normal	Afixo
LightningResist V (Tranquil)	2932482132	normal	Afixo
LightningResist VI (Tranquil)	2282629949	normal	Afixo
LightningResist VII (Tranquil)	2312344390	normal	Afixo
LightningResist VIII (Tranquil)	3292920943	normal	Afixo
LightningResist X (Stable)	2932482134	normal	Afixo
LightningResist XI (Stable)	2282630015	normal	Afixo
LightningResist XII (Serene)	2312346568	normal	Afixo
ManaRegen 1 (Infusing)	493718975	normal	Afixo
ManaRegen 10 (Intensifying)	3407824335	normal	Afixo
ManaRegen 2 (Infusing)	493718976	normal	Afixo
ManaRegen 3 (Infusing)	493718977	normal	Afixo
ManaRegen 4 (Replenishing)	493718978	normal	Afixo
ManaRegen 5 (Replenishing)	493718979	normal	Afixo
ManaRegen 6 (Replenishing)	493718980	normal	Afixo
ManaRegen 7 (Energizing)	493718981	normal	Afixo
ManaRegen 8 (Energizing)	493718982	normal	Afixo
ManaRegen 9 (Energizing)	493718983	normal	Afixo
MaxArcanePower 1 (Sly)	3448073230	normal	Afixo
MaxArcanePower 10 (Insane)	2117266942	normal	Afixo
MaxArcanePower 2 (Sly)	3448073231	normal	Afixo
MaxArcanePower 3 (Sly)	3448073232	normal	Afixo
MaxArcanePower 4 (Mental)	3448073233	normal	Afixo
MaxArcanePower 5 (Mental)	3448073234	normal	Afixo
MaxArcanePower 6 (Mental)	3448073235	normal	Afixo
MaxArcanePower 7 (Cerebral)	3448073236	normal	Afixo
MaxArcanePower 8 (Cerebral)	3448073237	normal	Afixo
MaxArcanePower 9 (Cerebral)	3448073238	normal	Afixo
MaxDmg 1 (of Thrashing)	3792456585	normal	Afixo
MaxDmg 10 (of Strife)	597015769	normal	Afixo
MaxDmg 11 (of Strife)	597015770	normal	Afixo
MaxDmg 11_104 (of Strife)	1068599470	normal	Afixo
MaxDmg 12 (of Strife)	597015771	normal	Afixo
MaxDmg 12_104 (of Strife)	1069785391	normal	Afixo
MaxDmg 13 (of Strife)	597015772	normal	Afixo
MaxDmg 13_104 (of Strife)	1070971312	normal	Afixo
MaxDmg 14 (of Doom)	597015773	normal	Afixo
MaxDmg 14_104 (of Doom)	1072157233	normal	Afixo
MaxDmg 2 (of Thrashing)	3792456586	normal	Afixo
MaxDmg 3 (of Thrashing)	3792456587	normal	Afixo
MaxDmg 4 (of Thrashing)	3792456588	normal	Afixo
MaxDmg 5 (of Maiming)	3792456589	normal	Afixo
MaxDmg 6 (of Maiming)	3792456590	normal	Afixo
MaxDmg 7 (of Maiming)	3792456591	normal	Afixo
MaxDmg 8 (of Maiming)	3792456592	normal	Afixo
MaxDmg 9 (of Maiming)	3792456593	normal	Afixo
MaxDiscipline 1 (Steady)	1951651227	normal	Afixo
MaxDiscipline 10 (Vehement)	4274948395	normal	Afixo
MaxDiscipline 2 (Steady)	1951651228	normal	Afixo
MaxDiscipline 3 (Steady)	1951651229	normal	Afixo
MaxDiscipline 4 (Confident)	1951651230	normal	Afixo
MaxDiscipline 5 (Confident)	1951651231	normal	Afixo
MaxDiscipline 6 (Confident)	1951651232	normal	Afixo
MaxDiscipline 7 (Diligent)	1951651233	normal	Afixo
MaxDiscipline 8 (Diligent)	1951651234	normal	Afixo
MaxDiscipline 9 (Diligent)	1951651235	normal	Afixo
MaxFury 1 (Reckless)	699281021	normal	Afixo
MaxFury 10 (Ferocious)	1601437261	normal	Afixo
MaxFury 2 (Reckless)	699281022	normal	Afixo
MaxFury 3 (Reckless)	699281023	normal	Afixo
MaxFury 4 (Furious)	699281024	normal	Afixo
MaxFury 5 (Furious)	699281025	normal	Afixo
MaxFury 6 (Furious)	699281026	normal	Afixo
MaxFury 7 (Raging)	699281027	normal	Afixo
MaxFury 8 (Raging)	699281028	normal	Afixo
MaxFury 9 (Raging)	699281029	normal	Afixo
MaxMana 1 (Bewitching)	949340468	normal	Afixo
MaxMana 10 (Unearthly)	1263464420	normal	Afixo
MaxMana 2 (Bewitching)	949340469	normal	Afixo
MaxMana 3 (Bewitching)	949340470	normal	Afixo
MaxMana 4 (Conjuring)	949340471	normal	Afixo
MaxMana 5 (Conjuring)	949340472	normal	Afixo
MaxMana 6 (Conjuring)	949340473	normal	Afixo
MaxMana 7 (Mesmerizing)	949340474	normal	Afixo
MaxMana 8 (Mesmerizing)	949340475	normal	Afixo
MaxMana 9 (Mesmerizing)	949340476	normal	Afixo
MagicFind I (Scouting)	4029372	normal	Afixo
MagicFind II (Scouting)	132969381	normal	Afixo
MagicFind III (Scouting)	93022382	normal	Afixo
MagicFind IV (Scouting)	132969394	normal	Afixo
MagicFind IX (Seeking)	132969396	normal	Afixo
MagicFind V (Ransacking)	4029385	normal	Afixo
MagicFind VI (Ransacking)	132969810	normal	Afixo
MagicFind VII (Ransacking)	93036539	normal	Afixo
MagicFind VIII (Seeking)	3070205892	normal	Afixo
MagicFind X (Seeking)	4029387	normal	Afixo
MagicFind XI (Pillaging)	132969876	normal	Afixo
MinDmg 1 (of Slaying)	847944519	normal	Afixo
MinDmg 10 (of Severing)	2212365399	normal	Afixo
MinDmg 11 (of Severing)	2212365400	normal	Afixo
MinDmg 11_104 (of Severing)	2444058412	normal	Afixo
MinDmg 12 (of Severing)	2212365401	normal	Afixo
MinDmg 12_104 (of Severing)	2445244333	normal	Afixo
MinDmg 13 (of Severing)	2212365402	normal	Afixo
MinDmg 13_104 (of Severing)	2446430254	normal	Afixo
MinDmg 14 (of Devastation)	2212365403	normal	Afixo
MinDmg 14_104 (of Devastation)	2447616175	normal	Afixo
MinDmg 2 (of Slaying)	847944520	normal	Afixo
MinDmg 3 (of Slaying)	847944521	normal	Afixo
MinDmg 4 (of Slaying)	847944522	normal	Afixo
MinDmg 5 (of Slaying)	847944523	normal	Afixo
MinDmg 6 (of Destruction)	847944524	normal	Afixo
MinDmg 7 (of Destruction)	847944525	normal	Afixo
MinDmg 8 (of Destruction)	847944526	normal	Afixo
MinDmg 9 (of Destruction)	847944527	normal	Afixo
MinMaxDmg 1 (of Wounding)	1616088365	normal	Afixo
MinMaxDmg 10 (of Malice)	1791308541	normal	Afixo
MinMaxDmg 11 (of Malice)	1791308542	normal	Afixo
MinMaxDmg 11_104 (of Malice)	3761729746	normal	Afixo
MinMaxDmg 12 (of Malice)	1791308543	normal	Afixo
MinMaxDmg 12_104 (of Malice)	3762915667	normal	Afixo
MinMaxDmg 13 (of Malice)	1791308544	normal	Afixo
MinMaxDmg 13_104 (of Malice)	3764101588	normal	Afixo
MinMaxDmg 14 (of Death)	1791308545	normal	Afixo
MinMaxDmg 14_104 (of Death)	3765287509	normal	Afixo
MinMaxDmg 2 (of Wounding)	1616088366	normal	Afixo
MinMaxDmg 3 (of Wounding)	1616088367	normal	Afixo
MinMaxDmg 4 (of Wounding)	1616088368	normal	Afixo
MinMaxDmg 5 (of Agony)	1616088369	normal	Afixo
MinMaxDmg 6 (of Agony)	1616088370	normal	Afixo
MinMaxDmg 7 (of Agony)	1616088371	normal	Afixo
MinMaxDmg 8 (of Agony)	1616088372	normal	Afixo
MinMaxDmg 9 (of Malice)	1616088373	normal	Afixo
P6_deadmau5_amulet_Necromancer 1	3416772239	normal	Afixo
P6_deadmau5_amulet_Necromancer 1 Legendary	2837175530	normal	Afixo
P6_MaxEssence 1 (Efficacious)	1181759042	normal	Afixo
P6_MaxEssence 1 Legendary	3399729245	normal	Afixo
P6_MaxEssence 1 Two-Handed (Efficacious)	3981658573	normal	Afixo
P6_MaxEssence 2 (Efficacious)	1181759043	normal	Afixo
P6_MaxEssence 2 Legendary	1342207390	normal	Afixo
P6_MaxEssence 2 Two-Handed (Efficacious)	507946798	normal	Afixo
P6_MaxEssence 3 (Efficacious)	1181759044	normal	Afixo
P6_MaxEssence 3 Legendary	3579652831	normal	Afixo
P6_MaxEssence 3 Two-Handed (Efficacious)	1329202319	normal	Afixo
P6_MaxEssence 4 (Efficacious)	1181759045	normal	Afixo
P6_MaxEssence 4 Legendary	1522130976	normal	Afixo
P6_MaxEssence 4 Two-Handed (Efficacious)	2150457840	normal	Afixo
P6_MaxEssence 5 (Efficacious)	1181759046	normal	Afixo
P6_MaxEssence 5 Legendary	3759576417	normal	Afixo
P6_MaxEssence 5 Two-Handed (Efficacious)	2971713361	normal	Afixo
P6_MaxEssence 6 (Efficacious)	1181759047	normal	Afixo
P6_MaxEssence 6 Legendary	1702054562	normal	Afixo
P6_Skill_Necromancer_BloodNova 1 (of Presence)	3780322116	normal	Afixo
P6_Skill_Necromancer_BoneArmor 1 (of Bone)	1621246405	normal	Afixo
P6_Skill_Necromancer_BoneSpear 1 (of Impaling)	3304572095	normal	Afixo
P6_Skill_Necromancer_BoneSpikes 1 (of Bursting)	1844720211	normal	Afixo
P6_Skill_Necromancer_BoneSpirit 1 (of Seeking)	1853166495	normal	Afixo
P6_Skill_Necromancer_CommandGolem 1 (of Golem Mastery)	84880403	normal	Afixo
P6_Skill_Necromancer_CommandSkeletons 1 (of Skeletal Mastery)	3916468343	normal	Afixo
P6_Skill_Necromancer_CorpseExplosion 1 (of Desecration)	1220492493	normal	Afixo
P6_Skill_Necromancer_CorpseLance 1 (of Puncturing)	1730333679	normal	Afixo
P6_Skill_Necromancer_GrimScythe 1 (of Reaping)	3216740799	normal	Afixo
P6_Skill_Necromancer_RaiseDead 1 (of the Lich)	900539042	normal	Afixo
P6_Skill_Necromancer_Revive 1 (of Return)	3983880145	normal	Afixo
P6_Skill_Necromancer_SiphonBlood 1 (of Transfusion)	2695561281	normal	Afixo
PhysicalResist I (Hardened)	1349962976	normal	Afixo
PhysicalResist II (Hardened)	1599105353	normal	Afixo
PhysicalResist III (Hardened)	1230869202	normal	Afixo
PhysicalResist IV (Hardened)	1599105366	normal	Afixo
PhysicalResist IX (Untouchable)	1599105368	normal	Afixo
PhysicalResist V (Hermetic)	1349962989	normal	Afixo
PhysicalResist VI (Hermetic)	1599105782	normal	Afixo
PhysicalResist VII (Hermetic)	1230883359	normal	Afixo
PhysicalResist VIII (Hermetic)	1964445288	normal	Afixo
PhysicalResist X (Untouchable)	1349962991	normal	Afixo
PhysicalResist XI (Untouchable)	1599105848	normal	Afixo
PhysicalResist XII (Adamantine)	1230885537	normal	Afixo
PoisonDamage 1 (of the Snake)	234326221	normal	Afixo
PoisonDamage 10 (of Sores)	3437798045	normal	Afixo
PoisonDamage 11 (of Sores)	3437798046	normal	Afixo
PoisonDamage 11_104 (of Sores)	2143924338	normal	Afixo
PoisonDamage 12 (of Sores)	3437798047	normal	Afixo
PoisonDamage 12_104 (of Sores)	2145110259	normal	Afixo
PoisonDamage 13 (of Sores)	3437798048	normal	Afixo
PoisonDamage 13_104 (of Sores)	2146296180	normal	Afixo
PoisonDamage 14 (of Blight)	3437798049	normal	Afixo
PoisonDamage 14_104 (of Blight)	2147482101	normal	Afixo
PoisonDamage 2 (of the Snake)	234326222	normal	Afixo
PoisonDamage 3 (of the Snake)	234326223	normal	Afixo
PoisonDamage 4 (of the Snake)	234326224	normal	Afixo
PoisonDamage 5 (of Lesions)	234326225	normal	Afixo
PoisonDamage 6 (of Lesions)	234326226	normal	Afixo
PoisonDamage 7 (of Lesions)	234326227	normal	Afixo
PoisonDamage 8 (of Lesions)	234326228	normal	Afixo
PoisonDamage 9 (of Sores)	234326229	normal	Afixo
PoisonResist I (Pure)	3368787259	normal	Afixo
PoisonResist II (Pure)	3795797252	normal	Afixo
PoisonResist III (Pure)	707257837	normal	Afixo
PoisonResist IV (Pure)	3795797265	normal	Afixo
PoisonResist IX (Pristine)	3795797267	normal	Afixo
PoisonResist V (Untarnished)	3368787272	normal	Afixo
PoisonResist VI (Untarnished)	3795797681	normal	Afixo
PoisonResist VII (Untarnished)	707271994	normal	Afixo
PoisonResist VIII (Untarnished)	1865139427	normal	Afixo
PoisonResist X (Pristine)	3368787274	normal	Afixo
PoisonResist XI (Pristine)	3795797747	normal	Afixo
PoisonResist XII (Immaculate)	707274172	normal	Afixo
ProcTest (ProcTest)	2926158068	normal	Afixo
RecognizedPrefix (of RecognizedPrefix)	2945118904	normal	Afixo
RecognizedSuffix (of RecognizedSuffix)	3066118783	normal	Afixo
ReducedLevelReq 1 (Birthright)	521165197	normal	Afixo
ReducedLevelReq 10 (Ancestral)	18582365	normal	Afixo
ReducedLevelReq 11 (Ancestral)	18582366	normal	Afixo
ReducedLevelReq 12 (Legacy)	18582367	normal	Afixo
ReducedLevelReq 2 (Birthright)	521165198	normal	Afixo
ReducedLevelReq 3 (Birthright)	521165199	normal	Afixo
ReducedLevelReq 4 (Birthright)	521165200	normal	Afixo
ReducedLevelReq 5 (Dynastic)	521165201	normal	Afixo
ReducedLevelReq 6 (Dynastic)	521165202	normal	Afixo
ReducedLevelReq 7 (Dynastic)	521165203	normal	Afixo
ReducedLevelReq 8 (Dynastic)	521165204	normal	Afixo
ReducedLevelReq 9 (Ancestral)	521165205	normal	Afixo
LifeRegen 1 (Reptilian)	982068194	normal	Afixo
LifeRegen 10 (Salubrious)	2343479378	normal	Afixo
LifeRegen 11 (Salubrious)	2343479379	normal	Afixo
LifeRegen 12 (Salubrious)	2343479380	normal	Afixo
LifeRegen 13 (Undying)	2343479381	normal	Afixo
LifeRegen 14 (Undying)	2343479382	normal	Afixo
LifeRegen 15 (Undying)	2343479383	normal	Afixo
LifeRegen 16 (Undying)	2343479384	normal	Afixo
LifeRegen 17 (Undying)	2343479385	normal	Afixo
LifeRegen 18 (Immortal)*	2343479386	normal	Afixo
LifeRegen 2 (Reptilian)	982068195	normal	Afixo
LifeRegen 3 (Reptilian)	982068196	normal	Afixo
LifeRegen 4 (Reptilian)	982068197	normal	Afixo
LifeRegen 5 (Reptilian)	982068198	normal	Afixo
LifeRegen 6 (Reptilian)	982068199	normal	Afixo
LifeRegen 7 (Salubrious)	982068200	normal	Afixo
LifeRegen 8 (Salubrious)	982068201	normal	Afixo
LifeRegen 9 (Salubrious)	982068202	normal	Afixo
ReducedLevelReq 1 (of the Squire)	138948793	normal	Afixo
ReducedLevelReq 10 (of Courage)	290342921	normal	Afixo
ReducedLevelReq 11 (of Courage)	290342922	normal	Afixo
ReducedLevelReq 12 (of Courage)	290342923	normal	Afixo
ReducedLevelReq 13 (of Daring)	290342924	normal	Afixo
ReducedLevelReq 14 (of Daring)	290342925	normal	Afixo
ReducedLevelReq 15 (of Daring)	290342926	normal	Afixo
ReducedLevelReq 16 (of Daring)	290342927	normal	Afixo
ReducedLevelReq 17 (of Daring)	290342928	normal	Afixo
ReducedLevelReq 18 (of Daring)	290342929	normal	Afixo
ReducedLevelReq 19 (of Bravery)	290342930	normal	Afixo
ReducedLevelReq 2 (of the Squire)	138948794	normal	Afixo
ReducedLevelReq 3 (of the Squire)	138948795	normal	Afixo
ReducedLevelReq 4 (of the Squire)	138948796	normal	Afixo
ReducedLevelReq 5 (of the Squire)	138948797	normal	Afixo
ReducedLevelReq 6 (of the Squire)	138948798	normal	Afixo
ReducedLevelReq 7 (of Courage)	138948799	normal	Afixo
ReducedLevelReq 8 (of Courage)	138948800	normal	Afixo
ReducedLevelReq 9 (of Courage)	138948801	normal	Afixo
ResistAll I (Spectral)	3765637660	normal	Afixo
ResistAll II (Spectral)	4006958597	normal	Afixo
ResistAll III (Spectral)	3380614926	normal	Afixo
ResistAll IV (Spectral)	4006958610	normal	Afixo
ResistAll IX (Scintillating)	4006958612	normal	Afixo
ResistAll V (Chromatic)	3765637673	normal	Afixo
ResistAll VI (Chromatic)	4006959026	normal	Afixo
ResistAll VII (Chromatic)	3380629083	normal	Afixo
ResistAll VIII (Chromatic)	4186577444	normal	Afixo
ResistAll X (Scintillating)	3765637675	normal	Afixo
ResistAll XI (Scintillating)	4006959092	normal	Afixo
ResistAll XII (Prismatic)	3380631261	normal	Afixo
ResistFreeze 1 (of Melting)	1497318476	normal	Afixo
ResistRoot 1 (of the Sergeant)	381047567	normal	Afixo
ResistStun 1 (of Insolence)	426321653	normal	Afixo
ResistStunRootFreeze 1 (of Contempt)	4116002810	normal	Afixo
Movement Speed 1 (Quick)	139520518	normal	Afixo
Movement Speed 2 (Nimble)	139520519	normal	Afixo
Movement Speed 3 (Bounding)	139520520	normal	Afixo
Movement Speed 4 (Swift)	139520521	normal	Afixo
Movement Speed 5 (Fleet)	139520522	normal	Afixo
Skill Barbarian AncientSpear 1 (of Grappling)	1761549135	normal	Afixo
Skill Barbarian AncientSpear 2 (of Grappling)	1761549136	normal	Afixo
Skill Barbarian AncientSpear 3 (of Grappling)	1761549137	normal	Afixo
Skill Barbarian Bash 2 (of Bruising)	2722140945	normal	Afixo
Skill Barbarian Bash 3 (of Bruising)	2722140946	normal	Afixo
Skill Barbarian BattleRage 1 (of Rivalry)	604476365	normal	Afixo
Skill Barbarian BattleRage 2 (of Rivalry)	604476366	normal	Afixo
Skill Barbarian BattleRage 3 (of Rivalry)	604476367	normal	Afixo
Skill Barbarian CalloftheAncients 1 (of the Summit)	1428180153	normal	Afixo
Skill Barbarian CalloftheAncients 2 (of the Summit)	1428180154	normal	Afixo
Skill Barbarian CalloftheAncients 3 (of the Summit)	1428180155	normal	Afixo
Skill Barbarian Cleave 2 (of Sundering)	1321020931	normal	Afixo
Skill Barbarian Cleave 3 (of Sundering)	1321020932	normal	Afixo
Skill Barbarian Earthquake 1 (of Tremors)	2692856477	normal	Afixo
Skill Barbarian Earthquake 2 (of Tremors)	2692856478	normal	Afixo
Skill Barbarian Earthquake 3 (of Tremors)	2692856479	normal	Afixo
Skill Barbarian Frenzy 2 (of the Maniac)	3796754001	normal	Afixo
Skill Barbarian Frenzy 3 (of the Maniac)	3796754002	normal	Afixo
Skill Barbarian FuriousCharge 1 (of the Rhinoceros)	2817674409	normal	Afixo
Skill Barbarian FuriousCharge 2 (of the Rhinoceros)	2817674410	normal	Afixo
Skill Barbarian FuriousCharge 3 (of the Rhinoceros)	2817674411	normal	Afixo
Skill Barbarian GroundStomp 1 (of Trampling)	1372798580	normal	Afixo
Skill Barbarian GroundStomp 2 (of Trampling)	1372798581	normal	Afixo
Skill Barbarian GroundStomp 3 (of Trampling)	1372798582	normal	Afixo
Skill Barbarian HammeroftheAncients 2 (of Demolition)	2423090552	normal	Afixo
Skill Barbarian HammeroftheAncients 3 (of Demolition)	2423090553	normal	Afixo
Skill Barbarian IgnorePain 1 (of Iron Flesh)	3239030846	normal	Afixo
Skill Barbarian IgnorePain 2 (of Iron Flesh)	3239030847	normal	Afixo
Skill Barbarian IgnorePain 3 (of Iron Flesh)	3239030848	normal	Afixo
Skill Barbarian Leap 1 (of Bounding)	3117600404	normal	Afixo
Skill Barbarian Leap 2 (of Bounding)	3117600405	normal	Afixo
Skill Barbarian Leap 3 (of Bounding)	3117600406	normal	Afixo
Skill Barbarian Overpower 2 (of Conquest)	3014901404	normal	Afixo
Skill Barbarian Overpower 3 (of Conquest)	3014901405	normal	Afixo
Skill Barbarian Rend 2 (of Evisceration)	3352866876	normal	Afixo
Skill Barbarian Rend 3 (of Evisceration)	3352866877	normal	Afixo
Skill Barbarian Revenge 2 (of Vengeance)	2839862975	normal	Afixo
Skill Barbarian Revenge 3 (of Vengeance)	2839862976	normal	Afixo
Skill Barbarian SeismicSlam 2 (of Shattering)	3158403245	normal	Afixo
Skill Barbarian SeismicSlam 3 (of Shattering)	3158403246	normal	Afixo
Skill Barbarian Sprint 1 (of the Swift)	1705189394	normal	Afixo
Skill Barbarian Sprint 2 (of the Swift)	1705189395	normal	Afixo
Skill Barbarian Sprint 3 (of the Swift)	1705189396	normal	Afixo
Skill Barbarian ThreateningShout 1 (of Despair)	411888062	normal	Afixo
Skill Barbarian ThreateningShout 2 (of Despair)	411888063	normal	Afixo
Skill Barbarian ThreateningShout 3 (of Despair)	411888064	normal	Afixo
Skill Barbarian WarCry 1 (of the Warlord)	2476120074	normal	Afixo
Skill Barbarian WarCry 2 (of the Warlord)	2476120075	normal	Afixo
Skill Barbarian WarCry 3 (of the Warlord)	2476120076	normal	Afixo
Skill Barbarian WeaponThrow 2 (of Hurling)	1281618033	normal	Afixo
Skill Barbarian WeaponThrow 3 (of Hurling)	1281618034	normal	Afixo
Skill Barbarian Whirlwind 2 (of Vertigo)	1438575531	normal	Afixo
Skill Barbarian Whirlwind 3 (of Vertigo)	1438575532	normal	Afixo
Skill Barbarian WrathoftheBerserker 1 (of Violence)	3759609107	normal	Afixo
Skill Barbarian WrathoftheBerserker 2 (of Violence)	3759609108	normal	Afixo
Skill Barbarian WrathoftheBerserker 3 (of Violence)	3759609109	normal	Afixo
Skill DemonHunter Ballista 2 (of Artillery)	2543371462	normal	Afixo
Skill DemonHunter Ballista 3 (of Artillery)	2543371463	normal	Afixo
Skill DemonHunter BoneArrow 2 (of the Predator)	3425647305	normal	Afixo
Skill DemonHunter BoneArrow 3 (of the Predator)	3425647306	normal	Afixo
Skill DemonHunter Caltrops 1 (of Shards)	405365409	normal	Afixo
Skill DemonHunter Caltrops 2 (of Shards)	405365410	normal	Afixo
Skill DemonHunter Caltrops 3 (of Shards)	405365411	normal	Afixo
Skill DemonHunter Chakram 2 (of the Boomerang)	1616173041	normal	Afixo
Skill DemonHunter Chakram 3 (of the Boomerang)	1616173042	normal	Afixo
Skill DemonHunter ClusterArrow 2 (of Splinters)	1207237671	normal	Afixo
Skill DemonHunter ClusterArrow 3 (of Splinters)	1207237672	normal	Afixo
Skill DemonHunter Companion 1 (of the Kindred)	4192993117	normal	Afixo
Skill DemonHunter Companion 2 (of the Kindred)	4192993118	normal	Afixo
Skill DemonHunter Companion 3 (of the Kindred)	4192993119	normal	Afixo
Skill DemonHunter ElementalArrow 2 (of Blasting)	3691944060	normal	Afixo
Skill DemonHunter ElementalArrow 3 (of Blasting)	3691944061	normal	Afixo
Skill DemonHunter EntanglingShot 2 (of Binding)	562164255	normal	Afixo
Skill DemonHunter EntanglingShot 3 (of Binding)	562164256	normal	Afixo
Skill DemonHunter FanofKnives 1 (of Blades)	3696105875	normal	Afixo
Skill DemonHunter FanofKnives 2 (of Blades)	3696105876	normal	Afixo
Skill DemonHunter FanofKnives 3 (of Blades)	3696105877	normal	Afixo
Skill DemonHunter Grenades 2 (of the Grenadier)	2021138723	normal	Afixo
Skill DemonHunter Grenades 3 (of the Grenadier)	2021138724	normal	Afixo
Skill DemonHunter MarkedforDeath 1 (of Sorrow)	3736835322	normal	Afixo
Skill DemonHunter MarkedforDeath 2 (of Sorrow)	3736835323	normal	Afixo
Skill DemonHunter MarkedforDeath 3 (of Sorrow)	3736835324	normal	Afixo
Skill DemonHunter Multishot 2 (of Volleys)	4156493667	normal	Afixo
Skill DemonHunter Multishot 3 (of Volleys)	4156493668	normal	Afixo
Skill DemonHunter Preparation 1 (of the Veteran)	3915533342	normal	Afixo
Skill DemonHunter Preparation 2 (of the Veteran)	3915533343	normal	Afixo
Skill DemonHunter Preparation 3 (of the Veteran)	3915533344	normal	Afixo
Skill DemonHunter RainofArrows 1 (of Bombardment)	1035965174	normal	Afixo
Skill DemonHunter RainofArrows 2 (of Bombardment)	1035965175	normal	Afixo
Skill DemonHunter RainofArrows 3 (of Bombardment)	1035965176	normal	Afixo
Skill DemonHunter RapidFire 2 (of Salvos)	1303781200	normal	Afixo
Skill DemonHunter RapidFire 3 (of Salvos)	1303781201	normal	Afixo
Skill DemonHunter SafetyShot 2 (of Suppression)	3429320708	normal	Afixo
Skill DemonHunter SafetyShot 3 (of Suppression)	3429320709	normal	Afixo
Skill DemonHunter Sentry 1 (of Vigilance)	4149099678	normal	Afixo
Skill DemonHunter Sentry 2 (of Vigilance)	4149099679	normal	Afixo
Skill DemonHunter Sentry 3 (of Vigilance)	4149099680	normal	Afixo
Skill DemonHunter ShadowPower 1 (of the Abyss)	471541548	normal	Afixo
Skill DemonHunter ShadowPower 2 (of the Abyss)	471541549	normal	Afixo
Skill DemonHunter ShadowPower 3 (of the Abyss)	471541550	normal	Afixo
Skill DemonHunter SmokeScreen 1 (of Mist)	1465432056	normal	Afixo
Skill DemonHunter SmokeScreen 2 (of Mist)	1465432057	normal	Afixo
Skill DemonHunter SmokeScreen 3 (of Mist)	1465432058	normal	Afixo
Skill DemonHunter SpikeTrap 2 (of Spines)	654972589	normal	Afixo
Skill DemonHunter SpikeTrap 3 (of Spines)	654972590	normal	Afixo
Skill DemonHunter Strafe 2 (of Prowess)	2179838783	normal	Afixo
Skill DemonHunter Strafe 3 (of Prowess)	2179838784	normal	Afixo
Skill DemonHunter Vault 1 (of Escape)	858143781	normal	Afixo
Skill DemonHunter Vault 2 (of Escape)	858143782	normal	Afixo
Skill DemonHunter Vault 3 (of Escape)	858143783	normal	Afixo
Skill Monk BlindingFlash 1 (of Illumination)	1682371962	normal	Afixo
Skill Monk BlindingFlash 2 (of Illumination)	1682371963	normal	Afixo
Skill Monk BlindingFlash 3 (of Illumination)	1682371964	normal	Afixo
Skill Monk BronzeWarriors 1 (of Brotherhood)	2694470510	normal	Afixo
Skill Monk BronzeWarriors 2 (of Brotherhood)	2694470511	normal	Afixo
Skill Monk BronzeWarriors 3 (of Brotherhood)	2694470512	normal	Afixo
Skill Monk CircleofWrath 1 (of Anguish)	3544421202	normal	Afixo
Skill Monk CircleofWrath 2 (of Anguish)	3544421203	normal	Afixo
Skill Monk CircleofWrath 3 (of Anguish)	3544421204	normal	Afixo
Skill Monk CripplingWave 2 (of Breaking)	2943474529	normal	Afixo
Skill Monk CripplingWave 3 (of Breaking)	2943474530	normal	Afixo
Skill Monk DashingStrike 2 (of Reflex)	3926090710	normal	Afixo
Skill Monk DashingStrike 3 (of Reflex)	3926090711	normal	Afixo
Skill Monk DeadlyReach 2 (of Lunging)	2147345340	normal	Afixo
Skill Monk DeadlyReach 3 (of Lunging)	2147345341	normal	Afixo
Skill Monk DominateAura 1 (of Authority)	1977819199	normal	Afixo
Skill Monk DominateAura 2 (of Authority)	1977819200	normal	Afixo
Skill Monk DominateAura 3 (of Authority)	1977819201	normal	Afixo
Skill Monk ExplodingPalm 2 (of Bursting)	188950842	normal	Afixo
Skill Monk ExplodingPalm 3 (of Bursting)	188950843	normal	Afixo
Skill Monk FistsofThunder 2 (of the Monsoon)	3554638686	normal	Afixo
Skill Monk FistsofThunder 3 (of the Monsoon)	3554638687	normal	Afixo
Skill Monk HolyAura 1 (of Divinity)	3291285962	normal	Afixo
Skill Monk HolyAura 2 (of Divinity)	3291285963	normal	Afixo
Skill Monk HolyAura 3 (of Divinity)	3291285964	normal	Afixo
Skill Monk InnerSanctuary 1 (of Honor)	2505247611	normal	Afixo
Skill Monk InnerSanctuary 2 (of Honor)	2505247612	normal	Afixo
Skill Monk InnerSanctuary 3 (of Honor)	2505247613	normal	Afixo
Skill Monk LashingTailKick 2 (of the Scorpion)	118833144	normal	Afixo
Skill Monk LashingTailKick 3 (of the Scorpion)	118833145	normal	Afixo
Skill Monk LethalDecoy 1 (of Diversion)	3133995251	normal	Afixo
Skill Monk LethalDecoy 2 (of Diversion)	3133995252	normal	Afixo
Skill Monk LethalDecoy 3 (of Diversion)	3133995253	normal	Afixo
Skill Monk MysticAlly 1 (of Devotion)	1435692624	normal	Afixo
Skill Monk MysticAlly 2 (of Devotion)	1435692625	normal	Afixo
Skill Monk MysticAlly 3 (of Devotion)	1435692626	normal	Afixo
Skill Monk ResistAura 1 (of Chastity)	898815848	normal	Afixo
Skill Monk ResistAura 2 (of Chastity)	898815849	normal	Afixo
Skill Monk ResistAura 3 (of Chastity)	898815850	normal	Afixo
Skill Monk RetributionAura 1 (of Humility)	1298724933	normal	Afixo
Skill Monk RetributionAura 2 (of Humility)	1298724934	normal	Afixo
Skill Monk RetributionAura 3 (of Humility)	1298724935	normal	Afixo
Skill Monk Serenity 1 (of Virtue)	121537368	normal	Afixo
Skill Monk Serenity 2 (of Virtue)	121537369	normal	Afixo
Skill Monk Serenity 3 (of Virtue)	121537370	normal	Afixo
Skill Monk SevenSidedStrike 1 (of Technique)	3179396385	normal	Afixo
Skill Monk SevenSidedStrike 2 (of Technique)	3179396386	normal	Afixo
Skill Monk SevenSidedStrike 3 (of Technique)	3179396387	normal	Afixo
Skill Monk SweepingWind 2 (of the Wind)	3144246842	normal	Afixo
Skill Monk SweepingWind 3 (of the Wind)	3144246843	normal	Afixo
Skill Monk WaveofLight 2 (of Radiance)	2774323846	normal	Afixo
Skill Monk WaveofLight 3 (of Radiance)	2774323847	normal	Afixo
Skill Monk WayoftheHundredFists 2 (of Pummeling)	3793192800	normal	Afixo
Skill Monk WayoftheHundredFists 3 (of Pummeling)	3793192801	normal	Afixo
Skill Witchdoctor AcidCloud 2 (of Corrosion)	926804259	normal	Afixo
Skill Witchdoctor AcidCloud 3 (of Corrosion)	926804260	normal	Afixo
Skill Witchdoctor BigBadVoodoo 1 (of Loathing)	2405438409	normal	Afixo
Skill Witchdoctor BigBadVoodoo 2 (of Loathing)	2405438410	normal	Afixo
Skill Witchdoctor BigBadVoodoo 3 (of Loathing)	2405438411	normal	Afixo
Skill Witchdoctor CorpseSpiders 2 (of the Black Widow)	3176942721	normal	Afixo
Skill Witchdoctor CorpseSpiders 3 (of the Black Widow)	3176942722	normal	Afixo
Skill Witchdoctor FetishArmy 1 (of the Mob)	11795702	normal	Afixo
Skill Witchdoctor FetishArmy 2 (of the Mob)	11795703	normal	Afixo
Skill Witchdoctor FetishArmy 3 (of the Mob)	11795704	normal	Afixo
Skill Witchdoctor Firebats 2 (of the Deep)	2802629035	normal	Afixo
Skill Witchdoctor Firebats 3 (of the Deep)	2802629036	normal	Afixo
Skill Witchdoctor Firebomb 2 (of Blazing)	2818961857	normal	Afixo
Skill Witchdoctor Firebomb 3 (of Blazing)	2818961858	normal	Afixo
Skill Witchdoctor Gargantuan 1 (of the Titans)	2296676322	normal	Afixo
Skill Witchdoctor Gargantuan 2 (of the Titans)	2296676323	normal	Afixo
Skill Witchdoctor Gargantuan 3 (of the Titans)	2296676324	normal	Afixo
Skill Witchdoctor GraspoftheDead 1 (of Clutching)	537307387	normal	Afixo
Skill Witchdoctor GraspoftheDead 2 (of Clutching)	537307388	normal	Afixo
Skill Witchdoctor GraspoftheDead 3 (of Clutching)	537307389	normal	Afixo
Skill Witchdoctor Haunt 2 (of the Wraith)	3096084283	normal	Afixo
Skill Witchdoctor Haunt 3 (of the Wraith)	3096084284	normal	Afixo
Skill Witchdoctor Hex 1 (of Bane)	1521410207	normal	Afixo
Skill Witchdoctor Hex 2 (of Bane)	1521410208	normal	Afixo
Skill Witchdoctor Hex 3 (of Bane)	1521410209	normal	Afixo
Skill Witchdoctor Horrify 1 (of Trauma)	310858205	normal	Afixo
Skill Witchdoctor Horrify 2 (of Trauma)	310858206	normal	Afixo
Skill Witchdoctor Horrify 3 (of Trauma)	310858207	normal	Afixo
Skill Witchdoctor LocustSwarm 2 (of Pestilence)	3116536543	normal	Afixo
Skill Witchdoctor LocustSwarm 3 (of Pestilence)	3116536544	normal	Afixo
Skill Witchdoctor MassConfusion 1 (of Upheaval)	3547939938	normal	Afixo
Skill Witchdoctor MassConfusion 2 (of Upheaval)	3547939939	normal	Afixo
Skill Witchdoctor MassConfusion 3 (of Upheaval)	3547939940	normal	Afixo
Skill Witchdoctor PlagueofToads 2 (of the Jungle)	3199003145	normal	Afixo
Skill Witchdoctor PlagueofToads 3 (of the Jungle)	3199003146	normal	Afixo
Skill Witchdoctor PoisonDart 2 (of Stinging)	2732687326	normal	Afixo
Skill Witchdoctor PoisonDart 3 (of Stinging)	2732687327	normal	Afixo
Skill Witchdoctor Sacrifice 1 (of the Martyr)	2143588067	normal	Afixo
Skill Witchdoctor Sacrifice 2 (of the Martyr)	2143588068	normal	Afixo
Skill Witchdoctor Sacrifice 3 (of the Martyr)	2143588069	normal	Afixo
Skill Witchdoctor SoulHarvest 1 (of the Reaper)	1212119258	normal	Afixo
Skill Witchdoctor SoulHarvest 2 (of the Reaper)	1212119259	normal	Afixo
Skill Witchdoctor SoulHarvest 3 (of the Reaper)	1212119260	normal	Afixo
Skill Witchdoctor SpiritBarrage 2 (of Phantoms)	212397930	normal	Afixo
Skill Witchdoctor SpiritBarrage 3 (of Phantoms)	212397931	normal	Afixo
Skill Witchdoctor SpiritWalk 1 (of Twilight)	3074219748	normal	Afixo
Skill Witchdoctor SpiritWalk 2 (of Twilight)	3074219749	normal	Afixo
Skill Witchdoctor SpiritWalk 3 (of Twilight)	3074219750	normal	Afixo
Skill Witchdoctor SummonZombieDog 2 (of Domination)	1158278586	normal	Afixo
Skill Witchdoctor SummonZombieDog 3 (of Domination)	1158278587	normal	Afixo
Skill Witchdoctor WallofZombies 2 (of the Lost)	44231513	normal	Afixo
Skill Witchdoctor WallofZombies 3 (of the Lost)	44231514	normal	Afixo
Skill Witchdoctor ZombieCharger 2 (of Blind Rage)	136016125	normal	Afixo
Skill Witchdoctor ZombieCharger 3 (of Blind Rage)	136016126	normal	Afixo
Skill Wizard ArcaneOrb 2 (of Spheres)	496122447	normal	Afixo
Skill Wizard ArcaneOrb 3 (of Spheres)	496122448	normal	Afixo
Skill Wizard ArcaneTorrent 2 (of Shooting Stars)	3391190266	normal	Afixo
Skill Wizard ArcaneTorrent 3 (of Shooting Stars)	3391190267	normal	Afixo
Skill Wizard Archon 1 (of Ascension)	127633084	normal	Afixo
Skill Wizard Archon 2 (of Ascension)	127633085	normal	Afixo
Skill Wizard Archon 3 (of Ascension)	127633086	normal	Afixo
Skill Wizard Blizzard 2 (of Hail)	2982586468	normal	Afixo
Skill Wizard Blizzard 3 (of Hail)	2982586469	normal	Afixo
Skill Wizard ChargedBolt 2 (of Ruin)	400325377	normal	Afixo
Skill Wizard ChargedBolt 3 (of Ruin)	400325378	normal	Afixo
Skill Wizard DiamondSkin 1 (of the Prism)	2643173938	normal	Afixo
Skill Wizard DiamondSkin 2 (of the Prism)	2643173939	normal	Afixo
Skill Wizard DiamondSkin 3 (of the Prism)	2643173940	normal	Afixo
Skill Wizard Disintegrate 2 (of Entropy)	3252189989	normal	Afixo
Skill Wizard Disintegrate 3 (of Entropy)	3252189990	normal	Afixo
Skill Wizard Electrocute 2 (of Striking)	2389466945	normal	Afixo
Skill Wizard Electrocute 3 (of Striking)	2389466946	normal	Afixo
Skill Wizard EnergyArmor 1 (of Transmutation)	2770826316	normal	Afixo
Skill Wizard EnergyArmor 2 (of Transmutation)	2770826317	normal	Afixo
Skill Wizard EnergyArmor 3 (of Transmutation)	2770826318	normal	Afixo
Skill Wizard EnergyTwister 2 (of Wild Magic)	2769424958	normal	Afixo
Skill Wizard EnergyTwister 3 (of Wild Magic)	2769424959	normal	Afixo
Skill Wizard ExplosiveBlast 2 (of Detonation)	1032834743	normal	Afixo
Skill Wizard ExplosiveBlast 3 (of Detonation)	1032834744	normal	Afixo
Skill Wizard Familiar 1 (of Camaraderie)	887148774	normal	Afixo
Skill Wizard Familiar 2 (of Camaraderie)	887148775	normal	Afixo
Skill Wizard Familiar 3 (of Camaraderie)	887148776	normal	Afixo
Skill Wizard FrostNova 1 (of Frostbite)	2914389987	normal	Afixo
Skill Wizard FrostNova 2 (of Frostbite)	2914389988	normal	Afixo
Skill Wizard FrostNova 3 (of Frostbite)	2914389989	normal	Afixo
Skill Wizard Hydra 2 (of the Myriad)	4243748250	normal	Afixo
Skill Wizard Hydra 3 (of the Myriad)	4243748251	normal	Afixo
Skill Wizard IceArmor 1 (of Frostbite)	1852300371	normal	Afixo
Skill Wizard IceArmor 2 (of Frostbite)	1852300372	normal	Afixo
Skill Wizard IceArmor 3 (of Frostbite)	1852300373	normal	Afixo
Skill Wizard MagicMissile 2 (of Evocation)	75642873	normal	Afixo
Skill Wizard MagicMissile 3 (of Evocation)	75642874	normal	Afixo
Skill Wizard MagicWeapon 1 (of Enchantment)	3961544140	normal	Afixo
Skill Wizard MagicWeapon 2 (of Enchantment)	3961544141	normal	Afixo
Skill Wizard MagicWeapon 3 (of Enchantment)	3961544142	normal	Afixo
Skill Wizard Meteor 2 (of Comets)	1500374446	normal	Afixo
Skill Wizard Meteor 3 (of Comets)	1500374447	normal	Afixo
Skill Wizard MirrorImage 1 (of Reflection)	2054500895	normal	Afixo
Skill Wizard MirrorImage 2 (of Reflection)	2054500896	normal	Afixo
Skill Wizard MirrorImage 3 (of Reflection)	2054500897	normal	Afixo
Skill Wizard RayofFrost 2 (of Chill)	3729838321	normal	Afixo
Skill Wizard RayofFrost 3 (of Chill)	3729838322	normal	Afixo
Skill Wizard SlowTime 1 (of Time)	2342889781	normal	Afixo
Skill Wizard SlowTime 2 (of Time)	2342889782	normal	Afixo
Skill Wizard SlowTime 3 (of Time)	2342889783	normal	Afixo
Skill Wizard SpectralBlade 2 (of Slashing)	3691931160	normal	Afixo
Skill Wizard SpectralBlade 3 (of Slashing)	3691931161	normal	Afixo
Skill Wizard StormArmor 1 (of the Tempest)	519340343	normal	Afixo
Skill Wizard StormArmor 2 (of the Tempest)	519340344	normal	Afixo
Skill Wizard StormArmor 3 (of the Tempest)	519340345	normal	Afixo
Skill Wizard Teleport 1 (of Blinking)	688278864	normal	Afixo
Skill Wizard Teleport 2 (of Blinking)	688278865	normal	Afixo
Skill Wizard Teleport 3 (of Blinking)	688278866	normal	Afixo
Skill Wizard WaveofForce 1 (of Ill Will)	4182846456	normal	Afixo
Skill Wizard WaveofForce 2 (of Ill Will)	4182846457	normal	Afixo
Skill Wizard WaveofForce 3 (of Ill Will)	4182846458	normal	Afixo
Skill Barbarian Bash 1 (of Bruising)	3077842126	normal	Afixo
Skill Barbarian Bash 2 (of Bruising)	3077842127	normal	Afixo
Skill Barbarian Bash 3 (of Bruising)	3077842128	normal	Afixo
Skill Barbarian Bash 4 (of Bruising)	3077842129	normal	Afixo
Skill Barbarian Bash 5 (of Bruising)	3077842130	normal	Afixo
Skill Barbarian Bash 6 (of Bruising)	3077842131	normal	Afixo
Skill Barbarian Bash 7 (of Bruising)	3077842132	normal	Afixo
Skill Barbarian Bash 8 (of Bruising)	3077842133	normal	Afixo
Skill Barbarian Cleave 1 (of Sundering)	2132551488	normal	Afixo
Skill Barbarian Cleave 2 (of Sundering)	2132551489	normal	Afixo
Skill Barbarian Cleave 3 (of Sundering)	2132551490	normal	Afixo
Skill Barbarian Cleave 4 (of Sundering)	2132551491	normal	Afixo
Skill Barbarian Cleave 5 (of Sundering)	2132551492	normal	Afixo
Skill Barbarian Cleave 6 (of Sundering)	2132551493	normal	Afixo
Skill Barbarian Cleave 7 (of Sundering)	2132551494	normal	Afixo
Skill Barbarian Cleave 8 (of Sundering)	2132551495	normal	Afixo
Skill Barbarian Frenzy 1 (of the Maniac)	313317262	normal	Afixo
Skill Barbarian Frenzy 2 (of the Maniac)	313317263	normal	Afixo
Skill Barbarian Frenzy 3 (of the Maniac)	313317264	normal	Afixo
Skill Barbarian Frenzy 4 (of the Maniac)	313317265	normal	Afixo
Skill Barbarian Frenzy 5 (of the Maniac)	313317266	normal	Afixo
Skill Barbarian Frenzy 6 (of the Maniac)	313317267	normal	Afixo
Skill Barbarian Frenzy 7 (of the Maniac)	313317268	normal	Afixo
Skill Barbarian Frenzy 8 (of the Maniac)	313317269	normal	Afixo
Skill Barbarian HotA 1 (of Demolition)	3329285692	normal	Afixo
Skill Barbarian HotA 2 (of Demolition)	3329285693	normal	Afixo
Skill Barbarian HotA 3 (of Demolition)	3329285694	normal	Afixo
Skill Barbarian HotA 4 (of Demolition)	3329285695	normal	Afixo
Skill Barbarian HotA 5 (of Demolition)	3329285696	normal	Afixo
Skill Barbarian HotA 6 (of Demolition)	3329285697	normal	Afixo
Skill Barbarian HotA 7 (of Demolition)	3329285698	normal	Afixo
Skill Barbarian HotA 8 (of Demolition)	3329285699	normal	Afixo
Skill Barbarian Overpower 1 (of Conquest)	4160624409	normal	Afixo
Skill Barbarian Overpower 2 (of Conquest)	4160624410	normal	Afixo
Skill Barbarian Overpower 3 (of Conquest)	4160624411	normal	Afixo
Skill Barbarian Overpower 4 (of Conquest)	4160624412	normal	Afixo
Skill Barbarian Overpower 5 (of Conquest)	4160624413	normal	Afixo
Skill Barbarian Overpower 6 (of Conquest)	4160624414	normal	Afixo
Skill Barbarian Overpower 7 (of Conquest)	4160624415	normal	Afixo
Skill Barbarian Overpower 8 (of Conquest)	4160624416	normal	Afixo
Skill Barbarian Rend 1 (of Evisceration)	3708568057	normal	Afixo
Skill Barbarian Rend 2 (of Evisceration)	3708568058	normal	Afixo
Skill Barbarian Rend 3 (of Evisceration)	3708568059	normal	Afixo
Skill Barbarian Rend 4 (of Evisceration)	3708568060	normal	Afixo
Skill Barbarian Rend 5 (of Evisceration)	3708568061	normal	Afixo
Skill Barbarian Rend 6 (of Evisceration)	3708568062	normal	Afixo
Skill Barbarian Rend 7 (of Evisceration)	3708568063	normal	Afixo
Skill Barbarian Rend 8 (of Evisceration)	3708568064	normal	Afixo
Skill Barbarian Revenge 1 (of Vengeance)	3850567612	normal	Afixo
Skill Barbarian Revenge 2 (of Vengeance)	3850567613	normal	Afixo
Skill Barbarian Revenge 3 (of Vengeance)	3850567614	normal	Afixo
Skill Barbarian Revenge 4 (of Vengeance)	3850567615	normal	Afixo
Skill Barbarian Revenge 5 (of Vengeance)	3850567616	normal	Afixo
Skill Barbarian Revenge 6 (of Vengeance)	3850567617	normal	Afixo
Skill Barbarian Revenge 7 (of Vengeance)	3850567618	normal	Afixo
Skill Barbarian Revenge 8 (of Vengeance)	3850567619	normal	Afixo
Skill Barbarian SeismicSlam 1 (of Shattering)	1015273642	normal	Afixo
Skill Barbarian SeismicSlam 2 (of Shattering)	1015273643	normal	Afixo
Skill Barbarian SeismicSlam 3 (of Shattering)	1015273644	normal	Afixo
Skill Barbarian SeismicSlam 4 (of Shattering)	1015273645	normal	Afixo
Skill Barbarian SeismicSlam 5 (of Shattering)	1015273646	normal	Afixo
Skill Barbarian SeismicSlam 6 (of Shattering)	1015273647	normal	Afixo
Skill Barbarian SeismicSlam 7 (of Shattering)	1015273648	normal	Afixo
Skill Barbarian SeismicSlam 8 (of Shattering)	1015273649	normal	Afixo
Skill Barbarian WeaponThrow 1 (of Hurling)	3433455726	normal	Afixo
Skill Barbarian WeaponThrow 2 (of Hurling)	3433455727	normal	Afixo
Skill Barbarian WeaponThrow 3 (of Hurling)	3433455728	normal	Afixo
Skill Barbarian WeaponThrow 4 (of Hurling)	3433455729	normal	Afixo
Skill Barbarian WeaponThrow 5 (of Hurling)	3433455730	normal	Afixo
Skill Barbarian WeaponThrow 6 (of Hurling)	3433455731	normal	Afixo
Skill Barbarian WeaponThrow 7 (of Hurling)	3433455732	normal	Afixo
Skill Barbarian WeaponThrow 8 (of Hurling)	3433455733	normal	Afixo
Skill Barbarian Whirlwind 1 (of Vertigo)	2584298536	normal	Afixo
Skill Barbarian Whirlwind 2 (of Vertigo)	2584298537	normal	Afixo
Skill Barbarian Whirlwind 3 (of Vertigo)	2584298538	normal	Afixo
Skill Barbarian Whirlwind 4 (of Vertigo)	2584298539	normal	Afixo
Skill Barbarian Whirlwind 5 (of Vertigo)	2584298540	normal	Afixo
Skill Barbarian Whirlwind 6 (of Vertigo)	2584298541	normal	Afixo
Skill Barbarian Whirlwind 7 (of Vertigo)	2584298542	normal	Afixo
Skill Barbarian Whirlwind 8 (of Vertigo)	2584298543	normal	Afixo
Skill DemonHunter BolaShot 1 (of the Bounty Hunter)	3576897203	normal	Afixo
Skill DemonHunter BolaShot 2 (of the Bounty Hunter)	3576897204	normal	Afixo
Skill DemonHunter BolaShot 3 (of the Bounty Hunter)	3576897205	normal	Afixo
Skill DemonHunter BolaShot 4 (of the Bounty Hunter)	3576897206	normal	Afixo
Skill DemonHunter BolaShot 5 (of the Bounty Hunter)	3576897207	normal	Afixo
Skill DemonHunter BolaShot 6 (of the Bounty Hunter)	3576897208	normal	Afixo
Skill DemonHunter BolaShot 7 (of the Bounty Hunter)	3576897209	normal	Afixo
Skill DemonHunter BolaShot 8 (of the Bounty Hunter)	3576897210	normal	Afixo
Skill DemonHunter Chakram 1 (of the Boomerang)	2538925230	normal	Afixo
Skill DemonHunter Chakram 2 (of the Boomerang)	2538925231	normal	Afixo
Skill DemonHunter Chakram 3 (of the Boomerang)	2538925232	normal	Afixo
Skill DemonHunter Chakram 4 (of the Boomerang)	2538925233	normal	Afixo
Skill DemonHunter Chakram 5 (of the Boomerang)	2538925234	normal	Afixo
Skill DemonHunter Chakram 6 (of the Boomerang)	2538925235	normal	Afixo
Skill DemonHunter Chakram 7 (of the Boomerang)	2538925236	normal	Afixo
Skill DemonHunter Chakram 8 (of the Boomerang)	2538925237	normal	Afixo
Skill DemonHunter ClusterArrow 1 (of Splinters)	1096136612	normal	Afixo
Skill DemonHunter ClusterArrow 2 (of Splinters)	1096136613	normal	Afixo
Skill DemonHunter ClusterArrow 3 (of Splinters)	1096136614	normal	Afixo
Skill DemonHunter ClusterArrow 4 (of Splinters)	1096136615	normal	Afixo
Skill DemonHunter ClusterArrow 5 (of Splinters)	1096136616	normal	Afixo
Skill DemonHunter ClusterArrow 6 (of Splinters)	1096136617	normal	Afixo
Skill DemonHunter ClusterArrow 7 (of Splinters)	1096136618	normal	Afixo
Skill DemonHunter ClusterArrow 8 (of Splinters)	1096136619	normal	Afixo
Skill DemonHunter ElementalArrow 1 (of Blasting)	2961976185	normal	Afixo
Skill DemonHunter ElementalArrow 2 (of Blasting)	2961976186	normal	Afixo
Skill DemonHunter ElementalArrow 3 (of Blasting)	2961976187	normal	Afixo
Skill DemonHunter ElementalArrow 4 (of Blasting)	2961976188	normal	Afixo
Skill DemonHunter ElementalArrow 5 (of Blasting)	2961976189	normal	Afixo
Skill DemonHunter ElementalArrow 6 (of Blasting)	2961976190	normal	Afixo
Skill DemonHunter ElementalArrow 7 (of Blasting)	2961976191	normal	Afixo
Skill DemonHunter ElementalArrow 8 (of Blasting)	2961976192	normal	Afixo
Skill DemonHunter EntanglingShot 1 (of Binding)	4127163676	normal	Afixo
Skill DemonHunter EntanglingShot 2 (of Binding)	4127163677	normal	Afixo
Skill DemonHunter EntanglingShot 3 (of Binding)	4127163678	normal	Afixo
Skill DemonHunter EntanglingShot 4 (of Binding)	4127163679	normal	Afixo
Skill DemonHunter EntanglingShot 5 (of Binding)	4127163680	normal	Afixo
Skill DemonHunter EntanglingShot 6 (of Binding)	4127163681	normal	Afixo
Skill DemonHunter EntanglingShot 7 (of Binding)	4127163682	normal	Afixo
Skill DemonHunter EntanglingShot 8 (of Binding)	4127163683	normal	Afixo
Skill DemonHunter EvasiveFire 1 (of Suppression )	3511455696	normal	Afixo
Skill DemonHunter EvasiveFire 2 (of Suppression )	3511455697	normal	Afixo
Skill DemonHunter EvasiveFire 3 (of Suppression )	3511455698	normal	Afixo
Skill DemonHunter EvasiveFire 4 (of Suppression )	3511455699	normal	Afixo
Skill DemonHunter EvasiveFire 5 (of Suppression )	3511455700	normal	Afixo
Skill DemonHunter EvasiveFire 6 (of Suppression )	3511455701	normal	Afixo
Skill DemonHunter EvasiveFire 7 (of Suppression )	3511455702	normal	Afixo
Skill DemonHunter EvasiveFire 8 (of Suppression )	3511455703	normal	Afixo
Skill DemonHunter Grenades 1 (of the Grenadier)	2407189920	normal	Afixo
Skill DemonHunter Grenades 2 (of the Grenadier)	2407189921	normal	Afixo
Skill DemonHunter Grenades 3 (of the Grenadier)	2407189922	normal	Afixo
Skill DemonHunter Grenades 4 (of the Grenadier)	2407189923	normal	Afixo
Skill DemonHunter Grenades 5 (of the Grenadier)	2407189924	normal	Afixo
Skill DemonHunter Grenades 6 (of the Grenadier)	2407189925	normal	Afixo
Skill DemonHunter Grenades 7 (of the Grenadier)	2407189926	normal	Afixo
Skill DemonHunter Grenades 8 (of the Grenadier)	2407189927	normal	Afixo
Skill DemonHunter HungeringArrow 1 (of the Predator)	29193161	normal	Afixo
Skill DemonHunter HungeringArrow 2 (of the Predator)	29193162	normal	Afixo
Skill DemonHunter HungeringArrow 3 (of the Predator)	29193163	normal	Afixo
Skill DemonHunter HungeringArrow 4 (of the Predator)	29193164	normal	Afixo
Skill DemonHunter HungeringArrow 5 (of the Predator)	29193165	normal	Afixo
Skill DemonHunter HungeringArrow 6 (of the Predator)	29193166	normal	Afixo
Skill DemonHunter HungeringArrow 7 (of the Predator)	29193167	normal	Afixo
Skill DemonHunter HungeringArrow 8 (of the Predator)	29193168	normal	Afixo
Skill DemonHunter Impale 1 (of Razors)	3299747631	normal	Afixo
Skill DemonHunter Impale 2 (of Razors)	3299747632	normal	Afixo
Skill DemonHunter Impale 3 (of Razors)	3299747633	normal	Afixo
Skill DemonHunter Impale 4 (of Razors)	3299747634	normal	Afixo
Skill DemonHunter Impale 5 (of Razors)	3299747635	normal	Afixo
Skill DemonHunter Impale 6 (of Razors)	3299747636	normal	Afixo
Skill DemonHunter Impale 7 (of Razors)	3299747637	normal	Afixo
Skill DemonHunter Impale 8 (of Razors)	3299747638	normal	Afixo
Skill DemonHunter Multishot 1 (of Volleys)	4011281312	normal	Afixo
Skill DemonHunter Multishot 2 (of Volleys)	4011281313	normal	Afixo
Skill DemonHunter Multishot 3 (of Volleys)	4011281314	normal	Afixo
Skill DemonHunter Multishot 4 (of Volleys)	4011281315	normal	Afixo
Skill DemonHunter Multishot 5 (of Volleys)	4011281316	normal	Afixo
Skill DemonHunter Multishot 6 (of Volleys)	4011281317	normal	Afixo
Skill DemonHunter Multishot 7 (of Volleys)	4011281318	normal	Afixo
Skill DemonHunter Multishot 8 (of Volleys)	4011281319	normal	Afixo
Skill DemonHunter RapidFire 1 (of Salvos)	1158568845	normal	Afixo
Skill DemonHunter RapidFire 2 (of Salvos)	1158568846	normal	Afixo
Skill DemonHunter RapidFire 3 (of Salvos)	1158568847	normal	Afixo
Skill DemonHunter RapidFire 4 (of Salvos)	1158568848	normal	Afixo
Skill DemonHunter RapidFire 5 (of Salvos)	1158568849	normal	Afixo
Skill DemonHunter RapidFire 6 (of Salvos)	1158568850	normal	Afixo
Skill DemonHunter RapidFire 7 (of Salvos)	1158568851	normal	Afixo
Skill DemonHunter RapidFire 8 (of Salvos)	1158568852	normal	Afixo
Skill DemonHunter SpikeTrap 1 (of Spines)	509760234	normal	Afixo
Skill DemonHunter SpikeTrap 2 (of Spines)	509760235	normal	Afixo
Skill DemonHunter SpikeTrap 3 (of Spines)	509760236	normal	Afixo
Skill DemonHunter SpikeTrap 4 (of Spines)	509760237	normal	Afixo
Skill DemonHunter SpikeTrap 5 (of Spines)	509760238	normal	Afixo
Skill DemonHunter SpikeTrap 6 (of Spines)	509760239	normal	Afixo
Skill DemonHunter SpikeTrap 7 (of Spines)	509760240	normal	Afixo
Skill DemonHunter SpikeTrap 8 (of Spines)	509760241	normal	Afixo
Skill DemonHunter Strafe 1 (of Prowess)	515844156	normal	Afixo
Skill DemonHunter Strafe 2 (of Prowess)	515844157	normal	Afixo
Skill DemonHunter Strafe 3 (of Prowess)	515844158	normal	Afixo
Skill DemonHunter Strafe 4 (of Prowess)	515844159	normal	Afixo
Skill DemonHunter Strafe 5 (of Prowess)	515844160	normal	Afixo
Skill DemonHunter Strafe 6 (of Prowess)	515844161	normal	Afixo
Skill DemonHunter Strafe 7 (of Prowess)	515844162	normal	Afixo
Skill DemonHunter Strafe 8 (of Prowess)	515844163	normal	Afixo
Skill Monk CripplingWave 1 (of Breaking)	2729956222	normal	Afixo
Skill Monk CripplingWave 2 (of Breaking)	2729956223	normal	Afixo
Skill Monk CripplingWave 3 (of Breaking)	2729956224	normal	Afixo
Skill Monk CripplingWave 4 (of Breaking)	2729956225	normal	Afixo
Skill Monk CripplingWave 5 (of Breaking)	2729956226	normal	Afixo
Skill Monk CripplingWave 6 (of Breaking)	2729956227	normal	Afixo
Skill Monk CripplingWave 7 (of Breaking)	2729956228	normal	Afixo
Skill Monk CripplingWave 8 (of Breaking)	2729956229	normal	Afixo
Skill Monk CycloneStrike 1 (of the Hurricane)	3440873538	normal	Afixo
Skill Monk CycloneStrike 2 (of the Hurricane)	3440873539	normal	Afixo
Skill Monk CycloneStrike 3 (of the Hurricane)	3440873540	normal	Afixo
Skill Monk CycloneStrike 4 (of the Hurricane)	3440873541	normal	Afixo
Skill Monk CycloneStrike 5 (of the Hurricane)	3440873542	normal	Afixo
Skill Monk CycloneStrike 6 (of the Hurricane)	3440873543	normal	Afixo
Skill Monk CycloneStrike 7 (of the Hurricane)	3440873544	normal	Afixo
Skill Monk CycloneStrike 8 (of the Hurricane)	3440873545	normal	Afixo
Skill Monk DeadlyReach 1 (of Lunging)	2592816217	normal	Afixo
Skill Monk DeadlyReach 2 (of Lunging)	2592816218	normal	Afixo
Skill Monk DeadlyReach 3 (of Lunging)	2592816219	normal	Afixo
Skill Monk DeadlyReach 4 (of Lunging)	2592816220	normal	Afixo
Skill Monk DeadlyReach 5 (of Lunging)	2592816221	normal	Afixo
Skill Monk DeadlyReach 6 (of Lunging)	2592816222	normal	Afixo
Skill Monk DeadlyReach 7 (of Lunging)	2592816223	normal	Afixo
Skill Monk DeadlyReach 8 (of Lunging)	2592816224	normal	Afixo
Skill Monk ExplodingPalm 1 (of Bursting)	4270399831	normal	Afixo
Skill Monk ExplodingPalm 2 (of Bursting)	4270399832	normal	Afixo
Skill Monk ExplodingPalm 3 (of Bursting)	4270399833	normal	Afixo
Skill Monk ExplodingPalm 4 (of Bursting)	4270399834	normal	Afixo
Skill Monk ExplodingPalm 5 (of Bursting)	4270399835	normal	Afixo
Skill Monk ExplodingPalm 6 (of Bursting)	4270399836	normal	Afixo
Skill Monk ExplodingPalm 7 (of Bursting)	4270399837	normal	Afixo
Skill Monk ExplodingPalm 8 (of Bursting)	4270399838	normal	Afixo
Skill Monk FistsofThunder 1 (of the Monsoon)	803501883	normal	Afixo
Skill Monk FistsofThunder 2 (of the Monsoon)	803501884	normal	Afixo
Skill Monk FistsofThunder 3 (of the Monsoon)	803501885	normal	Afixo
Skill Monk FistsofThunder 4 (of the Monsoon)	803501886	normal	Afixo
Skill Monk FistsofThunder 5 (of the Monsoon)	803501887	normal	Afixo
Skill Monk FistsofThunder 6 (of the Monsoon)	803501888	normal	Afixo
Skill Monk FistsofThunder 7 (of the Monsoon)	803501889	normal	Afixo
Skill Monk FistsofThunder 8 (of the Monsoon)	803501890	normal	Afixo
Skill Monk LashingTailKick 1 (of the Scorpion)	3820599189	normal	Afixo
Skill Monk LashingTailKick 2 (of the Scorpion)	3820599190	normal	Afixo
Skill Monk LashingTailKick 3 (of the Scorpion)	3820599191	normal	Afixo
Skill Monk LashingTailKick 4 (of the Scorpion)	3820599192	normal	Afixo
Skill Monk LashingTailKick 5 (of the Scorpion)	3820599193	normal	Afixo
Skill Monk LashingTailKick 6 (of the Scorpion)	3820599194	normal	Afixo
Skill Monk LashingTailKick 7 (of the Scorpion)	3820599195	normal	Afixo
Skill Monk LashingTailKick 8 (of the Scorpion)	3820599196	normal	Afixo
Skill Monk SweepingWind 1 (of the Wind)	664916631	normal	Afixo
Skill Monk SweepingWind 2 (of the Wind)	664916632	normal	Afixo
Skill Monk SweepingWind 3 (of the Wind)	664916633	normal	Afixo
Skill Monk SweepingWind 4 (of the Wind)	664916634	normal	Afixo
Skill Monk SweepingWind 5 (of the Wind)	664916635	normal	Afixo
Skill Monk SweepingWind 6 (of the Wind)	664916636	normal	Afixo
Skill Monk SweepingWind 7 (of the Wind)	664916637	normal	Afixo
Skill Monk SweepingWind 8 (of the Wind)	664916638	normal	Afixo
Skill Monk TempestRush 1 (of Reflex)	35341959	normal	Afixo
Skill Monk TempestRush 2 (of Reflex)	35341960	normal	Afixo
Skill Monk TempestRush 3 (of Reflex)	35341961	normal	Afixo
Skill Monk TempestRush 4 (of Reflex)	35341962	normal	Afixo
Skill Monk TempestRush 5 (of Reflex)	35341963	normal	Afixo
Skill Monk TempestRush 6 (of Reflex)	35341964	normal	Afixo
Skill Monk TempestRush 7 (of Reflex)	35341965	normal	Afixo
Skill Monk TempestRush 8 (of Reflex)	35341966	normal	Afixo
Skill Monk WaveofLight 1 (of Radiance)	3219794723	normal	Afixo
Skill Monk WaveofLight 2 (of Radiance)	3219794724	normal	Afixo
Skill Monk WaveofLight 3 (of Radiance)	3219794725	normal	Afixo
Skill Monk WaveofLight 4 (of Radiance)	3219794726	normal	Afixo
Skill Monk WaveofLight 5 (of Radiance)	3219794727	normal	Afixo
Skill Monk WaveofLight 6 (of Radiance)	3219794728	normal	Afixo
Skill Monk WaveofLight 7 (of Radiance)	3219794729	normal	Afixo
Skill Monk WaveofLight 8 (of Radiance)	3219794730	normal	Afixo
Skill Monk Wayof100Fists 1 (of Pummeling)	2180183299	normal	Afixo
Skill Monk Wayof100Fists 2 (of Pummeling)	2180183300	normal	Afixo
Skill Monk Wayof100Fists 3 (of Pummeling)	2180183301	normal	Afixo
Skill Monk Wayof100Fists 4 (of Pummeling)	2180183302	normal	Afixo
Skill Monk Wayof100Fists 5 (of Pummeling)	2180183303	normal	Afixo
Skill Monk Wayof100Fists 6 (of Pummeling)	2180183304	normal	Afixo
Skill Monk Wayof100Fists 7 (of Pummeling)	2180183305	normal	Afixo
Skill Monk Wayof100Fists 8 (of Pummeling)	2180183306	normal	Afixo
Skill WitchDoctor AcidCloud 1 (of Corrosion)	781591904	normal	Afixo
Skill WitchDoctor AcidCloud 2 (of Corrosion)	781591905	normal	Afixo
Skill WitchDoctor AcidCloud 3 (of Corrosion)	781591906	normal	Afixo
Skill WitchDoctor AcidCloud 4 (of Corrosion)	781591907	normal	Afixo
Skill WitchDoctor AcidCloud 5 (of Corrosion)	781591908	normal	Afixo
Skill WitchDoctor AcidCloud 6 (of Corrosion)	781591909	normal	Afixo
Skill WitchDoctor AcidCloud 7 (of Corrosion)	781591910	normal	Afixo
Skill WitchDoctor AcidCloud 8 (of Corrosion)	781591911	normal	Afixo
Skill WitchDoctor CorpseSpiders 1 (of the Black Widow)	3805575102	normal	Afixo
Skill WitchDoctor CorpseSpiders 2 (of the Black Widow)	3805575103	normal	Afixo
Skill WitchDoctor CorpseSpiders 3 (of the Black Widow)	3805575104	normal	Afixo
Skill WitchDoctor CorpseSpiders 4 (of the Black Widow)	3805575105	normal	Afixo
Skill WitchDoctor CorpseSpiders 5 (of the Black Widow)	3805575106	normal	Afixo
Skill WitchDoctor CorpseSpiders 6 (of the Black Widow)	3805575107	normal	Afixo
Skill WitchDoctor CorpseSpiders 7 (of the Black Widow)	3805575108	normal	Afixo
Skill WitchDoctor CorpseSpiders 8 (of the Black Widow)	3805575109	normal	Afixo
Skill WitchDoctor Firebats 1 (of the Deep)	3188680232	normal	Afixo
Skill WitchDoctor Firebats 2 (of the Deep)	3188680233	normal	Afixo
Skill WitchDoctor Firebats 3 (of the Deep)	3188680234	normal	Afixo
Skill WitchDoctor Firebats 4 (of the Deep)	3188680235	normal	Afixo
Skill WitchDoctor Firebats 5 (of the Deep)	3188680236	normal	Afixo
Skill WitchDoctor Firebats 6 (of the Deep)	3188680237	normal	Afixo
Skill WitchDoctor Firebats 7 (of the Deep)	3188680238	normal	Afixo
Skill WitchDoctor Firebats 8 (of the Deep)	3188680239	normal	Afixo
Skill WitchDoctor FireBomb 1 (of Blazing)	3205013054	normal	Afixo
Skill WitchDoctor FireBomb 2 (of Blazing)	3205013055	normal	Afixo
Skill WitchDoctor FireBomb 3 (of Blazing)	3205013056	normal	Afixo
Skill WitchDoctor FireBomb 4 (of Blazing)	3205013057	normal	Afixo
Skill WitchDoctor FireBomb 5 (of Blazing)	3205013058	normal	Afixo
Skill WitchDoctor FireBomb 6 (of Blazing)	3205013059	normal	Afixo
Skill WitchDoctor FireBomb 7 (of Blazing)	3205013060	normal	Afixo
Skill WitchDoctor FireBomb 8 (of Blazing)	3205013061	normal	Afixo
Skill WitchDoctor Haunt 1 (of the Wraith)	442649720	normal	Afixo
Skill WitchDoctor Haunt 2 (of the Wraith)	442649721	normal	Afixo
Skill WitchDoctor Haunt 3 (of the Wraith)	442649722	normal	Afixo
Skill WitchDoctor Haunt 4 (of the Wraith)	442649723	normal	Afixo
Skill WitchDoctor Haunt 5 (of the Wraith)	442649724	normal	Afixo
Skill WitchDoctor Haunt 6 (of the Wraith)	442649725	normal	Afixo
Skill WitchDoctor Haunt 7 (of the Wraith)	442649726	normal	Afixo
Skill WitchDoctor Haunt 8 (of the Wraith)	442649727	normal	Afixo
Skill WitchDoctor LocustSwarm 1 (of Pestilence)	3894072988	normal	Afixo
Skill WitchDoctor LocustSwarm 2 (of Pestilence)	3894072989	normal	Afixo
Skill WitchDoctor LocustSwarm 3 (of Pestilence)	3894072990	normal	Afixo
Skill WitchDoctor LocustSwarm 4 (of Pestilence)	3894072991	normal	Afixo
Skill WitchDoctor LocustSwarm 5 (of Pestilence)	3894072992	normal	Afixo
Skill WitchDoctor LocustSwarm 6 (of Pestilence)	3894072993	normal	Afixo
Skill WitchDoctor LocustSwarm 7 (of Pestilence)	3894072994	normal	Afixo
Skill WitchDoctor LocustSwarm 8 (of Pestilence)	3894072995	normal	Afixo
Skill WitchDoctor PlagueofToads 1 (of the Jungle)	3827635526	normal	Afixo
Skill WitchDoctor PlagueofToads 2 (of the Jungle)	3827635527	normal	Afixo
Skill WitchDoctor PlagueofToads 3 (of the Jungle)	3827635528	normal	Afixo
Skill WitchDoctor PlagueofToads 4 (of the Jungle)	3827635529	normal	Afixo
Skill WitchDoctor PlagueofToads 5 (of the Jungle)	3827635530	normal	Afixo
Skill WitchDoctor PlagueofToads 6 (of the Jungle)	3827635531	normal	Afixo
Skill WitchDoctor PlagueofToads 7 (of the Jungle)	3827635532	normal	Afixo
Skill WitchDoctor PlagueofToads 8 (of the Jungle)	3827635533	normal	Afixo
Skill WitchDoctor PoisonDart 1 (of Stinging)	2235646939	normal	Afixo
Skill WitchDoctor PoisonDart 2 (of Stinging)	2235646940	normal	Afixo
Skill WitchDoctor PoisonDart 3 (of Stinging)	2235646941	normal	Afixo
Skill WitchDoctor PoisonDart 4 (of Stinging)	2235646942	normal	Afixo
Skill WitchDoctor PoisonDart 5 (of Stinging)	2235646943	normal	Afixo
Skill WitchDoctor PoisonDart 6 (of Stinging)	2235646944	normal	Afixo
Skill WitchDoctor PoisonDart 7 (of Stinging)	2235646945	normal	Afixo
Skill WitchDoctor PoisonDart 8 (of Stinging)	2235646946	normal	Afixo
Skill WitchDoctor SpiritBarrage 1 (of Phantoms)	841030311	normal	Afixo
Skill WitchDoctor SpiritBarrage 2 (of Phantoms)	841030312	normal	Afixo
Skill WitchDoctor SpiritBarrage 3 (of Phantoms)	841030313	normal	Afixo
Skill WitchDoctor SpiritBarrage 4 (of Phantoms)	841030314	normal	Afixo
Skill WitchDoctor SpiritBarrage 5 (of Phantoms)	841030315	normal	Afixo
Skill WitchDoctor SpiritBarrage 6 (of Phantoms)	841030316	normal	Afixo
Skill WitchDoctor SpiritBarrage 7 (of Phantoms)	841030317	normal	Afixo
Skill WitchDoctor SpiritBarrage 8 (of Phantoms)	841030318	normal	Afixo
Skill WitchDoctor WallofZombies 1 (of the Lost)	672863894	normal	Afixo
Skill WitchDoctor WallofZombies 2 (of the Lost)	672863895	normal	Afixo
Skill WitchDoctor WallofZombies 3 (of the Lost)	672863896	normal	Afixo
Skill WitchDoctor WallofZombies 4 (of the Lost)	672863897	normal	Afixo
Skill WitchDoctor WallofZombies 5 (of the Lost)	672863898	normal	Afixo
Skill WitchDoctor WallofZombies 6 (of the Lost)	672863899	normal	Afixo
Skill WitchDoctor WallofZombies 7 (of the Lost)	672863900	normal	Afixo
Skill WitchDoctor WallofZombies 8 (of the Lost)	672863901	normal	Afixo
Skill WitchDoctor ZombieCharger 1 (of Blind Rage)	764648506	normal	Afixo
Skill WitchDoctor ZombieCharger 2 (of Blind Rage)	764648507	normal	Afixo
Skill WitchDoctor ZombieCharger 3 (of Blind Rage)	764648508	normal	Afixo
Skill WitchDoctor ZombieCharger 4 (of Blind Rage)	764648509	normal	Afixo
Skill WitchDoctor ZombieCharger 5 (of Blind Rage)	764648510	normal	Afixo
Skill WitchDoctor ZombieCharger 6 (of Blind Rage)	764648511	normal	Afixo
Skill WitchDoctor ZombieCharger 7 (of Blind Rage)	764648512	normal	Afixo
Skill WitchDoctor ZombieCharger 8 (of Blind Rage)	764648513	normal	Afixo
Skill WitchDoctor ZombieDogs 1 (of Domination)	2236209067	normal	Afixo
Skill WitchDoctor ZombieDogs 2 (of Domination)	2236209068	normal	Afixo
Skill WitchDoctor ZombieDogs 3 (of Domination)	2236209069	normal	Afixo
Skill WitchDoctor ZombieDogs 4 (of Domination)	2236209070	normal	Afixo
Skill WitchDoctor ZombieDogs 5 (of Domination)	2236209071	normal	Afixo
Skill WitchDoctor ZombieDogs 6 (of Domination)	2236209072	normal	Afixo
Skill WitchDoctor ZombieDogs 7 (of Domination)	2236209073	normal	Afixo
Skill WitchDoctor ZombieDogs 8 (of Domination)	2236209074	normal	Afixo
Skill Wizard ArcaneOrb 1 (of Spheres)	2939510572	normal	Afixo
Skill Wizard ArcaneOrb 2 (of Spheres)	2939510573	normal	Afixo
Skill Wizard ArcaneOrb 3 (of Spheres)	2939510574	normal	Afixo
Skill Wizard ArcaneOrb 4 (of Spheres)	2939510575	normal	Afixo
Skill Wizard ArcaneOrb 5 (of Spheres)	2939510576	normal	Afixo
Skill Wizard ArcaneOrb 6 (of Spheres)	2939510577	normal	Afixo
Skill Wizard ArcaneOrb 7 (of Spheres)	2939510578	normal	Afixo
Skill Wizard ArcaneOrb 8 (of Spheres)	2939510579	normal	Afixo
Skill Wizard ArcaneTorrent 1 (of Shooting Stars)	275241175	normal	Afixo
Skill Wizard ArcaneTorrent 2 (of Shooting Stars)	275241176	normal	Afixo
Skill Wizard ArcaneTorrent 3 (of Shooting Stars)	275241177	normal	Afixo
Skill Wizard ArcaneTorrent 4 (of Shooting Stars)	275241178	normal	Afixo
Skill Wizard ArcaneTorrent 5 (of Shooting Stars)	275241179	normal	Afixo
Skill Wizard ArcaneTorrent 6 (of Shooting Stars)	275241180	normal	Afixo
Skill Wizard ArcaneTorrent 7 (of Shooting Stars)	275241181	normal	Afixo
Skill Wizard ArcaneTorrent 8 (of Shooting Stars)	275241182	normal	Afixo
Skill Wizard Blizzard 1 (of Hail)	453618049	normal	Afixo
Skill Wizard Blizzard 2 (of Hail)	453618050	normal	Afixo
Skill Wizard Blizzard 3 (of Hail)	453618051	normal	Afixo
Skill Wizard Blizzard 4 (of Hail)	453618052	normal	Afixo
Skill Wizard Blizzard 5 (of Hail)	453618053	normal	Afixo
Skill Wizard Blizzard 6 (of Hail)	453618054	normal	Afixo
Skill Wizard Blizzard 7 (of Hail)	453618055	normal	Afixo
Skill Wizard Blizzard 8 (of Hail)	453618056	normal	Afixo
Skill Wizard Disintegrate 1 (of Entropy)	684907330	normal	Afixo
Skill Wizard Disintegrate 2 (of Entropy)	684907331	normal	Afixo
Skill Wizard Disintegrate 3 (of Entropy)	684907332	normal	Afixo
Skill Wizard Disintegrate 4 (of Entropy)	684907333	normal	Afixo
Skill Wizard Disintegrate 5 (of Entropy)	684907334	normal	Afixo
Skill Wizard Disintegrate 6 (of Entropy)	684907335	normal	Afixo
Skill Wizard Disintegrate 7 (of Entropy)	684907336	normal	Afixo
Skill Wizard Disintegrate 8 (of Entropy)	684907337	normal	Afixo
Skill Wizard Electrocute 1 (of Striking)	359412638	normal	Afixo
Skill Wizard Electrocute 2 (of Striking)	359412639	normal	Afixo
Skill Wizard Electrocute 3 (of Striking)	359412640	normal	Afixo
Skill Wizard Electrocute 4 (of Striking)	359412641	normal	Afixo
Skill Wizard Electrocute 5 (of Striking)	359412642	normal	Afixo
Skill Wizard Electrocute 6 (of Striking)	359412643	normal	Afixo
Skill Wizard Electrocute 7 (of Striking)	359412644	normal	Afixo
Skill Wizard Electrocute 8 (of Striking)	359412645	normal	Afixo
Skill Wizard EnergyTwister 1 (of Wild Magic)	3948443163	normal	Afixo
Skill Wizard EnergyTwister 2 (of Wild Magic)	3948443164	normal	Afixo
Skill Wizard EnergyTwister 3 (of Wild Magic)	3948443165	normal	Afixo
Skill Wizard EnergyTwister 4 (of Wild Magic)	3948443166	normal	Afixo
Skill Wizard EnergyTwister 5 (of Wild Magic)	3948443167	normal	Afixo
Skill Wizard EnergyTwister 6 (of Wild Magic)	3948443168	normal	Afixo
Skill Wizard EnergyTwister 7 (of Wild Magic)	3948443169	normal	Afixo
Skill Wizard EnergyTwister 8 (of Wild Magic)	3948443170	normal	Afixo
Skill Wizard ExplosiveBlast 1 (of Detonation)	1285729876	normal	Afixo
Skill Wizard ExplosiveBlast 2 (of Detonation)	1285729877	normal	Afixo
Skill Wizard ExplosiveBlast 3 (of Detonation)	1285729878	normal	Afixo
Skill Wizard ExplosiveBlast 4 (of Detonation)	1285729879	normal	Afixo
Skill Wizard ExplosiveBlast 5 (of Detonation)	1285729880	normal	Afixo
Skill Wizard ExplosiveBlast 6 (of Detonation)	1285729881	normal	Afixo
Skill Wizard ExplosiveBlast 7 (of Detonation)	1285729882	normal	Afixo
Skill Wizard ExplosiveBlast 8 (of Detonation)	1285729883	normal	Afixo
Skill Wizard Hydra 1 (of the Myriad)	1337580407	normal	Afixo
Skill Wizard Hydra 2 (of the Myriad)	1337580408	normal	Afixo
Skill Wizard Hydra 3 (of the Myriad)	1337580409	normal	Afixo
Skill Wizard Hydra 4 (of the Myriad)	1337580410	normal	Afixo
Skill Wizard Hydra 5 (of the Myriad)	1337580411	normal	Afixo
Skill Wizard Hydra 6 (of the Myriad)	1337580412	normal	Afixo
Skill Wizard Hydra 7 (of the Myriad)	1337580413	normal	Afixo
Skill Wizard Hydra 8 (of the Myriad)	1337580414	normal	Afixo
Skill Wizard MagicMissile 1 (of Evocation)	1803327510	normal	Afixo
Skill Wizard MagicMissile 2 (of Evocation)	1803327511	normal	Afixo
Skill Wizard MagicMissile 3 (of Evocation)	1803327512	normal	Afixo
Skill Wizard MagicMissile 4 (of Evocation)	1803327513	normal	Afixo
Skill Wizard MagicMissile 5 (of Evocation)	1803327514	normal	Afixo
Skill Wizard MagicMissile 6 (of Evocation)	1803327515	normal	Afixo
Skill Wizard MagicMissile 7 (of Evocation)	1803327516	normal	Afixo
Skill Wizard MagicMissile 8 (of Evocation)	1803327517	normal	Afixo
Skill Wizard Meteor 1 (of Comets)	86116171	normal	Afixo
Skill Wizard Meteor 2 (of Comets)	86116172	normal	Afixo
Skill Wizard Meteor 3 (of Comets)	86116173	normal	Afixo
Skill Wizard Meteor 4 (of Comets)	86116174	normal	Afixo
Skill Wizard Meteor 5 (of Comets)	86116175	normal	Afixo
Skill Wizard Meteor 6 (of Comets)	86116176	normal	Afixo
Skill Wizard Meteor 7 (of Comets)	86116177	normal	Afixo
Skill Wizard Meteor 8 (of Comets)	86116178	normal	Afixo
Skill Wizard RayofFrost 1 (of Chill)	2757267854	normal	Afixo
Skill Wizard RayofFrost 2 (of Chill)	2757267855	normal	Afixo
Skill Wizard RayofFrost 3 (of Chill)	2757267856	normal	Afixo
Skill Wizard RayofFrost 4 (of Chill)	2757267857	normal	Afixo
Skill Wizard RayofFrost 5 (of Chill)	2757267858	normal	Afixo
Skill Wizard RayofFrost 6 (of Chill)	2757267859	normal	Afixo
Skill Wizard RayofFrost 7 (of Chill)	2757267860	normal	Afixo
Skill Wizard RayofFrost 8 (of Chill)	2757267861	normal	Afixo
Skill Wizard ShockPulse 1 (of Ruin)	2188272864	normal	Afixo
Skill Wizard ShockPulse 2 (of Ruin)	2188272865	normal	Afixo
Skill Wizard ShockPulse 3 (of Ruin)	2188272866	normal	Afixo
Skill Wizard ShockPulse 4 (of Ruin)	2188272867	normal	Afixo
Skill Wizard ShockPulse 5 (of Ruin)	2188272868	normal	Afixo
Skill Wizard ShockPulse 6 (of Ruin)	2188272869	normal	Afixo
Skill Wizard ShockPulse 7 (of Ruin)	2188272870	normal	Afixo
Skill Wizard ShockPulse 8 (of Ruin)	2188272871	normal	Afixo
Skill Wizard SpectralBlade 1 (of Slashing)	575982069	normal	Afixo
Skill Wizard SpectralBlade 2 (of Slashing)	575982070	normal	Afixo
Skill Wizard SpectralBlade 3 (of Slashing)	575982071	normal	Afixo
Skill Wizard SpectralBlade 4 (of Slashing)	575982072	normal	Afixo
Skill Wizard SpectralBlade 5 (of Slashing)	575982073	normal	Afixo
Skill Wizard SpectralBlade 6 (of Slashing)	575982074	normal	Afixo
Skill Wizard SpectralBlade 7 (of Slashing)	575982075	normal	Afixo
Skill Wizard SpectralBlade 8 (of Slashing)	575982076	normal	Afixo
Legacy Socketed (Socketed)	1892370962	normal	Afixo
Legacy Sockets Amulet I (Socketed)	3774868301	normal	Afixo
Legacy Sockets Amulet II (Socketed)	16602454	normal	Afixo
Legacy Sockets Amulet III (Socketed)	547881087	normal	Afixo
Legacy Sockets Amulet IV (Socketed)	16602467	normal	Afixo
Legacy Sockets Amulet V (Socketed)	3774868314	normal	Afixo
Legacy Sockets Belt I (Socketed)	3243176972	normal	Afixo
Legacy Sockets Belt II (Socketed)	3945625077	normal	Afixo
Legacy Sockets Belt III (Socketed)	1356608766	normal	Afixo
Legacy Sockets Belt IV (Socketed)	3945625090	normal	Afixo
Legacy Sockets Belt V (Socketed)	3243176985	normal	Afixo
Legacy Sockets Bracer I (Socketed)	517660244	normal	Afixo
Legacy Sockets Bracer II (Socketed)	4197886269	normal	Afixo
Legacy Sockets Bracer III (Socketed)	1091293510	normal	Afixo
Legacy Sockets Bracer IV (Socketed)	4197886282	normal	Afixo
Legacy Sockets Bracer V (Socketed)	517660257	normal	Afixo
Legacy Sockets Chest I (Socketed)	1051283612	normal	Afixo
Legacy Sockets Chest II (Socketed)	332620933	normal	Afixo
Legacy Sockets Chest III (Socketed)	2386556302	normal	Afixo
Legacy Sockets Chest IV (Socketed)	332620946	normal	Afixo
Legacy Sockets Chest V (Socketed)	1051283625	normal	Afixo
Legacy Sockets Helm I (Socketed)	3477981707	normal	Afixo
Legacy Sockets Helm II (Socketed)	3104246740	normal	Afixo
Legacy Sockets Helm III (Socketed)	3655894717	normal	Afixo
Legacy Sockets Helm IV (Socketed)	3104246753	normal	Afixo
Legacy Sockets Helm V (Socketed)	3477981720	normal	Afixo
Legacy Sockets I (Socketed)	2318712709	normal	Afixo
Legacy Sockets II (Socketed)	3503075470	normal	Afixo
Legacy Sockets III (Socketed)	3932340919	normal	Afixo
Legacy Sockets IV (Socketed)	3503075483	normal	Afixo
Legacy Sockets IX (Socketed)	3503075485	normal	Afixo
Legacy Sockets Shield I (Socketed)	3762598622	normal	Afixo
Legacy Sockets Shield II (Socketed)	3906670343	normal	Afixo
Legacy Sockets Shield III (Socketed)	71102544	normal	Afixo
Legacy Sockets Shield IV (Socketed)	3906670356	normal	Afixo
Legacy Sockets Shield V (Socketed)	3762598635	normal	Afixo
Legacy Sockets V (Socketed)	2318712722	normal	Afixo
Legacy Sockets VI (Socketed)	3503075899	normal	Afixo
Legacy Sockets VII (Socketed)	3932355076	normal	Afixo
Legacy Sockets VIII (Socketed)	918698733	normal	Afixo
Legacy Sockets X (Socketed)	2318712724	normal	Afixo
Legacy Sockets XI (Socketed)	3503075965	normal	Afixo
Legacy Sockets XII (Socketed)	3932357254	normal	Afixo
Legacy Sockets XIII (Socketed)	918770607	normal	Afixo
Legacy Sockets XIV (Socketed)	3932357267	normal	Afixo
Legacy Sockets XV (Socketed)	3503075978	normal	Afixo
Legacy Sockets XVI (Socketed)	3932357683	normal	Afixo
Legacy Sockets XVII (Socketed)	918784764	normal	Afixo
Legacy Sockets XVIII (Socketed)	255126245	normal	Afixo
Legacy Socketed (Socketed)	1912018674	normal	Afixo
Legacy Sockets XVIV (Socketed)	1780728773	normal	Afixo
SpiritHeals 1 (Resonant)	2669546585	normal	Afixo
SpiritHeals 10 (Exalted)	2195691433	normal	Afixo
SpiritHeals 2 (Resonant)	2669546586	normal	Afixo
SpiritHeals 3 (Resonant)	2669546587	normal	Afixo
SpiritHeals 4 (Rejuvenating)	2669546588	normal	Afixo
SpiritHeals 5 (Rejuvenating)	2669546589	normal	Afixo
SpiritHeals 6 (Rejuvenating)	2669546590	normal	Afixo
SpiritHeals 7 (Harmonious)	2669546591	normal	Afixo
SpiritHeals 8 (Harmonious)	2669546592	normal	Afixo
SpiritHeals 9 (Harmonious)	2669546593	normal	Afixo
SpiritRegen 1 (Illuminating)	2706182909	normal	Afixo
SpiritRegen 10 (Enlightening)	3404690125	normal	Afixo
SpiritRegen 2 (Illuminating)	2706182910	normal	Afixo
SpiritRegen 3 (Illuminating)	2706182911	normal	Afixo
SpiritRegen 4 (Reborn)	2706182912	normal	Afixo
SpiritRegen 5 (Reborn)	2706182913	normal	Afixo
SpiritRegen 6 (Reborn)	2706182914	normal	Afixo
SpiritRegen 7 (Awakening)	2706182915	normal	Afixo
SpiritRegen 8 (Awakening)	2706182916	normal	Afixo
SpiritRegen 9 (Awakening)	2706182917	normal	Afixo
Str 1 (of the Lion)	140674858	normal	Afixo
Str 10 (of Invasion)	347303066	normal	Afixo
Str 11 (of Invasion)	347303067	normal	Afixo
Str 12 (of Assault)	347303068	normal	Afixo
Str 13 (of Assault)	347303069	normal	Afixo
Str 14 (of Assault)	347303070	normal	Afixo
Str 15 (of Assault)	347303071	normal	Afixo
Str 16 (of War)	347303072	normal	Afixo
Str 17 (of War)	347303073	normal	Afixo
Str 2 (of the Lion)	140674859	normal	Afixo
Str 3 (of the Lion)	140674860	normal	Afixo
Str 4 (of the Lion)	140674861	normal	Afixo
Str 5 (of Invasion)	140674862	normal	Afixo
Str 6 (of Invasion)	140674863	normal	Afixo
Str 7 (of Invasion)	140674864	normal	Afixo
Str 8 (of Invasion)	140674865	normal	Afixo
Str 9 (of Invasion)	140674866	normal	Afixo
StrDex I (Cruel)	338507747	normal	Afixo
StrDex II (Cruel)	2580821164	normal	Afixo
StrDex III (Cruel)	3562719893	normal	Afixo
StrDex IV (Cruel)	2580821177	normal	Afixo
StrDex IX (Vicious)	2580821179	normal	Afixo
StrDex V (Severe)	338507760	normal	Afixo
StrDex VI (Severe)	2580821593	normal	Afixo
StrDex VII (Severe)	3562734050	normal	Afixo
StrDex VIII (Severe)	1606106763	normal	Afixo
StrDex X (Vicious)	338507762	normal	Afixo
StrDex XI (Vicious)	2580821659	normal	Afixo
StrDex XII (Murderous)	3562736228	normal	Afixo
StrInt I (Dueling)	344756429	normal	Afixo
StrInt II (Dueling)	2787027670	normal	Afixo
StrInt III (Dueling)	1777599999	normal	Afixo
StrInt IV (Dueling)	2787027683	normal	Afixo
StrInt IX (Triumphant)	2787027685	normal	Afixo
StrInt V (Champion)	344756442	normal	Afixo
StrInt VI (Champion)	2787028099	normal	Afixo
StrInt VII (Champion)	1777614156	normal	Afixo
StrInt VIII (Champion)	2826692405	normal	Afixo
StrInt X (Triumphant)	344756444	normal	Afixo
StrInt XI (Triumphant)	2787028165	normal	Afixo
StrInt XII (Paragon)	1777616334	normal	Afixo
StrVit I (Dauntless)	359993717	normal	Afixo
StrVit II (Dauntless)	3289858174	normal	Afixo
StrVit III (Dauntless)	1191137447	normal	Afixo
StrVit IV (Dauntless)	3289858187	normal	Afixo
StrVit IX (Vigorous)	3289858189	normal	Afixo
StrVit V (Relentless)	359993730	normal	Afixo
StrVit VI (Relentless)	3289858603	normal	Afixo
StrVit VII (Relentless)	1191151604	normal	Afixo
StrVit VIII (Relentless)	653297373	normal	Afixo
StrVit X (Vigorous)	359993732	normal	Afixo
StrVit XI (Vigorous)	3289858669	normal	Afixo
StrVit XII (Ruthless)	1191153782	normal	Afixo
Superior Armor (Superior)	2312088730	normal	Afixo
Superior Armor Def 1 (Thick)	710473498	normal	Afixo
Superior Armor Def 2 (Thick)	710473499	normal	Afixo
Superior Armor Def 3 (Thick)	710473500	normal	Afixo
Superior Armor Def 4 (Thick)	710473501	normal	Afixo
Superior Armor Def 5 (Thick)	710473502	normal	Afixo
Superior Armor Def 6 (Thick)	710473503	normal	Afixo
Superior Weapon 1 (Fine)	320616436	normal	Afixo
Superior Weapon 2 (Fine)	320616437	normal	Afixo
Superior Weapon 3 (Fine)	320616438	normal	Afixo
Superior Weapon 4 (Fine)	320616439	normal	Afixo
Superior Weapon 5 (Fine)	320616440	normal	Afixo
Superior Weapon 6 (Fine)	320616441	normal	Afixo
Superior Weapon 7 (Fine)	320616442	normal	Afixo
Superior Weapon Crit Dmg 1 (Solid)	900666206	normal	Afixo
Superior Weapon Crit Dmg 2 (Solid)	900666207	normal	Afixo
Superior Weapon Crit Dmg 3 (Solid)	900666208	normal	Afixo
Superior Weapon Crit Dmg 4 (Solid)	900666209	normal	Afixo
Superior Weapon Crit Dmg 5 (Solid)	900666210	normal	Afixo
Superior Weapon Crit Dmg 6 (Solid)	900666211	normal	Afixo
Superior Weapon MaxDmg 1 (Masterwork)	4170204402	normal	Afixo
Superior Weapon MaxDmg 2 (Masterwork)	4170204403	normal	Afixo
Superior Weapon MaxDmg 3 (Masterwork)	4170204404	normal	Afixo
Superior Weapon MaxDmg 4 (Masterwork)	4170204405	normal	Afixo
Superior Weapon MaxDmg 5 (Masterwork)	4170204406	normal	Afixo
Superior Weapon MaxDmg 6 (Masterwork)	4170204407	normal	Afixo
Superior Weapon MinDmg 1 (Exceptional)	1225692336	normal	Afixo
Superior Weapon MinDmg 2 (Exceptional)	1225692337	normal	Afixo
Superior Weapon MinDmg 3 (Exceptional)	1225692338	normal	Afixo
Superior Weapon MinDmg 4 (Exceptional)	1225692339	normal	Afixo
Superior Weapon MinDmg 5 (Exceptional)	1225692340	normal	Afixo
Superior Weapon MinDmg 6 (Exceptional)	1225692341	normal	Afixo
Superior Weapon Speed 1 (Balanced)	4274883077	normal	Afixo
Superior Weapon Speed 2 (Balanced)	4274883078	normal	Afixo
Superior Weapon Speed 3 (Balanced)	4274883079	normal	Afixo
Superior Weapon Speed 4 (Balanced)	4274883080	normal	Afixo
Superior Weapon Speed 5 (Balanced)	4274883081	normal	Afixo
Superior Weapon Speed 6 (Balanced)	4274883082	normal	Afixo
Thorns 1 (of Thorns)	1589045967	normal	Afixo
Thorns 10 (of Barbs)	898909407	normal	Afixo
Thorns 11 (of Spikes)	898909408	normal	Afixo
Thorns 12 (of Spikes)	898909409	normal	Afixo
Thorns 13 (of Spikes)	898909410	normal	Afixo
Thorns 14 (of Spikes)	898909411	normal	Afixo
Thorns 15 (of Razors)	898909412	normal	Afixo
Thorns 2 (of Thorns)	1589045968	normal	Afixo
Thorns 3 (of Thorns)	1589045969	normal	Afixo
Thorns 4 (of Thorns)	1589045970	normal	Afixo
Thorns 5 (of Thorns)	1589045971	normal	Afixo
Thorns 6 (of Barbs)	1589045972	normal	Afixo
Thorns 7 (of Barbs)	1589045973	normal	Afixo
Thorns 8 (of Barbs)	1589045974	normal	Afixo
Thorns 9 (of Barbs)	1589045975	normal	Afixo
UnknownPrefix (of Unknown)	1055553278	normal	Afixo
UnknownSuffix (of UnknownSuffix)	1176553157	normal	Afixo
Vit 1 (of the Bear)	143839492	normal	Afixo
Vit 10 (of Fortitude)	451735988	normal	Afixo
Vit 11 (of Valor)	451735989	normal	Afixo
Vit 12 (of Valor)	451735990	normal	Afixo
Vit 13 (of Valor)	451735991	normal	Afixo
Vit 14 (of Valor)	451735992	normal	Afixo
Vit 15 (of Valor)	451735993	normal	Afixo
Vit 16 (of Glory)	451735994	normal	Afixo
Vit 17 (of Glory)	451735995	normal	Afixo
Vit 2 (of the Bear)	143839493	normal	Afixo
Vit 3 (of the Bear)	143839494	normal	Afixo
Vit 4 (of the Bear)	143839495	normal	Afixo
Vit 5 (of the Bear)	143839496	normal	Afixo
Vit 6 (of Fortitude)	143839497	normal	Afixo
Vit 7 (of Fortitude)	143839498	normal	Afixo
Vit 8 (of Fortitude)	143839499	normal	Afixo
Vit 9 (of Fortitude)	143839500	normal	Afixo
WeaponHitBlind 1 (Dazzling)	3233053961	normal	Afixo
WeaponHitBlind 10 (Perplexing)	3611565657	normal	Afixo
WeaponHitBlind 11 (Perplexing)	3611565658	normal	Afixo
WeaponHitBlind 12 (Hypnotic)	3611565659	normal	Afixo
WeaponHitBlind 2 (Dazzling)	3233053962	normal	Afixo
WeaponHitBlind 3 (Dazzling)	3233053963	normal	Afixo
WeaponHitBlind 4 (Dazzling)	3233053964	normal	Afixo
WeaponHitBlind 5 (Bewildering)	3233053965	normal	Afixo
WeaponHitBlind 6 (Bewildering)	3233053966	normal	Afixo
WeaponHitBlind 7 (Bewildering)	3233053967	normal	Afixo
WeaponHitBlind 8 (Bewildering)	3233053968	normal	Afixo
WeaponHitBlind 9 (Perplexing)	3233053969	normal	Afixo
WeaponHitBlind1h 1 (Dazzling)	3218220034	normal	Afixo
WeaponHitBlind1h 10 (Perplexing)	3122046066	normal	Afixo
WeaponHitBlind1h 11 (Perplexing)	3122046067	normal	Afixo
WeaponHitBlind1h 12 (Hypnotic)	3122046068	normal	Afixo
WeaponHitBlind1h 2 (Dazzling)	3218220035	normal	Afixo
WeaponHitBlind1h 3 (Dazzling)	3218220036	normal	Afixo
WeaponHitBlind1h 4 (Dazzling)	3218220037	normal	Afixo
WeaponHitBlind1h 5 (Bewildering)	3218220038	normal	Afixo
WeaponHitBlind1h 6 (Bewildering)	3218220039	normal	Afixo
WeaponHitBlind1h 7 (Bewildering)	3218220040	normal	Afixo
WeaponHitBlind1h 8 (Bewildering)	3218220041	normal	Afixo
WeaponHitBlind1h 9 (Perplexing)	3218220042	normal	Afixo
WeaponHitBlind2h 1 (Dazzling)	3218255971	normal	Afixo
WeaponHitBlind2h 10 (Perplexing)	3123231987	normal	Afixo
WeaponHitBlind2h 11 (Perplexing)	3123231988	normal	Afixo
WeaponHitBlind2h 12 (Hypnotic)	3123231989	normal	Afixo
WeaponHitBlind2h 2 (Dazzling)	3218255972	normal	Afixo
WeaponHitBlind2h 3 (Dazzling)	3218255973	normal	Afixo
WeaponHitBlind2h 4 (Dazzling)	3218255974	normal	Afixo
WeaponHitBlind2h 5 (Bewildering)	3218255975	normal	Afixo
WeaponHitBlind2h 6 (Bewildering)	3218255976	normal	Afixo
WeaponHitBlind2h 7 (Bewildering)	3218255977	normal	Afixo
WeaponHitBlind2h 8 (Bewildering)	3218255978	normal	Afixo
WeaponHitBlind2h 9 (Perplexing)	3218255979	normal	Afixo
WeaponHitChill 1 (Chilling)	72949900	normal	Afixo
WeaponHitChill 10 (Glacial)	2407346748	normal	Afixo
WeaponHitChill 11 (Glacial)	2407346749	normal	Afixo
WeaponHitChill 12 (Hyperborean)	2407346750	normal	Afixo
WeaponHitChill 2 (Chilling)	72949901	normal	Afixo
WeaponHitChill 3 (Chilling)	72949902	normal	Afixo
WeaponHitChill 4 (Chilling)	72949903	normal	Afixo
WeaponHitChill 5 (Bleak)	72949904	normal	Afixo
WeaponHitChill 6 (Bleak)	72949905	normal	Afixo
WeaponHitChill 7 (Bleak)	72949906	normal	Afixo
WeaponHitChill 8 (Bleak)	72949907	normal	Afixo
WeaponHitChill 9 (Glacial)	72949908	normal	Afixo
WeaponHitChill1h 1 (Chilling)	2133701701	normal	Afixo
WeaponHitChill1h 10 (Glacial)	1692679445	normal	Afixo
WeaponHitChill1h 11 (Glacial)	1692679446	normal	Afixo
WeaponHitChill1h 12 (Hyperborean)	1692679447	normal	Afixo
WeaponHitChill1h 2 (Chilling)	2133701702	normal	Afixo
WeaponHitChill1h 3 (Chilling)	2133701703	normal	Afixo
WeaponHitChill1h 4 (Chilling)	2133701704	normal	Afixo
WeaponHitChill1h 5 (Bleak)	2133701705	normal	Afixo
WeaponHitChill1h 6 (Bleak)	2133701706	normal	Afixo
WeaponHitChill1h 7 (Bleak)	2133701707	normal	Afixo
WeaponHitChill1h 8 (Bleak)	2133701708	normal	Afixo
WeaponHitChill1h 9 (Glacial)	2133701709	normal	Afixo
WeaponHitChill2h 1 (Chilling)	2133737638	normal	Afixo
WeaponHitChill2h 10 (Glacial)	1693865366	normal	Afixo
WeaponHitChill2h 11 (Glacial)	1693865367	normal	Afixo
WeaponHitChill2h 12 (Hyperborean)	1693865368	normal	Afixo
WeaponHitChill2h 2 (Chilling)	2133737639	normal	Afixo
WeaponHitChill2h 3 (Chilling)	2133737640	normal	Afixo
WeaponHitChill2h 4 (Chilling)	2133737641	normal	Afixo
WeaponHitChill2h 5 (Bleak)	2133737642	normal	Afixo
WeaponHitChill2h 6 (Bleak)	2133737643	normal	Afixo
WeaponHitChill2h 7 (Bleak)	2133737644	normal	Afixo
WeaponHitChill2h 8 (Bleak)	2133737645	normal	Afixo
WeaponHitChill2h 9 (Glacial)	2133737646	normal	Afixo
WeaponHitFear 1 (of Fright)	1677581854	normal	Afixo
WeaponHitFear 10 (of Horror)	3820593678	normal	Afixo
WeaponHitFear 11 (of Horror)	3820593679	normal	Afixo
WeaponHitFear 12 (of Terror)	3820593680	normal	Afixo
WeaponHitFear 2 (of Fright)	1677581855	normal	Afixo
WeaponHitFear 3 (of Fright)	1677581856	normal	Afixo
WeaponHitFear 4 (of Fright)	1677581857	normal	Afixo
WeaponHitFear 5 (of Nightmares)	1677581858	normal	Afixo
WeaponHitFear 6 (of Nightmares)	1677581859	normal	Afixo
WeaponHitFear 7 (of Nightmares)	1677581860	normal	Afixo
WeaponHitFear 8 (of Nightmares)	1677581861	normal	Afixo
WeaponHitFear 9 (of Horror)	1677581862	normal	Afixo
WeaponHitFear1h 1 (of Fright)	1526210135	normal	Afixo
WeaponHitFear1h 10 (of Horror)	3120294247	normal	Afixo
WeaponHitFear1h 11 (of Horror)	3120294248	normal	Afixo
WeaponHitFear1h 12 (of Terror)	3120294249	normal	Afixo
WeaponHitFear1h 2 (of Fright)	1526210136	normal	Afixo
WeaponHitFear1h 3 (of Fright)	1526210137	normal	Afixo
WeaponHitFear1h 4 (of Fright)	1526210138	normal	Afixo
WeaponHitFear1h 5 (of Nightmares)	1526210139	normal	Afixo
WeaponHitFear1h 6 (of Nightmares)	1526210140	normal	Afixo
WeaponHitFear1h 7 (of Nightmares)	1526210141	normal	Afixo
WeaponHitFear1h 8 (of Nightmares)	1526210142	normal	Afixo
WeaponHitFear1h 9 (of Horror)	1526210143	normal	Afixo
WeaponHitFear2h 1 (of Fright)	1526246072	normal	Afixo
WeaponHitFear2h 10 (of Horror)	3121480168	normal	Afixo
WeaponHitFear2h 11 (of Horror)	3121480169	normal	Afixo
WeaponHitFear2h 12 (of Terror)	3121480170	normal	Afixo
WeaponHitFear2h 2 (of Fright)	1526246073	normal	Afixo
WeaponHitFear2h 3 (of Fright)	1526246074	normal	Afixo
WeaponHitFear2h 4 (of Fright)	1526246075	normal	Afixo
WeaponHitFear2h 5 (of Nightmares)	1526246076	normal	Afixo
WeaponHitFear2h 6 (of Nightmares)	1526246077	normal	Afixo
WeaponHitFear2h 7 (of Nightmares)	1526246078	normal	Afixo
WeaponHitFear2h 8 (of Nightmares)	1526246079	normal	Afixo
WeaponHitFear2h 9 (of Horror)	1526246080	normal	Afixo
WeaponHitFreeze 1 (of Ice)	1279169281	normal	Afixo
WeaponHitFreeze 10 (of the Frozen Sea)	3557880657	normal	Afixo
WeaponHitFreeze 11 (of the Frozen Sea)	3557880658	normal	Afixo
WeaponHitFreeze 12 (of Desolation)	3557880659	normal	Afixo
WeaponHitFreeze 2 (of Ice)	1279169282	normal	Afixo
WeaponHitFreeze 3 (of Ice)	1279169283	normal	Afixo
WeaponHitFreeze 4 (of Ice)	1279169284	normal	Afixo
WeaponHitFreeze 5 (of Hail)	1279169285	normal	Afixo
WeaponHitFreeze 6 (of Hail)	1279169286	normal	Afixo
WeaponHitFreeze 7 (of Hail)	1279169287	normal	Afixo
WeaponHitFreeze 8 (of Hail)	1279169288	normal	Afixo
WeaponHitFreeze 9 (of the Frozen Sea)	1279169289	normal	Afixo
WeaponHitFreeze1h 1 (of Ice)	1446615034	normal	Afixo
WeaponHitFreeze1h 10 (of the Frozen Sea)	493655914	normal	Afixo
WeaponHitFreeze1h 11 (of the Frozen Sea)	493655915	normal	Afixo
WeaponHitFreeze1h 12 (of Desolation)	493655916	normal	Afixo
WeaponHitFreeze1h 2 (of Ice)	1446615035	normal	Afixo
WeaponHitFreeze1h 3 (of Ice)	1446615036	normal	Afixo
WeaponHitFreeze1h 4 (of Ice)	1446615037	normal	Afixo
WeaponHitFreeze1h 5 (of Hail)	1446615038	normal	Afixo
WeaponHitFreeze1h 6 (of Hail)	1446615039	normal	Afixo
WeaponHitFreeze1h 7 (of Hail)	1446615040	normal	Afixo
WeaponHitFreeze1h 8 (of Hail)	1446615041	normal	Afixo
WeaponHitFreeze1h 9 (of the Frozen Sea)	1446615042	normal	Afixo
WeaponHitFreeze2h 1 (of Ice)	1446650971	normal	Afixo
WeaponHitFreeze2h 10 (of the Frozen Sea)	494841835	normal	Afixo
WeaponHitFreeze2h 11 (of the Frozen Sea)	494841836	normal	Afixo
WeaponHitFreeze2h 12 (of Desolation)	494841837	normal	Afixo
WeaponHitFreeze2h 2 (of Ice)	1446650972	normal	Afixo
WeaponHitFreeze2h 3 (of Ice)	1446650973	normal	Afixo
WeaponHitFreeze2h 4 (of Ice)	1446650974	normal	Afixo
WeaponHitFreeze2h 5 (of Hail)	1446650975	normal	Afixo
WeaponHitFreeze2h 6 (of Hail)	1446650976	normal	Afixo
WeaponHitFreeze2h 7 (of Hail)	1446650977	normal	Afixo
WeaponHitFreeze2h 8 (of Hail)	1446650978	normal	Afixo
WeaponHitFreeze2h 9 (of the Frozen Sea)	1446650979	normal	Afixo
WeaponHitImmobilize 1 (of Stagnation)	131903121	normal	Afixo
WeaponHitImmobilize 10 (of Sabotage)	57835745	normal	Afixo
WeaponHitImmobilize 11 (of Sabotage)	57835746	normal	Afixo
WeaponHitImmobilize 12 (of Paralysis)	57835747	normal	Afixo
WeaponHitImmobilize 2 (of Stagnation)	131903122	normal	Afixo
WeaponHitImmobilize 3 (of Stagnation)	131903123	normal	Afixo
WeaponHitImmobilize 4 (of Stagnation)	131903124	normal	Afixo
WeaponHitImmobilize 5 (of Impairment)	131903125	normal	Afixo
WeaponHitImmobilize 6 (of Impairment)	131903126	normal	Afixo
WeaponHitImmobilize 7 (of Impairment)	131903127	normal	Afixo
WeaponHitImmobilize 8 (of Impairment)	131903128	normal	Afixo
WeaponHitImmobilize 9 (of Sabotage)	131903129	normal	Afixo
WeaponHitImmobilize1h 1 (of Stagnation)	1909249930	normal	Afixo
WeaponHitImmobilize1h 10 (of Sabotage)	2875705594	normal	Afixo
WeaponHitImmobilize1h 11 (of Sabotage)	2875705595	normal	Afixo
WeaponHitImmobilize1h 12 (of Paralysis)	2875705596	normal	Afixo
WeaponHitImmobilize1h 2 (of Stagnation)	1909249931	normal	Afixo
WeaponHitImmobilize1h 3 (of Stagnation)	1909249932	normal	Afixo
WeaponHitImmobilize1h 4 (of Stagnation)	1909249933	normal	Afixo
WeaponHitImmobilize1h 5 (of Impairment)	1909249934	normal	Afixo
WeaponHitImmobilize1h 6 (of Impairment)	1909249935	normal	Afixo
WeaponHitImmobilize1h 7 (of Impairment)	1909249936	normal	Afixo
WeaponHitImmobilize1h 8 (of Impairment)	1909249937	normal	Afixo
WeaponHitImmobilize1h 9 (of Sabotage)	1909249938	normal	Afixo
WeaponHitImmobilize2h 1 (of Stagnation)	1909285867	normal	Afixo
WeaponHitImmobilize2h 10 (of Sabotage)	2876891515	normal	Afixo
WeaponHitImmobilize2h 11 (of Sabotage)	2876891516	normal	Afixo
WeaponHitImmobilize2h 12 (of Paralysis)	2876891517	normal	Afixo
WeaponHitImmobilize2h 2 (of Stagnation)	1909285868	normal	Afixo
WeaponHitImmobilize2h 3 (of Stagnation)	1909285869	normal	Afixo
WeaponHitImmobilize2h 4 (of Stagnation)	1909285870	normal	Afixo
WeaponHitImmobilize2h 5 (of Impairment)	1909285871	normal	Afixo
WeaponHitImmobilize2h 6 (of Impairment)	1909285872	normal	Afixo
WeaponHitImmobilize2h 7 (of Impairment)	1909285873	normal	Afixo
WeaponHitImmobilize2h 8 (of Impairment)	1909285874	normal	Afixo
WeaponHitImmobilize2h 9 (of Sabotage)	1909285875	normal	Afixo
WeaponHitKnockback 1 (Battering)	3592727399	normal	Afixo
WeaponHitKnockback 10 (Smashing)	2595887223	normal	Afixo
WeaponHitKnockback 11 (Smashing)	2595887224	normal	Afixo
WeaponHitKnockback 12 (Pulverizing)	2595887225	normal	Afixo
WeaponHitKnockback 2 (Battering)	3592727400	normal	Afixo
WeaponHitKnockback 3 (Battering)	3592727401	normal	Afixo
WeaponHitKnockback 4 (Battering)	3592727402	normal	Afixo
WeaponHitKnockback 5 (Pummeling)	3592727403	normal	Afixo
WeaponHitKnockback 6 (Pummeling)	3592727404	normal	Afixo
WeaponHitKnockback 7 (Pummeling)	3592727405	normal	Afixo
WeaponHitKnockback 8 (Pummeling)	3592727406	normal	Afixo
WeaponHitKnockback 9 (Smashing)	3592727407	normal	Afixo
WeaponHitKnockback1h 1 (Battering)	4060570080	normal	Afixo
WeaponHitKnockback1h 10 (Smashing)	854826512	normal	Afixo
WeaponHitKnockback1h 11 (Smashing)	854826513	normal	Afixo
WeaponHitKnockback1h 12 (Pulverizing)	854826514	normal	Afixo
WeaponHitKnockback1h 2 (Battering)	4060570081	normal	Afixo
WeaponHitKnockback1h 3 (Battering)	4060570082	normal	Afixo
WeaponHitKnockback1h 4 (Battering)	4060570083	normal	Afixo
WeaponHitKnockback1h 5 (Pummeling)	4060570084	normal	Afixo
WeaponHitKnockback1h 6 (Pummeling)	4060570085	normal	Afixo
WeaponHitKnockback1h 7 (Pummeling)	4060570086	normal	Afixo
WeaponHitKnockback1h 8 (Pummeling)	4060570087	normal	Afixo
WeaponHitKnockback1h 9 (Smashing)	4060570088	normal	Afixo
WeaponHitKnockback2h 1 (Battering)	4060606017	normal	Afixo
WeaponHitKnockback2h 10 (Smashing)	856012433	normal	Afixo
WeaponHitKnockback2h 11 (Smashing)	856012434	normal	Afixo
WeaponHitKnockback2h 12 (Pulverizing)	856012435	normal	Afixo
WeaponHitKnockback2h 2 (Battering)	4060606018	normal	Afixo
WeaponHitKnockback2h 3 (Battering)	4060606019	normal	Afixo
WeaponHitKnockback2h 4 (Battering)	4060606020	normal	Afixo
WeaponHitKnockback2h 5 (Pummeling)	4060606021	normal	Afixo
WeaponHitKnockback2h 6 (Pummeling)	4060606022	normal	Afixo
WeaponHitKnockback2h 7 (Pummeling)	4060606023	normal	Afixo
WeaponHitKnockback2h 8 (Pummeling)	4060606024	normal	Afixo
WeaponHitKnockback2h 9 (Smashing)	4060606025	normal	Afixo
WeaponHitSlow 1 (Crippling)	2195151973	normal	Afixo
WeaponHitSlow 10 (Persecuting)	3720538421	normal	Afixo
WeaponHitSlow 11 (Persecuting)	3720538422	normal	Afixo
WeaponHitSlow 12 (Dominating)	3720538423	normal	Afixo
WeaponHitSlow 2 (Crippling)	2195151974	normal	Afixo
WeaponHitSlow 3 (Crippling)	2195151975	normal	Afixo
WeaponHitSlow 4 (Crippling)	2195151976	normal	Afixo
WeaponHitSlow 5 (Punishing)	2195151977	normal	Afixo
WeaponHitSlow 6 (Punishing)	2195151978	normal	Afixo
WeaponHitSlow 7 (Punishing)	2195151979	normal	Afixo
WeaponHitSlow 8 (Punishing)	2195151980	normal	Afixo
WeaponHitSlow 9 (Persecuting)	2195151981	normal	Afixo
WeaponHitSlow1h 1 (Crippling)	2519353950	normal	Afixo
WeaponHitSlow1h 10 (Persecuting)	1534301774	normal	Afixo
WeaponHitSlow1h 11 (Persecuting)	1534301775	normal	Afixo
WeaponHitSlow1h 12 (Dominating)	1534301776	normal	Afixo
WeaponHitSlow1h 2 (Crippling)	2519353951	normal	Afixo
WeaponHitSlow1h 3 (Crippling)	2519353952	normal	Afixo
WeaponHitSlow1h 4 (Crippling)	2519353953	normal	Afixo
WeaponHitSlow1h 5 (Punishing)	2519353954	normal	Afixo
WeaponHitSlow1h 6 (Punishing)	2519353955	normal	Afixo
WeaponHitSlow1h 7 (Punishing)	2519353956	normal	Afixo
WeaponHitSlow1h 8 (Punishing)	2519353957	normal	Afixo
WeaponHitSlow1h 9 (Persecuting)	2519353958	normal	Afixo
WeaponHitSlow2h 1 (Crippling)	2519389887	normal	Afixo
WeaponHitSlow2h 10 (Persecuting)	1535487695	normal	Afixo
WeaponHitSlow2h 11 (Persecuting)	1535487696	normal	Afixo
WeaponHitSlow2h 12 (Dominating)	1535487697	normal	Afixo
WeaponHitSlow2h 2 (Crippling)	2519389888	normal	Afixo
WeaponHitSlow2h 3 (Crippling)	2519389889	normal	Afixo
WeaponHitSlow2h 4 (Crippling)	2519389890	normal	Afixo
WeaponHitSlow2h 5 (Punishing)	2519389891	normal	Afixo
WeaponHitSlow2h 6 (Punishing)	2519389892	normal	Afixo
WeaponHitSlow2h 7 (Punishing)	2519389893	normal	Afixo
WeaponHitSlow2h 8 (Punishing)	2519389894	normal	Afixo
WeaponHitSlow2h 9 (Persecuting)	2519389895	normal	Afixo
WeaponHitStun 1 (of Striking)	2204845162	normal	Afixo
WeaponHitStun 10 (of Ruin)	4040413658	normal	Afixo
WeaponHitStun 11 (of Ruin)	4040413659	normal	Afixo
WeaponHitStun 12 (of Staggering)	4040413660	normal	Afixo
WeaponHitStun 2 (of Striking)	2204845163	normal	Afixo
WeaponHitStun 3 (of Striking)	2204845164	normal	Afixo
WeaponHitStun 4 (of Striking)	2204845165	normal	Afixo
WeaponHitStun 5 (of Bane)	2204845166	normal	Afixo
WeaponHitStun 6 (of Bane)	2204845167	normal	Afixo
WeaponHitStun 7 (of Bane)	2204845168	normal	Afixo
WeaponHitStun 8 (of Bane)	2204845169	normal	Afixo
WeaponHitStun 9 (of Ruin)	2204845170	normal	Afixo
WeaponHitStun1h 1 (of Striking)	190334883	normal	Afixo
WeaponHitStun1h 10 (of Ruin)	1986083891	normal	Afixo
WeaponHitStun1h 11 (of Ruin)	1986083892	normal	Afixo
WeaponHitStun1h 12 (of Staggering)	1986083893	normal	Afixo
WeaponHitStun1h 2 (of Striking)	190334884	normal	Afixo
WeaponHitStun1h 3 (of Striking)	190334885	normal	Afixo
WeaponHitStun1h 4 (of Striking)	190334886	normal	Afixo
WeaponHitStun1h 5 (of Bane)	190334887	normal	Afixo
WeaponHitStun1h 6 (of Bane)	190334888	normal	Afixo
WeaponHitStun1h 7 (of Bane)	190334889	normal	Afixo
WeaponHitStun1h 8 (of Bane)	190334890	normal	Afixo
WeaponHitStun1h 9 (of Ruin)	190334891	normal	Afixo
WeaponHitStun2h 1 (of Striking)	190370820	normal	Afixo
WeaponHitStun2h 10 (of Ruin)	1987269812	normal	Afixo
WeaponHitStun2h 11 (of Ruin)	1987269813	normal	Afixo
WeaponHitStun2h 12 (of Staggering)	1987269814	normal	Afixo
WeaponHitStun2h 2 (of Striking)	190370821	normal	Afixo
WeaponHitStun2h 3 (of Striking)	190370822	normal	Afixo
WeaponHitStun2h 4 (of Striking)	190370823	normal	Afixo
WeaponHitStun2h 5 (of Bane)	190370824	normal	Afixo
WeaponHitStun2h 6 (of Bane)	190370825	normal	Afixo
WeaponHitStun2h 7 (of Bane)	190370826	normal	Afixo
WeaponHitStun2h 8 (of Bane)	190370827	normal	Afixo
WeaponHitStun2h 9 (of Ruin)	190370828	normal	Afixo
WitchdoctorDamage 1 (of Bile)	1256011679	normal	Afixo
WitchdoctorDamage 10 (of the Underworld)	2793679791	normal	Afixo
WitchdoctorDamage 11 (of the Underworld)	2793679792	normal	Afixo
WitchdoctorDamage 12 (of the Damned)	2793679793	normal	Afixo
WitchdoctorDamage 2 (of Bile)	1256011680	normal	Afixo
WitchdoctorDamage 3 (of Bile)	1256011681	normal	Afixo
WitchdoctorDamage 4 (of Bile)	1256011682	normal	Afixo
WitchdoctorDamage 5 (of the Headhunter)	1256011683	normal	Afixo
WitchdoctorDamage 6 (of the Headhunter)	1256011684	normal	Afixo
WitchdoctorDamage 7 (of the Headhunter)	1256011685	normal	Afixo
WitchdoctorDamage 8 (of the Headhunter)	1256011686	normal	Afixo
WitchdoctorDamage 9 (of the Underworld)	1256011687	normal	Afixo
WizardDamage 1 (of the Owl)	2795871686	normal	Afixo
WizardDamage 10 (of the Stars)	2069452470	normal	Afixo
WizardDamage 11 (of the Stars)	2069452471	normal	Afixo
WizardDamage 12 (of the Cosmos)	2069452472	normal	Afixo
WizardDamage 2 (of the Owl)	2795871687	normal	Afixo
WizardDamage 3 (of the Owl)	2795871688	normal	Afixo
WizardDamage 4 (of the Owl)	2795871689	normal	Afixo
WizardDamage 5 (of the Moon)	2795871690	normal	Afixo
WizardDamage 6 (of the Moon)	2795871691	normal	Afixo
WizardDamage 7 (of the Moon)	2795871692	normal	Afixo
WizardDamage 8 (of the Moon)	2795871693	normal	Afixo
WizardDamage 9 (of the Stars)	2795871694	normal	Afixo
WizSkill MagicMissile I (Opulant)	4021585049	normal	Afixo
X1_CooldownReduction 10 (Insightful)	1585891419	normal	Afixo
X1_CooldownReduction 11 (Insightful)	1585891420	normal	Afixo
X1_CooldownReduction 12 (Insightful)	1585891421	normal	Afixo
X1_CooldownReduction 13 (Insightful)	1585891422	normal	Afixo
X1_CooldownReduction 14 (Insightful)	1585891423	normal	Afixo
X1_CooldownReduction 7 (Insightful)	828960465	normal	Afixo
X1_CooldownReduction 8 (Insightful)	828960466	normal	Afixo
X1_CooldownReduction 9 (Insightful)	828960467	normal	Afixo
x1_HellfireAmulet_DemonHunter_Leech	3613805091	normal	Afixo
x1_HellfireAmulet_WitchDoctor_ConfidenceRitual	1672705442	normal	Afixo
X1_MaxWrath 1 (Wrathful)	2221274629	normal	Afixo
X1_MaxWrath 1 Legendary	2142392288	normal	Afixo
X1_MaxWrath 1 Two-Handed	1144244656	normal	Afixo
X1_MaxWrath 10 (Wrathful)	287618773	normal	Afixo
X1_MaxWrath 11 (Wrathful)	287618774	normal	Afixo
X1_MaxWrath 12 (Wrathful)	287618775	normal	Afixo
X1_MaxWrath 13 (Wrathful)	287618776	normal	Afixo
X1_MaxWrath 14 (Wrathful)	287618777	normal	Afixo
X1_MaxWrath 2 (Wrathful)	2221274630	normal	Afixo
X1_MaxWrath 2 Legendary	84870433	normal	Afixo
X1_MaxWrath 2 Two-Handed	1965500177	normal	Afixo
X1_MaxWrath 3 (Wrathful)	2221274631	normal	Afixo
X1_MaxWrath 3 Legendary	2322315874	normal	Afixo
X1_MaxWrath 3 Two-Handed	2786755698	normal	Afixo
X1_MaxWrath 4 Legendary	264794019	normal	Afixo
X1_MaxWrath 6 Legendary	444717605	normal	Afixo
X1_MaxWrath 6 Two-Handed	955554965	normal	Afixo
X1_MaxWrath 7 (Wrathful)	2221274635	normal	Afixo
X1_MaxWrath 8 (Wrathful)	2221274636	normal	Afixo
X1_MaxWrath 9 (Wrathful)*	2221274637	normal	Afixo
x1_ProcPower_GargantuanHumongoid	471554746	normal	Afixo
X1_ResourceCostReduction 3 Secondary	4187039153	normal	Afixo
X1_WrathRegen 1 (Judgmental)	4280285552	normal	Afixo
X1_WrathRegen 1 Two-Handed	2793272379	normal	Afixo
X1_WrathRegen 10 (Judgmental)	3810469792	normal	Afixo
X1_WrathRegen 10 Two-Handed	2508579947	normal	Afixo
X1_WrathRegen 11 (Judgmental)	3810469793	normal	Afixo
X1_WrathRegen 11 Two-Handed	3329835468	normal	Afixo
X1_WrathRegen 12 (Judgmental)	3810469794	normal	Afixo
X1_WrathRegen 12 Two-Handed	4151090989	normal	Afixo
X1_WrathRegen 13 (Judgmental)	3810469795	normal	Afixo
X1_WrathRegen 13 Two-Handed	677379214	normal	Afixo
X1_WrathRegen 2 (Judgmental)	4280285553	normal	Afixo
X1_WrathRegen 3 (Judgmental)	4280285554	normal	Afixo
X1_WrathRegen 3 Two-Handed	140816125	normal	Afixo
X1_WrathRegen 4 (Judgmental)	4280285555	normal	Afixo
X1_WrathRegen 4 Two-Handed	962071646	normal	Afixo
X1_WrathRegen 5 (Judgmental)	4280285556	normal	Afixo
X1_WrathRegen 5 Two-Handed	1783327167	normal	Afixo
X1_WrathRegen 6 (Judgmental)	4280285557	normal	Afixo
X1_WrathRegen 6 Two-Handed	2604582688	normal	Afixo
X1_WrathRegen 7 Two-Handed	3425838209	normal	Afixo
X1_WrathRegen 8 Two-Handed	4247093730	normal	Afixo
X1_WrathRegen 9 (Judgmental)	4280285560	normal	Afixo
X1_WrathRegen 9 Two-Handed	773381955	normal	Afixo
-0.15-0.2 Attacks per Second	3867059467	normal	Afixo
-0.2-0.3 Attacks per Second	3867059469	normal	Afixo
0.01-0.11 Attacks per Second	3383149303	normal	Afixo
0.02 Attacks per Second	645802502	normal	Afixo
0.1 Attacks per Second	1534175451	normal	Afixo
0.1% Movement Speed	4177380395	normal	Afixo
0.1-0.2 Critical Hit Damage	513628229	normal	Afixo
0.15-0.2 Attacks per Second	3690704850	normal	Afixo
0.2 Attacks per Second	1534175867	normal	Afixo
0.2-0.25 Attacks per Second	3867059468	normal	Afixo
0.2-0.3 Attacks per Second	3383163460	normal	Afixo
0.25-0.3 Attacks per Second	4270211885	normal	Afixo
0.25-0.3 Attacks per Second	3690704852	normal	Afixo
0.3 Attacks per Second	1534175453	normal	Afixo
0.3-0.33 Attacks per Second	1534175933	normal	Afixo
1,024-1,556 Arcane Damage	2515193311	normal	Afixo
1,024-1,556 Cold Damage	1213626295	normal	Afixo
1,024-1,556 Damage	3256106861	normal	Afixo
1,024-1,556 Fire Damage	1135693723	normal	Afixo
1,024-1,556 Holy Damage	3170275953	normal	Afixo
1,024-1,556 Lightning Damage	3567248537	normal	Afixo
1,024-1,556 Poison Damage	3567055629	normal	Afixo
1,042-2,275 Life per Hit	3932768617	normal	Afixo
1,177-1,788 Arcane Damage	3336448832	normal	Afixo
1,177-1,788 Cold Damage	2034881816	normal	Afixo
1,177-1,788 Damage	4077362382	normal	Afixo
1,177-1,788 Fire Damage	1956949244	normal	Afixo
1,177-1,788 Holy Damage	3991531474	normal	Afixo
1,177-1,788 Lightning Damage	93536762	normal	Afixo
1,177-1,788 Poison Damage	93343854	normal	Afixo
1,186-1,863 Life per Second	2363127097	normal	Afixo
1,271-2,401 Life from Health Potions/Globes	2371993759	normal	Afixo
1,381-3,123 Life After Each Kill	300606639	normal	Afixo
1,421-2,071 Life After Each Kill	1756404921	normal	Afixo
1,551-1,980 Life per Hit	1151246290	normal	Afixo
1,562-3,513 Life per Hit	145602196	normal	Afixo
1,864-2,476 Life per Second	2363127098	normal	Afixo
10% Chance of a Health Globe	3962216714	normal	Afixo
10% Chance to Block	4128784204	normal	Afixo
10-11 Mana per Second (Witch Doctor Only)	2198908583	normal	Afixo
10-11% Damage to Elite Enemies	3668840849	normal	Afixo
10-15% Life	3840687719	normal	Afixo
10-15% Lightning Skill Damage	91845949	normal	Afixo
10-15% Locust Swarm Damage (Witch Doctor Only)	2501621592	normal	Afixo
10-15% Magic Missile Damage (Wizard Only)	1707059538	normal	Afixo
10-15% Meteor Damage (Wizard Only)	805058247	normal	Afixo
10-15% Multishot Damage (Demon Hunter Only)	1985055068	normal	Afixo
10-15% Mystic Ally Damage (Monk Only)	2771847786	normal	Afixo
10-15% Overpower Damage (Barbarian Only)	3582068757	normal	Afixo
10-15% Phalanx Damage (Crusader Only)	1936411023	normal	Afixo
10-15% Physical Skill Damage	2866094678	normal	Afixo
10-15% Piranhas Damage (Witch Doctor Only)	3941439882	normal	Afixo
10-15% Plague of Toads Damage (Witch Doctor Only)	3492469474	normal	Afixo
10-15% Poison Dart Damage (Witch Doctor Only)	3665940055	normal	Afixo
10-15% Poison Skill Damage	694702321	normal	Afixo
10-15% Punish Damage (Crusader Only)	1700600154	normal	Afixo
10-15% Rain of Vengeance Damage (Demon Hunter Only)	1630753310	normal	Afixo
10-15% Rapid Fire Damage (Demon Hunter Only)	3531285897	normal	Afixo
10-15% Ray of Frost Damage (Wizard Only)	2586321098	normal	Afixo
10-15% Rend Damage (Barbarian Only)	340016885	normal	Afixo
10-15% Revenge Damage (Barbarian Only)	2757533816	normal	Afixo
10-15% Sacrifice Damage (Witch Doctor Only)	22864349	normal	Afixo
10-15% Seismic Slam Damage (Barbarian Only)	3224464102	normal	Afixo
10-15% Sentry Damage (Demon Hunter Only)	3655419480	normal	Afixo
10-15% Seven Sided Strike Damage (Monk Only)	1974749435	normal	Afixo
10-15% Shield Bash Damage (Crusader Only)	680775002	normal	Afixo
10-15% Shock Pulse Damage (Wizard Only)	4153655964	normal	Afixo
10-15% Slash Damage (Crusader Only)	2644055646	normal	Afixo
10-15% Smite Damage (Crusader Only)	288147301	normal	Afixo
10-15% Spectral Blade Damage (Wizard Only)	2096765425	normal	Afixo
10-15% Spike Trap Damage (Demon Hunter Only)	2501752102	normal	Afixo
10-15% Spirit Barrage Damage (Witch Doctor Only)	27295011	normal	Afixo
10-15% Strafe Damage (Demon Hunter Only)	2361230584	normal	Afixo
10-15% Summon Zombie Dogs Damage (Witch Doctor Only)	558168871	normal	Afixo
10-15% Sweep Attack Damage (Crusader Only)	432187391	normal	Afixo
10-15% Sweeping Wind Damage (Monk Only)	3338207507	normal	Afixo
10-15% Tempest Rush Damage (Monk Only)	1277396227	normal	Afixo
10-15% Wall of Zombies Damage (Witch Doctor Only)	3927797714	normal	Afixo
10-15% Wave of Force Damage (Wizard Only)	2615657874	normal	Afixo
10-15% Wave of Light Damage (Monk Only)	4183678111	normal	Afixo
10-15% Way of the Hundred Fists Damage (Monk Only)	1462843007	normal	Afixo
10-15% Weapon Throw Damage (Barbarian Only)	1633908650	normal	Afixo
10-15% Whirlwind Damage (Barbarian Only)	3717731300	normal	Afixo
10-15% Zombie Charger Damage (Witch Doctor Only)	3206828662	normal	Afixo
10-16% Bash Damage (Barbarian Only)	2983524790	normal	Afixo
10-16% Cleave Damage (Barbarian Only)	2500178984	normal	Afixo
10-16% Corpse Spiders Damage (Witch Doctor Only)	4286218406	normal	Afixo
10-16% Crippling Wave Damage (Monk Only)	3644332134	normal	Afixo
10-16% Deadly Reach Damage (Monk Only)	2960443713	normal	Afixo
10-16% Electrocute Damage (Wizard Only)	1273788550	normal	Afixo
10-16% Elemental Arrow Damage (Demon Hunter Only)	1643335777	normal	Afixo
10-16% Exploding Palm Damage (Monk Only)	889808447	normal	Afixo
10-16% Fists of Thunder Damage (Monk Only)	913135651	normal	Afixo
10-16% Frenzy Damage (Barbarian Only)	680944758	normal	Afixo
10-16% Grenade Damage (Demon Hunter Only)	1730136712	normal	Afixo
10-16% Haunt Damage (Witch Doctor Only)	3984422240	normal	Afixo
10-16% Hungering Arrow Damage (Demon Hunter Only)	3005520049	normal	Afixo
10-16% Locust Swarm Damage (Witch Doctor Only)	3622381444	normal	Afixo
10-16% Magic Missile Damage (Wizard Only)	1912961278	normal	Afixo
10-16% Plague of Toads Damage (Witch Doctor Only)	13311534	normal	Afixo
10-16% Poison Dart Damage (Witch Doctor Only)	3659069635	normal	Afixo
10-16% Shock Pulse Damage (Wizard Only)	1435078088	normal	Afixo
10-16% Spectral Blade Damage (Wizard Only)	4193896157	normal	Afixo
10-16% Spike Trap Damage (Demon Hunter Only)	3936807890	normal	Afixo
10-16% Spirit Barrage Damage (Witch Doctor Only)	1321673615	normal	Afixo
10-16% Sweeping Wind Damage (Monk Only)	4206689151	normal	Afixo
10-16% Way of the Hundred Fists Damage (Monk Only)	3094559211	normal	Afixo
10-18% Chance to Inflict Bleed for 5-11 Damage Over 5 Seconds	2790499574	normal	Afixo
10-18% Chance to Inflict Bleed for 5-11 Damage Over 5 Seconds	764072334	normal	Afixo
10-20% Attack Speed	1162410730	normal	Afixo
10-20% Damage	2307686617	normal	Afixo
10-23% Chance to Inflict Bleed for 14-32 Damage Over 5 Seconds	2970423160	normal	Afixo
10-25% Chance to Inflict Bleed for 38-48 Damage Over 5 Seconds	912901305	normal	Afixo
10-25% Damage	2307686616	normal	Afixo
10-28% Chance to Inflict Bleed for 38-58 Damage Over 5 Seconds	764072338	normal	Afixo
10-30% Chance to Inflict Bleed for 121-217 Damage Over 5 Seconds	1092824891	normal	Afixo
10-30% Chance to Inflict Bleed for 97-208 Damage Over 5 Seconds	764072339	normal	Afixo
10-30% Damage	2307686615	normal	Afixo
10-33% Chance to Inflict Bleed for 206-414 Damage Over 5 Seconds	3330270332	normal	Afixo
10-35% Chance to Inflict Bleed for 11,184-12,182 Damage Over 5 Seconds	3739550558	normal	Afixo
10-35% Chance to Inflict Bleed for 11,248-11,283 Damage Over 5 Seconds	1781684934	normal	Afixo
10-35% Chance to Inflict Bleed for 16,184-16,862 Damage Over 5 Seconds	4019130375	normal	Afixo
10-35% Chance to Inflict Bleed for 20,912-26,468 Damage Over 5 Seconds	1961608520	normal	Afixo
10-35% Chance to Inflict Bleed for 21,184-22,366 Damage Over 5 Seconds	3739550560	normal	Afixo
10-35% Chance to Inflict Bleed for 299-770 Damage Over 5 Seconds	764072341	normal	Afixo
10-35% Chance to Inflict Bleed for 436-535 Damage Over 5 Seconds	1272748477	normal	Afixo
10-35% Chance to Inflict Bleed for 7,456-8,454 Damage Over 5 Seconds	3739550557	normal	Afixo
10-35% Damage	2307686614	normal	Afixo
10-40% Damage	2307686613	normal	Afixo
11% Chance to Block	3517551305	normal	Afixo
11% Chance to Block	4128784205	normal	Afixo
11-12% Damage to Elite Enemies	3668840850	normal	Afixo
11-12% Gold from Monsters	1105838409	normal	Afixo
11-12% Magic Item Find	84576721	normal	Afixo
12% Chance to Block	1460029450	normal	Afixo
12-16% Life	3013994134	normal	Afixo
12-17% Chance to Inflict Bleed for 338% Weapon Damage Over 5 Seconds	40658471	normal	Afixo
12-17% Chance to Inflict Bleed for 342% Weapon Damage Over 5 Seconds	3344576895	normal	Afixo
13% Chance to Block	3697474891	normal	Afixo
13% Critical Hit Chance	1945089006	normal	Afixo
13-14 Gold from Monsters	833586925	normal	Afixo
13-20% Magic Item Find	4244692634	normal	Afixo
14% Chance to Block	1639953036	normal	Afixo
14,231-20,000 Life from Health Potions/Globes	966382507	normal	Afixo
14-15% Movement Speed	98886381	normal	Afixo
14-16 Maximum Wrath (Crusader Only)	134299444	normal	Afixo
14-18 Maximum Fury (Barbarian Only)	3846807242	normal	Afixo
14-18 Maximum Spirit (Monk Only)	2467192415	normal	Afixo
14-18% Life	677558719	normal	Afixo
14-19% Chance to Inflict Bleed for 301% Weapon Damage Over 5 Seconds	2278103912	normal	Afixo
14-19% Chance to Inflict Bleed for 383% Weapon Damage Over 5 Seconds	3344576896	normal	Afixo
14-26 Life from Health Potions/Globes	2371993752	normal	Afixo
15% Chance to Block	3072055348	normal	Afixo
15% Movement Speed	98886382	normal	Afixo
15-16% Critical Hit Damage	1254505618	normal	Afixo
15-20% Arcane Skill Damage	691416708	normal	Afixo
15-20% Cold Skill Damage	79615964	normal	Afixo
15-20% Fire Skill Damage	190123328	normal	Afixo
15-20% Holy Skill Damage	275315798	normal	Afixo
15-20% Lightning Skill Damage	91845950	normal	Afixo
15-20% Physical Skill Damage	2866094679	normal	Afixo
15-20% Poison Skill Damage	694702322	normal	Afixo
15-25% Gold from Monsters	985123172	normal	Afixo
150-220% Critical Hit Damage	3965658507	normal	Afixo
16% Chance to Block	1014533493	normal	Afixo
16-20% Gold from Monsters	1933236769	normal	Afixo
16-20% Magic Item Find	92335250	normal	Afixo
16-21% Chance to Inflict Bleed for 342% Weapon Damage Over 5 Seconds	3344576897	normal	Afixo
18-23% Chance to Inflict Bleed for 305% Weapon Damage Over 5 Seconds	3344576898	normal	Afixo
18-23% Chance to Inflict Bleed for 342% Weapon Damage Over 5 Seconds	2458027498	normal	Afixo
2,072-4,685 Life After Each Kill	2577660442	normal	Afixo
2,078-2,212 Life After Each Kill	300606642	normal	Afixo
2,083-4,251 Life After Each Kill	444041880	normal	Afixo
2,213-2,303 Life After Each Kill	300606643	normal	Afixo
2,276-2,971 Life per Hit	3932768618	normal	Afixo
2,402-4,182 Life from Health Potions/Globes	966382503	normal	Afixo
2-13 Life from Health Potions/Globes	2371993751	normal	Afixo
2.0-3.6% Chance to Blind on Hit	2377950551	normal	Afixo
2.0-3.6% Chance to Chill on Hit	948583930	normal	Afixo
2.0-3.6% Chance to Fear on Hit	4269100620	normal	Afixo
2.0-3.6% Chance to Freeze on Hit	1708307535	normal	Afixo
2.0-3.6% Chance to Immobilize on Hit	3243333087	normal	Afixo
2.0-3.6% Chance to Knockback on Hit	2037321461	normal	Afixo
2.0-3.6% Chance to Slow on Hit	2683108147	normal	Afixo
2.0-3.6% Chance to Stun on Hit	3134890264	normal	Afixo
2.3-3.9% Chance to Blind on Hit	2377950552	normal	Afixo
2.3-3.9% Chance to Chill on Hit	948583931	normal	Afixo
2.3-3.9% Chance to Fear on Hit	4269100621	normal	Afixo
2.3-3.9% Chance to Freeze on Hit	1708307536	normal	Afixo
2.3-3.9% Chance to Immobilize on Hit	3243333088	normal	Afixo
2.3-3.9% Chance to Knockback on Hit	2037321462	normal	Afixo
2.3-3.9% Chance to Slow on Hit	2683108148	normal	Afixo
2.3-3.9% Chance to Stun on Hit	3134890265	normal	Afixo
2.3-6.4% Chance to Blind on Hit	2379136471	normal	Afixo
2.3-6.4% Chance to Chill on Hit	2750367670	normal	Afixo
2.3-6.4% Chance to Fear on Hit	316924104	normal	Afixo
2.3-6.4% Chance to Freeze on Hit	1992669067	normal	Afixo
2.3-6.4% Chance to Immobilize on Hit	3244519007	normal	Afixo
2.3-6.4% Chance to Knockback on Hit	478542065	normal	Afixo
2.3-6.4% Chance to Slow on Hit	216868847	normal	Afixo
2.3-6.4% Chance to Stun on Hit	3136076184	normal	Afixo
2.5-3.0% Critical Hit Chance	482446352	normal	Afixo
2.9-7.0% Chance to Blind on Hit	2379136472	normal	Afixo
2.9-7.0% Chance to Chill on Hit	949769851	normal	Afixo
2.9-7.0% Chance to Fear on Hit	316924105	normal	Afixo
2.9-7.0% Chance to Freeze on Hit	1992669068	normal	Afixo
2.9-7.0% Chance to Immobilize on Hit	3244519008	normal	Afixo
2.9-7.0% Chance to Knockback on Hit	478542066	normal	Afixo
2.9-7.0% Chance to Slow on Hit	216868848	normal	Afixo
2.9-7.0% Chance to Stun on Hit	3136076185	normal	Afixo
2.9-7.0% Chance to Chill on Hit	2750367671	normal	Afixo
20,001-29,713 Life from Health Potions/Globes	966382508	normal	Afixo
20-22 Mana per Second (Witch Doctor Only)	3844506291	normal	Afixo
20-22% Critical Hit Damage	1182457453	normal	Afixo
20-24 Maximum Fury (Barbarian Only)	373095467	normal	Afixo
20-24 Maximum Spirit (Monk Only)	3288447936	normal	Afixo
20-25% Arcane Skill Damage	2556053067	normal	Afixo
20-25% Chance to Inflict Bleed for 325% Weapon Damage Over 5 Seconds	400505643	normal	Afixo
20-25% Chance to Inflict Bleed for 360% Weapon Damage Over 5 Seconds	3344576899	normal	Afixo
20-25% Critical Hit Damage	448428600	normal	Afixo
20-29 Experience per Kill	555582960	normal	Afixo
20-29 Maximum Mana (Witch Doctor Only)	1597714965	normal	Afixo
20-30% Chance to be Protected by a Shield of Bones When You Are Hit	4042004595	normal	Afixo
20-35% Chance to Cause the Ground to Shudder When Attacking	2623084369	normal	Afixo
21-24% Chance to Cause the Ground to Shudder When Attacking	4240095641	normal	Afixo
21-24% Magic Item Find	4089564291	normal	Afixo
21-25% Gold from Monsters	3052044997	normal	Afixo
21-25% Magic Item Find	1824905385	normal	Afixo
210-230 Maximum Mana (Witch Doctor Only)	1184986312	normal	Afixo
211-306 Life per Hit	3028844559	normal	Afixo
212-253 Life After Each Kill	1816352206	normal	Afixo
22-27% Chance to Inflict Bleed for 342% Weapon Damage Over 5 Seconds	2637951084	normal	Afixo
222-309 Life from Health Potions/Globes	2371993756	normal	Afixo
229-385 Life After Each Kill	1096611085	normal	Afixo
23-25% Critical Hit Damage	1820051126	normal	Afixo
24-29% Chance to Inflict Bleed for 313% Weapon Damage Over 5 Seconds	580429229	normal	Afixo
24-29% Chance to Inflict Bleed for 342% Weapon Damage Over 5 Seconds	3344576901	normal	Afixo
25-28% Magic Item Find	3265296268	normal	Afixo
25-34% Chance to Cast a Fireball When Attacking	2724129847	normal	Afixo
25-34% Chance to Sunder the Ground Your Enemies Walk on When You Attack	3403043043	normal	Afixo
254-514 Life After Each Kill	2637607727	normal	Afixo
26-27% Damage to Elite Enemies	1821616103	normal	Afixo
26-28 Maximum Spirit (Monk Only)	4109703457	normal	Afixo
26-28% Gold from Monsters	3897954445	normal	Afixo
26-30 Maximum Spirit (Monk Only)	635991682	normal	Afixo
26-30% Critical Hit Damage	1913242017	normal	Afixo
26-31% Chance to Inflict Bleed for 313% Weapon Damage Over 5 Seconds	2817874670	normal	Afixo
26-31% Chance to Inflict Bleed for 343% Weapon Damage Over 5 Seconds	3344576902	normal	Afixo
26-45% Magic Item Find	92335666	normal	Afixo
26-50% Critical Hit Damage	3230574488	normal	Afixo
26-50% Gold from Monsters	2825647228	normal	Afixo
260-265 Dexterity & Intelligence & Strength & Vitality	2046849477	normal	Afixo
263-400 Armor	82091293	normal	Afixo
28-33% Chance to Inflict Bleed for 342% Weapon Damage Over 5 Seconds	3288763606	normal	Afixo
28-33% Chance to Inflict Bleed for 373% Weapon Damage Over 5 Seconds	2996855150	normal	Afixo
28-34 Dexterity & Intelligence & Strength & Vitality	3982326642	normal	Afixo
28-34% Chance to Sunder the Ground Your Enemies Walk on When You Attack	1441388587	normal	Afixo
29-31% Gold from Monsters	1237138646	normal	Afixo
29-35% Magic Item Find	1360248700	normal	Afixo
290-473 Life per Hit	1976802929	normal	Afixo
3,124-6,427 Life After Each Kill	300606640	normal	Afixo
3,514-4,457 Life per Hit	966857717	normal	Afixo
3.5-4.0% Critical Hit Chance	163943636	normal	Afixo
3.5-7.6% Chance to Blind on Hit	2379136473	normal	Afixo
3.5-7.6% Chance to Chill on Hit	2750367672	normal	Afixo
3.5-7.6% Chance to Fear on Hit	316924106	normal	Afixo
3.5-7.6% Chance to Freeze on Hit	1992669069	normal	Afixo
3.5-7.6% Chance to Immobilize on Hit	3244519009	normal	Afixo
3.5-7.6% Chance to Knockback on Hit	478542067	normal	Afixo
3.5-7.6% Chance to Slow on Hit	216868849	normal	Afixo
3.5-7.6% Chance to Stun on Hit	3136076186	normal	Afixo
30-34% Chance to Cast a Fireball When Attacking	390817007	normal	Afixo
30-35% Chance to Inflict Bleed for 342% Weapon Damage Over 5 Seconds	2996855151	normal	Afixo
30-35% Chance to Inflict Bleed for 394% Weapon Damage Over 5 Seconds	1231241751	normal	Afixo
31-35% Critical Hit Damage	3007444522	normal	Afixo
310-654 Life from Health Potions/Globes	2371993757	normal	Afixo
316-460 Life per Hit	3932768615	normal	Afixo
32-35% Gold from Monsters	3624530495	normal	Afixo
32-37% Chance to Inflict Bleed for 342% Weapon Damage Over 5 Seconds	2996855152	normal	Afixo
34-39% Chance to Inflict Bleed for 342% Weapon Damage Over 5 Seconds	2996855153	normal	Afixo
34-39% Chance to Inflict Bleed for 366% Weapon Damage Over 5 Seconds	1411165337	normal	Afixo
36-40% Critical Hit Damage	1913242030	normal	Afixo
4,183-4,954 Life from Health Potions/Globes	966382504	normal	Afixo
4,252-5,942 Life After Each Kill	2681487321	normal	Afixo
4,686-9,141 Life After Each Kill	3398915963	normal	Afixo
4,955-6,074 Life from Health Potions/Globes	966382505	normal	Afixo
4-5% Critical Hit Chance	1945089004	normal	Afixo
4.5-6.0% Critical Hit Chance	834680427	normal	Afixo
4.5-6.0% Critical Hit Chance	3228311156	normal	Afixo
40-49 Maximum Mana (Witch Doctor Only)	1597714967	normal	Afixo
40-50% Critical Hit Damage	4205406211	normal	Afixo
40-50% Deadly Reach Damage (Monk Only)	2452827332	normal	Afixo
41-45% Critical Hit Damage	448428613	normal	Afixo
42-60% Critical Hit Damage	1431280588	normal	Afixo
46-50% Critical Hit Damage	1913242446	normal	Afixo
46-55% Magic Item Find	3047077083	normal	Afixo
461-1,041 Life per Hit	3932768616	normal	Afixo
474-690 Life per Hit	2798058450	normal	Afixo
475-725 Life per Second	3501726305	normal	Afixo
495-787 Dexterity	2910105732	normal	Afixo
495-787 Intelligence	1091508508	normal	Afixo
495-787 Strength	4322538	normal	Afixo
495-787 Vitality	2031474116	normal	Afixo
5% Chance to Block	775867296	normal	Afixo
5% Critical Hit Damage	1815042114	normal	Afixo
5-10% Arcane Skill Damage	691416706	normal	Afixo
5-10% Bash Damage (Barbarian Only)	2983524786	normal	Afixo
5-10% Cleave Damage (Barbarian Only)	2500178980	normal	Afixo
5-10% Cold Skill Damage	79615962	normal	Afixo
5-10% Corpse Spiders Damage (Witch Doctor Only)	4286218402	normal	Afixo
5-10% Crippling Wave Damage (Monk Only)	3644332130	normal	Afixo
5-10% Critical Hit Chance	2792103107	normal	Afixo
5-10% Damage to Beasts	4233161076	normal	Afixo
5-10% Damage to Demons	2535210488	normal	Afixo
5-10% Damage to Humans	4031778238	normal	Afixo
5-10% Damage to Undead	3390430742	normal	Afixo
5-10% Deadly Reach Damage (Monk Only)	2960443709	normal	Afixo
5-10% Electrocute Damage (Wizard Only)	1273788546	normal	Afixo
5-10% Elemental Arrow Damage (Demon Hunter Only)	1643335773	normal	Afixo
5-10% Entangling Shot Damage (Demon Hunter Only)	2808523264	normal	Afixo
5-10% Exploding Palm Damage (Monk Only)	889808443	normal	Afixo
5-10% Fire Skill Damage	190123326	normal	Afixo
5-10% Fists of Thunder Damage (Monk Only)	913135647	normal	Afixo
5-10% Frenzy Damage (Barbarian Only)	680944754	normal	Afixo
5-10% Gold from Monsters	2825647215	normal	Afixo
5-10% Grenade Damage (Demon Hunter Only)	1730136708	normal	Afixo
5-10% Haunt Damage (Witch Doctor Only)	3984422236	normal	Afixo
5-10% Holy Skill Damage	275315796	normal	Afixo
5-10% Hungering Arrow Damage (Demon Hunter Only)	3005520045	normal	Afixo
5-10% Lightning Skill Damage	91845948	normal	Afixo
5-10% Locust Swarm Damage (Witch Doctor Only)	3622381440	normal	Afixo
5-10% Magic Missile Damage (Wizard Only)	1912961274	normal	Afixo
5-10% Physical Skill Damage	2866094677	normal	Afixo
5-10% Plague of Toads Damage (Witch Doctor Only)	13311530	normal	Afixo
5-10% Poison Dart Damage (Witch Doctor Only)	3659069631	normal	Afixo
5-10% Poison Skill Damage	694702320	normal	Afixo
5-10% Shock Pulse Damage (Wizard Only)	1435078084	normal	Afixo
5-10% Spectral Blade Damage (Wizard Only)	4193896153	normal	Afixo
5-10% Spike Trap Damage (Demon Hunter Only)	3936807886	normal	Afixo
5-10% Spirit Barrage Damage (Witch Doctor Only)	1321673611	normal	Afixo
5-10% Sweeping Wind Damage (Monk Only)	4206689147	normal	Afixo
5-10% Way of the Hundred Fists Damage (Monk Only)	3094559207	normal	Afixo
5-11% Bash Damage (Barbarian Only)	2983524787	normal	Afixo
5-11% Cleave Damage (Barbarian Only)	2500178981	normal	Afixo
5-11% Corpse Spiders Damage (Witch Doctor Only)	4286218403	normal	Afixo
5-11% Crippling Wave Damage (Monk Only)	3644332131	normal	Afixo
5-11% Deadly Reach Damage (Monk Only)	2960443710	normal	Afixo
5-11% Electrocute Damage (Wizard Only)	1273788547	normal	Afixo
5-11% Elemental Arrow Damage (Demon Hunter Only)	1643335774	normal	Afixo
5-11% Entangling Shot Damage (Demon Hunter Only)	2808523265	normal	Afixo
5-11% Exploding Palm Damage (Monk Only)	889808444	normal	Afixo
5-11% Fists of Thunder Damage (Monk Only)	913135648	normal	Afixo
5-11% Frenzy Damage (Barbarian Only)	680944755	normal	Afixo
5-11% Grenade Damage (Demon Hunter Only)	1730136709	normal	Afixo
5-11% Haunt Damage (Witch Doctor Only)	3984422237	normal	Afixo
5-11% Hungering Arrow Damage (Demon Hunter Only)	3005520046	normal	Afixo
5-11% Locust Swarm Damage (Witch Doctor Only)	3622381441	normal	Afixo
5-11% Magic Missile Damage (Wizard Only)	1912961275	normal	Afixo
5-11% Plague of Toads Damage (Witch Doctor Only)	13311531	normal	Afixo
5-11% Shock Pulse Damage (Wizard Only)	1435078085	normal	Afixo
5-11% Spectral Blade Damage (Wizard Only)	4193896154	normal	Afixo
5-11% Spike Trap Damage (Demon Hunter Only)	3936807887	normal	Afixo
5-11% Spirit Barrage Damage (Witch Doctor Only)	1321673612	normal	Afixo
5-11% Sweeping Wind Damage (Monk Only)	4206689148	normal	Afixo
5-11% Way of the Hundred Fists Damage (Monk Only)	3094559208	normal	Afixo
5-12% Bash Damage (Barbarian Only)	2983524788	normal	Afixo
5-12% Cleave Damage (Barbarian Only)	2500178982	normal	Afixo
5-12% Corpse Spiders Damage (Witch Doctor Only)	4286218404	normal	Afixo
5-12% Crippling Wave Damage (Monk Only)	3644332132	normal	Afixo
5-12% Deadly Reach Damage (Monk Only)	2960443711	normal	Afixo
5-12% Electrocute Damage (Wizard Only)	1273788548	normal	Afixo
5-12% Elemental Arrow Damage (Demon Hunter Only)	1643335775	normal	Afixo
5-12% Entangling Shot Damage (Demon Hunter Only)	2808523266	normal	Afixo
5-12% Exploding Palm Damage (Monk Only)	889808445	normal	Afixo
5-12% Fists of Thunder Damage (Monk Only)	913135649	normal	Afixo
5-12% Frenzy Damage (Barbarian Only)	680944756	normal	Afixo
5-12% Grenade Damage (Demon Hunter Only)	1730136710	normal	Afixo
5-12% Haunt Damage (Witch Doctor Only)	3984422238	normal	Afixo
5-12% Hungering Arrow Damage (Demon Hunter Only)	3005520047	normal	Afixo
5-12% Locust Swarm Damage (Witch Doctor Only)	3622381442	normal	Afixo
5-12% Magic Missile Damage (Wizard Only)	1912961276	normal	Afixo
5-12% Plague of Toads Damage (Witch Doctor Only)	13311532	normal	Afixo
5-12% Poison Dart Damage (Witch Doctor Only)	3659069632	normal	Afixo
5-12% Poison Dart Damage (Witch Doctor Only)	3659069633	normal	Afixo
5-12% Shock Pulse Damage (Wizard Only)	1435078086	normal	Afixo
5-12% Spectral Blade Damage (Wizard Only)	4193896155	normal	Afixo
5-12% Spike Trap Damage (Demon Hunter Only)	3936807888	normal	Afixo
5-12% Spirit Barrage Damage (Witch Doctor Only)	1321673613	normal	Afixo
5-12% Sweeping Wind Damage (Monk Only)	4206689149	normal	Afixo
5-12% Way of the Hundred Fists Damage (Monk Only)	3094559209	normal	Afixo
5-13% Damage to Beasts	4233161077	normal	Afixo
5-13% Damage to Demons	2535210489	normal	Afixo
5-13% Damage to Humans	4031778239	normal	Afixo
5-13% Damage to Undead	3390430743	normal	Afixo
5-14% Bash Damage (Barbarian Only)	2983524789	normal	Afixo
5-14% Cleave Damage (Barbarian Only)	2500178983	normal	Afixo
5-14% Corpse Spiders Damage (Witch Doctor Only)	4286218405	normal	Afixo
5-14% Crippling Wave Damage (Monk Only)	3644332133	normal	Afixo
5-14% Deadly Reach Damage (Monk Only)	2960443712	normal	Afixo
5-14% Electrocute Damage (Wizard Only)	1273788549	normal	Afixo
5-14% Elemental Arrow Damage (Demon Hunter Only)	1643335776	normal	Afixo
5-14% Entangling Shot Damage (Demon Hunter Only)	2808523267	normal	Afixo
5-14% Exploding Palm Damage (Monk Only)	889808446	normal	Afixo
5-14% Fists of Thunder Damage (Monk Only)	913135650	normal	Afixo
5-14% Frenzy Damage (Barbarian Only)	680944757	normal	Afixo
5-14% Grenade Damage (Demon Hunter Only)	1730136711	normal	Afixo
5-14% Haunt Damage (Witch Doctor Only)	3984422239	normal	Afixo
5-14% Hungering Arrow Damage (Demon Hunter Only)	3005520048	normal	Afixo
5-14% Locust Swarm Damage (Witch Doctor Only)	3622381443	normal	Afixo
5-14% Magic Missile Damage (Wizard Only)	1912961277	normal	Afixo
5-14% Plague of Toads Damage (Witch Doctor Only)	13311533	normal	Afixo
5-14% Poison Dart Damage (Witch Doctor Only)	3659069634	normal	Afixo
5-14% Shock Pulse Damage (Wizard Only)	1435078087	normal	Afixo
5-14% Spectral Blade Damage (Wizard Only)	4193896156	normal	Afixo
5-14% Spike Trap Damage (Demon Hunter Only)	3936807889	normal	Afixo
5-14% Spirit Barrage Damage (Witch Doctor Only)	1321673614	normal	Afixo
5-14% Sweeping Wind Damage (Monk Only)	4206689150	normal	Afixo
5-14% Way of the Hundred Fists Damage (Monk Only)	3094559210	normal	Afixo
5-6% Damage to Beasts	2540987243	normal	Afixo
5-6% Damage to Demons	3604913647	normal	Afixo
5-6% Damage to Elite Enemies	3668840845	normal	Afixo
5-6% Damage to Humans	3502393013	normal	Afixo
5-6% Damage to Undead	4201339661	normal	Afixo
5-6% Life	3013994121	normal	Afixo
5-6% Magic Item Find	2158305453	normal	Afixo
5-7% Attack Speed	2706732670	normal	Afixo
5-7% Bash Damage (Barbarian Only)	2983524783	normal	Afixo
5-7% Cleave Damage (Barbarian Only)	2500178977	normal	Afixo
5-7% Corpse Spiders Damage (Witch Doctor Only)	4286218399	normal	Afixo
5-7% Crippling Wave Damage (Monk Only)	3644332127	normal	Afixo
5-7% Deadly Reach Damage (Monk Only)	2960443706	normal	Afixo
5-7% Electrocute Damage (Wizard Only)	1273788543	normal	Afixo
5-7% Elemental Arrow Damage (Demon Hunter Only)	1643335770	normal	Afixo
5-7% Entangling Shot Damage (Demon Hunter Only)	2808523261	normal	Afixo
5-7% Exploding Palm Damage (Monk Only)	889808440	normal	Afixo
5-7% Fists of Thunder Damage (Monk Only)	913135644	normal	Afixo
5-7% Frenzy Damage (Barbarian Only)	680944751	normal	Afixo
5-7% Grenade Damage (Demon Hunter Only)	1730136705	normal	Afixo
5-7% Haunt Damage (Witch Doctor Only)	3984422233	normal	Afixo
5-7% Hungering Arrow Damage (Demon Hunter Only)	3005520042	normal	Afixo
5-7% Life	2829455692	normal	Afixo
5-7% Locust Swarm Damage (Witch Doctor Only)	3622381437	normal	Afixo
5-7% Magic Missile Damage (Wizard Only)	1912961271	normal	Afixo
5-7% Plague of Toads Damage (Witch Doctor Only)	13311527	normal	Afixo
5-7% Poison Dart Damage (Witch Doctor Only)	3659069628	normal	Afixo
5-7% Shock Pulse Damage (Wizard Only)	1435078081	normal	Afixo
5-7% Spectral Blade Damage (Wizard Only)	4193896150	normal	Afixo
5-7% Spike Trap Damage (Demon Hunter Only)	3936807883	normal	Afixo
5-7% Spirit Barrage Damage (Witch Doctor Only)	1321673608	normal	Afixo
5-7% Sweeping Wind Damage (Monk Only)	4206689144	normal	Afixo
5-7% Way of the Hundred Fists Damage (Monk Only)	3094559204	normal	Afixo
5-8% Arcane Skill Damage	1405730270	normal	Afixo
5-8% Bash Damage (Barbarian Only)	2983524784	normal	Afixo
5-8% Cleave Damage (Barbarian Only)	2500178978	normal	Afixo
5-8% Cold Skill Damage	1155003702	normal	Afixo
5-8% Corpse Spiders Damage (Witch Doctor Only)	4286218400	normal	Afixo
5-8% Crippling Wave Damage (Monk Only)	3644332128	normal	Afixo
5-8% Damage	2064366741	normal	Afixo
5-8% Damage to Beasts	4233161074	normal	Afixo
5-8% Damage to Demons	2535210486	normal	Afixo
5-8% Damage to Elite Enemies	2470465400	normal	Afixo
5-8% Damage to Humans	4031778236	normal	Afixo
5-8% Damage to Undead	3390430740	normal	Afixo
5-8% Deadly Reach Damage (Monk Only)	2960443707	normal	Afixo
5-8% Electrocute Damage (Wizard Only)	1273788544	normal	Afixo
5-8% Elemental Arrow Damage (Demon Hunter Only)	1643335771	normal	Afixo
5-8% Entangling Shot Damage (Demon Hunter Only)	2808523262	normal	Afixo
5-8% Exploding Palm Damage (Monk Only)	889808441	normal	Afixo
5-8% Fire Skill Damage	1219180442	normal	Afixo
5-8% Fists of Thunder Damage (Monk Only)	913135645	normal	Afixo
5-8% Frenzy Damage (Barbarian Only)	680944752	normal	Afixo
5-8% Gold from Monsters	1963103511	normal	Afixo
5-8% Grenade Damage (Demon Hunter Only)	1730136706	normal	Afixo
5-8% Haunt Damage (Witch Doctor Only)	3984422234	normal	Afixo
5-8% Holy Skill Damage	78477872	normal	Afixo
5-8% Hungering Arrow Damage (Demon Hunter Only)	3005520043	normal	Afixo
5-8% Life	3511003747	normal	Afixo
5-8% Lightning Skill Damage	3736614168	normal	Afixo
5-8% Locust Swarm Damage (Witch Doctor Only)	3622381438	normal	Afixo
5-8% Magic Missile Damage (Wizard Only)	1912961272	normal	Afixo
5-8% Plague of Toads Damage (Witch Doctor Only)	13311528	normal	Afixo
5-8% Poison Dart Damage (Witch Doctor Only)	3659069629	normal	Afixo
5-8% Poison Skill Damage	1482965452	normal	Afixo
5-8% Shock Pulse Damage (Wizard Only)	1435078082	normal	Afixo
5-8% Spectral Blade Damage (Wizard Only)	4193896151	normal	Afixo
5-8% Spike Trap Damage (Demon Hunter Only)	3936807884	normal	Afixo
5-8% Spirit Barrage Damage (Witch Doctor Only)	1321673609	normal	Afixo
5-8% Sweeping Wind Damage (Monk Only)	4206689145	normal	Afixo
5-8% Way of the Hundred Fists Damage (Monk Only)	3094559205	normal	Afixo
5-9% Bash Damage (Barbarian Only)	2983524785	normal	Afixo
5-9% Cleave Damage (Barbarian Only)	2500178979	normal	Afixo
5-9% Corpse Spiders Damage (Witch Doctor Only)	4286218401	normal	Afixo
5-9% Crippling Wave Damage (Monk Only)	3644332129	normal	Afixo
5-9% Damage to Beasts	4233161075	normal	Afixo
5-9% Damage to Demons	2535210487	normal	Afixo
5-9% Damage to Humans	4031778237	normal	Afixo
5-9% Damage to Undead	3390430741	normal	Afixo
5-9% Deadly Reach Damage (Monk Only)	2960443708	normal	Afixo
5-9% Electrocute Damage (Wizard Only)	1273788545	normal	Afixo
5-9% Elemental Arrow Damage (Demon Hunter Only)	1643335772	normal	Afixo
5-9% Entangling Shot Damage (Demon Hunter Only)	2808523263	normal	Afixo
5-9% Exploding Palm Damage (Monk Only)	889808442	normal	Afixo
5-9% Fists of Thunder Damage (Monk Only)	913135646	normal	Afixo
5-9% Frenzy Damage (Barbarian Only)	680944753	normal	Afixo
5-9% Grenade Damage (Demon Hunter Only)	1730136707	normal	Afixo
5-9% Haunt Damage (Witch Doctor Only)	3984422235	normal	Afixo
5-9% Hungering Arrow Damage (Demon Hunter Only)	3005520044	normal	Afixo
5-9% Locust Swarm Damage (Witch Doctor Only)	3622381439	normal	Afixo
5-9% Magic Missile Damage (Wizard Only)	1912961273	normal	Afixo
5-9% Plague of Toads Damage (Witch Doctor Only)	13311529	normal	Afixo
5-9% Poison Dart Damage (Witch Doctor Only)	3659069630	normal	Afixo
5-9% Shock Pulse Damage (Wizard Only)	1435078083	normal	Afixo
5-9% Spectral Blade Damage (Wizard Only)	4193896152	normal	Afixo
5-9% Spike Trap Damage (Demon Hunter Only)	3936807885	normal	Afixo
5-9% Spirit Barrage Damage (Witch Doctor Only)	1321673610	normal	Afixo
5-9% Sweeping Wind Damage (Monk Only)	4206689146	normal	Afixo
5-9% Way of the Hundred Fists Damage (Monk Only)	3094559206	normal	Afixo
509-545 Armor	82091296	normal	Afixo
51-100% Critical Hit Damage	461888704	normal	Afixo
525-625 Dexterity	2208111098	normal	Afixo
525-625 Intelligence	2902946034	normal	Afixo
525-625 Strength	3301343616	normal	Afixo
525-625 Vitality	4285961292	normal	Afixo
533-810 Arcane Damage	1921384159	normal	Afixo
533-810 Cold Damage	1498228407	normal	Afixo
533-810 Damage	1536482797	normal	Afixo
533-810 Fire Damage	1173152667	normal	Afixo
533-810 Holy Damage	990264817	normal	Afixo
533-810 Lightning Damage	1632047641	normal	Afixo
533-810 Poison Damage	1225218445	normal	Afixo
56-65% Magic Item Find	1769296036	normal	Afixo
56-69 Dexterity & Intelligence & Strength & Vitality	825233213	normal	Afixo
579-946 Life After Each Kill	300606637	normal	Afixo
6 Mana per Second (Witch Doctor Only)	2198908580	normal	Afixo
6% Chance to Block	775867297	normal	Afixo
6% Critical Hit Damage	1815042115	normal	Afixo
6,075-14,230 Life from Health Potions/Globes	966382506	normal	Afixo
6,428-8,914 Life After Each Kill	300606641	normal	Afixo
6-10% Critical Hit Chance	1945089420	normal	Afixo
6-10% Damage	3699593118	normal	Afixo
6-10% Magic Item Find	92335237	normal	Afixo
6-12% Life	776320199	normal	Afixo
6-18 Life After Each Kill	2612119774	normal	Afixo
6-7 Maximum Wrath (Crusader Only)	2221274632	normal	Afixo
6-7% Movement Speed	98886375	normal	Afixo
61-65% Magic Item Find	1824905387	normal	Afixo
61-70% Gold from Monsters	1933250926	normal	Afixo
610-926 Arcane Damage	4076253585	normal	Afixo
610-926 Cold Damage	3260519017	normal	Afixo
610-926 Damage	2227990495	normal	Afixo
610-926 Fire Damage	3343954125	normal	Afixo
610-926 Holy Damage	1629273443	normal	Afixo
610-926 Lightning Damage	517363851	normal	Afixo
610-926 Poison Damage	3359319935	normal	Afixo
62-70% Critical Hit Damage	79448245	normal	Afixo
626-750 Dexterity	150589243	normal	Afixo
626-750 Intelligence	2902946035	normal	Afixo
626-750 Strength	3989117939	normal	Afixo
626-750 Vitality	2228439437	normal	Afixo
632-920 Life After Each Kill	264118294	normal	Afixo
638-969 Arcane Damage	1960519552	normal	Afixo
638-969 Cold Damage	1537363800	normal	Afixo
638-969 Damage	1575618190	normal	Afixo
638-969 Fire Damage	1212288060	normal	Afixo
638-969 Holy Damage	1029400210	normal	Afixo
638-969 Lightning Damage	1671183034	normal	Afixo
638-969 Poison Damage	1264353838	normal	Afixo
655-1,270 Life from Health Potions/Globes	2371993758	normal	Afixo
66-70% Gold from Monsters	3052044999	normal	Afixo
66-75% Magic Item Find	92335252	normal	Afixo
691-1,049 Arcane Damage	1999654945	normal	Afixo
691-1,049 Cold Damage	1576499193	normal	Afixo
691-1,049 Damage	1614753583	normal	Afixo
691-1,049 Fire Damage	1251423453	normal	Afixo
691-1,049 Holy Damage	1068535603	normal	Afixo
691-1,049 Lightning Damage	1710318427	normal	Afixo
691-1,049 Poison Damage	1303489231	normal	Afixo
691-1,561 Life per Hit	3619313971	normal	Afixo
694-737 Life per Hit	3932768619	normal	Afixo
695-1,550 Life per Hit	3208768145	normal	Afixo
7 Mana per Second (Witch Doctor Only)	2198908581	normal	Afixo
7% Chance to Block	775867298	normal	Afixo
7-10 Life per Hit	1160379000	normal	Afixo
7-10% Critical Hit Chance	4058408821	normal	Afixo
7-14 Life per Hit	4179570593	normal	Afixo
7-14% Damage to Beasts	4233161078	normal	Afixo
7-14% Damage to Demons	2535210490	normal	Afixo
7-14% Damage to Humans	4031778240	normal	Afixo
7-14% Damage to Undead	3390430744	normal	Afixo
7-8 Maximum Discipline (Demon Hunter Only)	1522090141	normal	Afixo
7-8 Maximum Fury (Barbarian Only)	321803324	normal	Afixo
7-8 Maximum Wrath (Crusader Only)	2221274633	normal	Afixo
7-8 Maximum Wrath (Crusader Only)	2502239460	normal	Afixo
7-8% Damage to Elite Enemies	3668840846	normal	Afixo
7-8% Life	677558290	normal	Afixo
7-8% Magic Item Find	3958264054	normal	Afixo
71-80% Gold from Monsters	3667738519	normal	Afixo
72-80% Critical Hit Damage	3517667769	normal	Afixo
726-990 Life per Second	1444204450	normal	Afixo
729-1,107 Arcane Damage	4076253586	normal	Afixo
729-1,107 Cold Damage	3260519018	normal	Afixo
729-1,107 Damage	2227990496	normal	Afixo
729-1,107 Fire Damag	3343954126	normal	Afixo
729-1,107 Holy Damage	1629273444	normal	Afixo
729-1,107 Lightning Damage	517363852	normal	Afixo
729-1,107 Poison Damage	3359319936	normal	Afixo
73-93 Life After Each Kill	2974209354	normal	Afixo
732-1,111 Arcane Damage	51426748	normal	Afixo
732-1,111 Cold Damage	3044827028	normal	Afixo
732-1,111 Damage	792340298	normal	Afixo
732-1,111 Fire Damage	2966894456	normal	Afixo
732-1,111 Holy Damage	706509390	normal	Afixo
732-1,111 Lightning Damage	1103481974	normal	Afixo
732-1,111 Poison Damage	1103289066	normal	Afixo
738-767 Life per Hit	3932768620	normal	Afixo
747-1,134 Arcane Damage	2038790338	normal	Afixo
747-1,134 Cold Damage	1615634586	normal	Afixo
747-1,134 Damage	1653888976	normal	Afixo
747-1,134 Fire Damage	1290558846	normal	Afixo
747-1,134 Holy Damage	1107670996	normal	Afixo
747-1,134 Lightning Damage	1749453820	normal	Afixo
747-1,134 Poison Damage	1342624624	normal	Afixo
788-945 Dexterity	539032357	normal	Afixo
788-945 Intelligence	1912764029	normal	Afixo
788-945 Strength	4272940253	normal	Afixo
788-945 Vitality	2852729637	normal	Afixo
789-1,198 Arcane Damage	4076253587	normal	Afixo
789-1,198 Cold Damage	3260519019	normal	Afixo
789-1,198 Damage	2227990497	normal	Afixo
789-1,198 Fire Damage	3343954127	normal	Afixo
789-1,198 Holy Damage	1629273445	normal	Afixo
789-1,198 Lightning Damage	517363853	normal	Afixo
789-1,198 Poison Damage	3359319937	normal	Afixo
8% Chance to Block	775867299	normal	Afixo
8% Chance to Block	1280105864	normal	Afixo
8-10 Maximum Discipline (Demon Hunter Only)	3399688410	normal	Afixo
8-10 Maximum Fury (Barbarian Only)	2559248765	normal	Afixo
8-10 Maximum Wrath (Crusader Only)	2221274634	normal	Afixo
8-10% Critical Hit Chance	783505022	normal	Afixo
8-10% Life	884587195	normal	Afixo
8-14% Life	2415043582	normal	Afixo
8-15% Acid Cloud Damage (Witch Doctor Only)	4208639552	normal	Afixo
8-15% Ancient Spear Damage (Barbarian Only)	1181171693	normal	Afixo
8-15% Arcane Orb Damage (Wizard Only)	3307138060	normal	Afixo
8-15% Arcane Torrent Damage (Wizard Only)	3893155255	normal	Afixo
8-15% Avalanche Damage (Barbarian Only)	3515947251	normal	Afixo
8-15% Bash Damage (Barbarian Only)	2983524782	normal	Afixo
8-15% Black Hole Damage (Wizard Only)	1104447588	normal	Afixo
8-15% Blessed Hammer Damage (Crusader Only)	2683410339	normal	Afixo
8-15% Blessed Shield Damage (Crusader Only)	3619396386	normal	Afixo
8-15% Blizzard Damage (Wizard Only)	1636112993	normal	Afixo
8-15% Bolas Damage (Demon Hunter Only)	2223751944	normal	Afixo
8-15% Bombardment Damage (Crusader Only)	3574030674	normal	Afixo
8-15% Chakram Damage (Demon Hunter Only)	2648558990	normal	Afixo
8-15% Cleave Damage (Barbarian Only)	2500178976	normal	Afixo
8-15% Cluster Arrow Damage (Demon Hunter Only)	720249988	normal	Afixo
8-15% Companion Damage (Demon Hunter Only)	3179861115	normal	Afixo
8-15% Condemn Damage (Crusader Only)	1080412651	normal	Afixo
8-15% Corpse Spiders Damage (Witch Doctor Only)	4286218398	normal	Afixo
8-15% Crippling Wave Damage (Monk Only)	3644332126	normal	Afixo
8-15% Cyclone Strike Damage (Monk Only)	60282146	normal	Afixo
8-15% Dashing Strike Damage (Monk Only)	331981011	normal	Afixo
8-15% Deadly Reach Damage (Monk Only)	2960443705	normal	Afixo
8-15% Disintegrate Damage (Wizard Only)	794541090	normal	Afixo
8-15% Earthquake Damage (Barbarian Only)	1169956795	normal	Afixo
8-15% Electrocute Damage (Wizard Only)	1273788542	normal	Afixo
8-15% Elemental Arrow Damage (Demon Hunter Only)	1643335769	normal	Afixo
8-15% Energy Twister Critical Hit Chance (Wizard Only)	3271389947	normal	Afixo
8-15% Entangling Shot Damage (Demon Hunter Only)	2808523260	normal	Afixo
8-15% Evasive Fire Damage (Demon Hunter Only)	3239764144	normal	Afixo
8-15% Exploding Palm Damage (Monk Only)	889808439	normal	Afixo
8-15% Explosive Blast Damage (Wizard Only)	417810228	normal	Afixo
8-15% Falling Sword Damage (Crusader Only)	461524659	normal	Afixo
8-15% Familiar Damage (Wizard Only)	3835642596	normal	Afixo
8-15% Fan of Knives Damage (Demon Hunter Only)	4201950769	normal	Afixo
8-15% Fetish Army Damage (Witch Doctor Only)	938178004	normal	Afixo
8-15% Firebats Damage (Witch Doctor Only)	2511627016	normal	Afixo
8-15% Firebomb Damage (Witch Doctor Only)	2527959838	normal	Afixo
8-15% Fist of the Heavens Damage (Crusader Only)	3139635133	normal	Afixo
8-15% Fists of Thunder Damage (Monk Only)	913135643	normal	Afixo
8-15% Frenzy Damage (Barbarian Only)	680944750	normal	Afixo
8-15% Gargantuan Damage (Witch Doctor Only)	3223058624	normal	Afixo
8-15% Grasp of the Dead Damage (Witch Doctor Only)	2783666393	normal	Afixo
8-15% Grenade Damage (Demon Hunter Only)	1730136704	normal	Afixo
8-15% Hammer of the Ancients Damage (Barbarian Only)	3234968348	normal	Afixo
8-15% Haunt Damage (Witch Doctor Only)	3984422232	normal	Afixo
8-15% Heaven's Fury Damage (Crusader Only)	7247882	normal	Afixo
8-15% Hungering Arrow Damage (Demon Hunter Only)	3005520041	normal	Afixo
8-15% Hydra Damage (Wizard Only)	2552232023	normal	Afixo
8-15% Impale Damage (Demon Hunter Only)	4214123535	normal	Afixo
8-15% Justice Damage (Crusader Only)	2681231358	normal	Afixo
8-15% Lashing Tail Kick Damage (Monk Only)	3143545973	normal	Afixo
8-15% Locust Swarm Damage (Witch Doctor Only)	3622381436	normal	Afixo
8-15% Magic Missile Damage (Wizard Only)	1912961270	normal	Afixo
8-15% Meteor Damage (Wizard Only)	1514913835	normal	Afixo
8-15% Multishot Critical Hit Chance (Demon Hunter Only)	3143361664	normal	Afixo
8-15% Mystic Ally Damage (Monk Only)	3152288782	normal	Afixo
8-15% Overpower Damage (Barbarian Only)	4270258169	normal	Afixo
8-15% Phalanx Damage (Crusader Only)	3734452467	normal	Afixo
8-15% Piranhas Damage (Witch Doctor Only)	2795979566	normal	Afixo
8-15% Plague of Toads Damage (Witch Doctor Only)	13311526	normal	Afixo
8-15% Poison Dart Damage (Witch Doctor Only)	3659069627	normal	Afixo
8-15% Punish Damage (Crusader Only)	1529724670	normal	Afixo
8-15% Rain of Vengeance Damage (Demon Hunter Only)	1720545986	normal	Afixo
8-15% Rapid Fire Damage (Demon Hunter Only)	290649197	normal	Afixo
8-15% Ray of Frost Damage (Wizard Only)	2004073070	normal	Afixo
8-15% Rend Damage (Barbarian Only)	3614250713	normal	Afixo
8-15% Revenge Critical Hit Chance (Barbarian Only)	3097372828	normal	Afixo
8-15% Sacrifice Damage (Witch Doctor Only)	1130456065	normal	Afixo
8-15% Seismic Slam Damage (Barbarian Only)	147353994	normal	Afixo
8-15% Sentry Damage (Demon Hunter Only)	3399480956	normal	Afixo
8-15% Seven Sided Strike Damage (Monk Only)	4210671967	normal	Afixo
8-15% Shield Bash Damage (Crusader Only)	2226352894	normal	Afixo
8-15% Shock Pulse Damage (Wizard Only)	1435078080	normal	Afixo
8-15% Slash Damage (Crusader Only)	820307714	normal	Afixo
8-15% Smite Damage (Crusader Only)	868963145	normal	Afixo
8-15% Spectral Blade Damage (Wizard Only)	4193896149	normal	Afixo
8-15% Spike Trap Damage (Demon Hunter Only)	3936807882	normal	Afixo
8-15% Spirit Barrage Damage (Witch Doctor Only)	1321673607	normal	Afixo
8-15% Strafe Damage (Demon Hunter Only)	1430220060	normal	Afixo
8-15% Summon Zombie Dogs Damage (Witch Doctor Only)	3659631755	normal	Afixo
8-15% Sweep Attack Damage (Crusader Only)	2244004707	normal	Afixo
8-15% Sweeping Wind Damage (Monk Only)	4206689143	normal	Afixo
8-15% Tempest Rush Damage (Monk Only)	402969447	normal	Afixo
8-15% Wall of Zombies Damage (Witch Doctor Only)	1153507190	normal	Afixo
8-15% Wave of Force Damage (Wizard Only)	3067168054	normal	Afixo
8-15% Wave of Light Damage (Monk Only)	3587422211	normal	Afixo
8-15% Way of the Hundred Fists Damage (Monk Only)	3094559203	normal	Afixo
8-15% Weapon Throw Damage (Barbarian Only)	2565536078	normal	Afixo
8-15% Whirlwind Damage (Barbarian Only)	2693932296	normal	Afixo
8-15% Zombie Charger Damage (Witch Doctor Only)	1245291802	normal	Afixo
82-90% Critical Hit Damage	1996826096	normal	Afixo
853-1,296 Arcane Damage	4076253588	normal	Afixo
853-1,296 Cold Damage	3260519020	normal	Afixo
853-1,296 Damage	2227990498	normal	Afixo
853-1,296 Fire Damage	3343954128	normal	Afixo
853-1,296 Holy Damage	1629273446	normal	Afixo
853-1,296 Lightning Damage	517363854	normal	Afixo
853-1,296 Poison Damage	3359319938	normal	Afixo
858-1,304 Arcane Damage	2077925731	normal	Afixo
858-1,304 Cold Damage	1654769979	normal	Afixo
858-1,304 Damage	1693024369	normal	Afixo
858-1,304 Fire Damage	2135999727	normal	Afixo
858-1,304 Fire Damage	1329694239	normal	Afixo
858-1,304 Holy Damage	1146806389	normal	Afixo
858-1,304 Lightning Damage	1788589213	normal	Afixo
858-1,304 Poison Damage	1381760017	normal	Afixo
86-90 Resist All Elements	148673682	normal	Afixo
868-1,185 Life per Second	2363127096	normal	Afixo
868-1,420 Life After Each Kill	935149400	normal	Afixo
875-1,330 Arcane Damage	872682269	normal	Afixo
875-1,330 Cold Damage	3866082549	normal	Afixo
875-1,330 Damage	1613595819	normal	Afixo
875-1,330 Fire Damage	3788149977	normal	Afixo
875-1,330 Holy Damage	1527764911	normal	Afixo
875-1,330 Lightning Damage	1924737495	normal	Afixo
875-1,330 Poison Damage	1924544587	normal	Afixo
9% Chance to Block	775867300	normal	Afixo
9,142-13,371 Life After Each Kill	4220171484	normal	Afixo
9-10% Damage to Elite Enemies	3668840848	normal	Afixo
9-10% Gold from Monsters	1811567264	normal	Afixo
9-10% Magic Item Find	1180325114	normal	Afixo
9-15% Damage to Beasts	4233161079	normal	Afixo
9-15% Damage to Demons	2535210491	normal	Afixo
9-15% Damage to Humans	4031778241	normal	Afixo
9-15% Damage to Undead	3390430745	normal	Afixo
9-16% Life	677558303	normal	Afixo
92-100% Critical Hit Damage	1562580825	normal	Afixo
946-1,125 Dexterity	3824405492	normal	Afixo
946-1,125 Intelligence	2734019550	normal	Afixo
946-1,125 Strength	1646833580	normal	Afixo
946-1,125 Vitality	3673985158	normal	Afixo
947-1,380 Life After Each Kill	300606638	normal	Afixo
947-1,438 Arcane Damage	1693937790	normal	Afixo
947-1,438 Cold Damage	392370774	normal	Afixo
947-1,438 Damage	2434851340	normal	Afixo
947-1,438 Fire Damage	314438202	normal	Afixo
947-1,438 Holy Damage	2349020432	normal	Afixo
947-1,438 Lightning Damage	2745993016	normal	Afixo
947-1,438 Poison Damage	2745800108	normal	Afixo
95-130% Critical Hit Damage	448428615	normal	Afixo
98-120 Life per Second	3141879133	normal	Afixo
98-162 Life After Each Kill	173841164	normal	Afixo
981-1,490 Arcane Damage	4076253589	normal	Afixo
981-1,490 Cold Damage	3260519021	normal	Afixo
981-1,490 Damage	2227990499	normal	Afixo
981-1,490 Fire Damage	3343954129	normal	Afixo
981-1,490 Holy Damage	1629273447	normal	Afixo
981-1,490 Lightning Damage	517363855	normal	Afixo
981-1,490 Poison Damage	3359319939	normal	Afixo
Adds a 10% Chance to Resist Freezes	302594348	normal	Afixo
Adds a 10% Chance to Resist Stuns	863003605	normal	Afixo
Adds a 10% Chance to Resist Stuns, Roots, and Freezes	4021685466	normal	Afixo
Blood Oozes from You	4271240395	normal	Afixo
Chance on Hit to Engulf the Ground In Lava, Dealing 200% Weapon Damage per Second for 6 Seconds	533132933	normal	Afixo
Chance to Deal 10-12% Area Damage on Hit	3879146275	normal	Afixo
Chance to Deal 10-14% Area Damage on Hit	3879146276	normal	Afixo
Chance to Deal 10-16 Area Damage on Hit	3879146277	normal	Afixo
Chance to Deal 10-16% Area Damage on Hit	2775415247	normal	Afixo
Chance to Deal 10-20% Area Damage on Hit	717893392	normal	Afixo
Chance to Deal 12-18% Area Damage on Hit	3879146278	normal	Afixo
Chance to Deal 14-20% Area Damage on Hit	3879146279	normal	Afixo
Chance to Deal 16-24% Area Damage on Hit	3879146280	normal	Afixo
Chance to Deal 6-10% Area Damage on Hit	358046220	normal	Afixo
Chance to Deal 6-8% Area Damage on Hit	2415568075	normal	Afixo
Chance to Deal 8-12% Area Damage on Hit	2595491661	normal	Afixo
Chance to Deal 8-14% Area Damage on Hit	537969806	normal	Afixo
Chance to Launch An Explosive Ball of Hellfire When You Attack	3211088957	normal	Afixo
Convert 5-5.4% Damage Dealt to Life	2936826036	normal	Afixo
Convert 5.5-6% Damage Dealt to Life	3758081557	normal	Afixo
Convert 6-6.2% Damage Dealt to Life	284369782	normal	Afixo
Convert 6-7% Damage Dealt to Life	1105625303	normal	Afixo
Convert 6.9-7% Damage Dealt to Life	587708543	normal	Afixo
Convert 7-8% Damage Dealt to Life	1408964064	normal	Afixo
Critical Hits Grant 11-12 Arcane Power (Wizard Only)	2881593661	normal	Afixo
Crushing Blow Chance Increased by 3-4%	2187610392	normal	Afixo
Crushing Blow Chance Increased by 3-5%	130088537	normal	Afixo
Crushing Blow Chance Increased by 4-6%	2367533978	normal	Afixo
Crushing Blow Chance Increased by 4-7%	310012123	normal	Afixo
Crushing Blow Chance Increased by 5-10%	489935709	normal	Afixo
Crushing Blow Chance Increased by 5-6%	580879152	normal	Afixo
Crushing Blow Chance Increased by 5-7%	580879153	normal	Afixo
Crushing Blow Chance Increased by 5-8%	580879154	normal	Afixo
Crushing Blow Chance Increased by 5-8%	2547457564	normal	Afixo
Crushing Blow Chance Increased by 6-9%	580879155	normal	Afixo
Crushing Blow Chance Increased by 7-10%	580879156	normal	Afixo
Crushing Blow Chance Increased by 8-12%	580879157	normal	Afixo
Gain 111-250 Life per Spirit Spent (Monk Only)	3788096948	normal	Afixo
Gain 117-196 Life per Fury Spent (Barbarian Only)	2910986135	normal	Afixo
Gain 122-275 Life per Wrath Spent (Crusader Only)	4287823668	normal	Afixo
Gain 126-148 Life per Spirit Spent (Monk Only)	1000967306	normal	Afixo
Gain 174-233 Life per Fury Spent (Barbarian Only)	3080468129	normal	Afixo
Gain 197-234 Life per Fury Spent (Barbarian Only)	2910986136	normal	Afixo
Gain 234-392 Life per Fury Spent (Barbarian Only)	3901723650	normal	Afixo
Gain 243-550 Life per Wrath Spent (Crusader Only)	3560396671	normal	Afixo
Gain 251-297 Life per Spirit Spent (Monk Only)	314385173	normal	Afixo
Gain 276-327 Life per Wrath Spent (Crusader Only)	4287823669	normal	Afixo
Gain 393-468 Life per Fury Spent (Barbarian Only)	428011875	normal	Afixo
Gain 551-655 Life per Wrath Spent (Crusader Only)	86684896	normal	Afixo
Gold/Health Pickup Increased by 9-10 Yards	4034366323	normal	Afixo
Grants 1 Mana per Hit (Witch Doctor Only)	1190310163	normal	Afixo
Grants 1-3 Mana per Kill (Witch Doctor Only)	2642050938	normal	Afixo
Grants 10 Mana per Hit (Witch Doctor Only)	625529763	normal	Afixo
Grants 10-12 Mana per Kill (Witch Doctor Only)	2642050941	normal	Afixo
Grants 11 Mana per Hit (Witch Doctor Only)	625529764	normal	Afixo
Grants 12 Mana per Hit (Witch Doctor Only)	625529765	normal	Afixo
Grants 13-15 Mana per Kill (Witch Doctor Only)	2642050942	normal	Afixo
Grants 16-18 Mana per Kill (Witch Doctor Only)	2642050943	normal	Afixo
Grants 19-21 Mana per Kill (Witch Doctor Only)	2642050944	normal	Afixo
Grants 2 Mana per Hit (Witch Doctor Only)	1190310164	normal	Afixo
Grants 22-24 Mana per Kill (Witch Doctor Only)	2642050945	normal	Afixo
Grants 25-27 Mana per Kill (Witch Doctor Only)	2642050946	normal	Afixo
Grants 28-30 Mana per Kill (Witch Doctor Only)	1288335082	normal	Afixo
Grants 3 Mana per Hit (Witch Doctor Only)	1190310165	normal	Afixo
Grants 31-33 Mana per Kill (Witch Doctor Only)	1288335083	normal	Afixo
Grants 34-36 Mana per Kill (Witch Doctor Only)	1288335084	normal	Afixo
Grants 4 Mana per Hit (Witch Doctor Only)	1190310166	normal	Afixo
Grants 4-6 Mana per Kill (Witch Doctor Only)	2642050939	normal	Afixo
Grants 5 Mana per Hit (Witch Doctor Only)	1190310167	normal	Afixo
Grants 6 Mana per Hit (Witch Doctor Only)	1190310168	normal	Afixo
Grants 7 Mana per Hit (Witch Doctor Only)	1190310169	normal	Afixo
Grants 7-9 Mana per Kill (Witch Doctor Only)	2642050940	normal	Afixo
Grants 8 Mana per Hit (Witch Doctor Only)	1190310170	normal	Afixo
Grants 9 Mana per Hit (Witch Doctor Only)	1190310171	normal	Afixo
Health Globes Restore 20-30% of Your Primary Resource	4265138151	normal	Afixo
Ignores Durability Loss	1661455578	normal	Afixo
Increases Fury Set Point by 10 (Barbarian Only)	4223615973	normal	Afixo
Increases Wrath Regeneration by 3-4 per Second (Crusader Only)	1498634735	normal	Afixo
Thorns 1,161-1,635 Damage per Hit	1226461738	normal	Afixo
Thorns 1,343-1,817 Damage per Hit	3463907179	normal	Afixo
Thorns 1,525-2,000 Damage per Hit	1406385324	normal	Afixo
Thorns 122-229 Damage per Hit	1608693687	normal	Afixo
Thorns 13-21 Damage per Hit	1608693683	normal	Afixo
Thorns 13-22 Damage per Hit	134607516	normal	Afixo
Thorns 132-208 Damage per Hit	3104060007	normal	Afixo
Thorns 2,031-2,862 Damage per Hit	1547283906	normal	Afixo
Thorns 2,349-3,180 Damage per Hit	1547283907	normal	Afixo
Thorns 2,667-3,498 Damage per Hit	1547283908	normal	Afixo
Thorns 2,985-3,816 Damage per Hit	1547283909	normal	Afixo
Thorns 209-315 Damage per Hit	1046538152	normal	Afixo
Thorns 22-39 Damage per Hit	1608693684	normal	Afixo
Thorns 23-40 Damage per Hit	2372052957	normal	Afixo
Thorns 230-364 Damage per Hit	1547283903	normal	Afixo
Thorns 316-1,160 Damage per Hit	3283983593	normal	Afixo
Thorns 365-551 Damage per Hit	1547283904	normal	Afixo
Thorns 40-70 Damage per Hit	1608693685	normal	Afixo
Thorns 41-69 Damage per Hit	314531102	normal	Afixo
Thorns 5-7 Damage per Hit	4249651226	normal	Afixo
Thorns 552-2,030 Damage per Hit	1547283905	normal	Afixo
Thorns 7-12 Damage per Hit	1608693682	normal	Afixo
Thorns 70-131 Damage per Hit	2551976543	normal	Afixo
Thorns 71-121 Damage per Hit	1608693686	normal	Afixo
Thorns 8-12 Damage per Hit	2192129371	normal	Afixo
Reduces All Resource Costs by 3-5%	1949593712	normal	Afixo
Reduces All Resource Costs by 4-6%	2129517298	normal	Afixo
Reduces All Resource Costs by 5-6%	2529041543	normal	Afixo
Reduces All Resource Costs by 5-7%	71995443	normal	Afixo
Reduces All Resource Costs by 5-7%	2529041544	normal	Afixo
Reduces All Resource Costs by 5-8%	2309440884	normal	Afixo
Reduces All Resource Costs by 5-8%	2529041545	normal	Afixo
Reduces All Resource Costs by 6-8%	2529041546	normal	Afixo
Reduces All Resource Costs by 7-9%	2529041547	normal	Afixo
Reduces All Resource Costs by 8-10%	2529041548	normal	Afixo
Reduces Cooldown of All Skills by 3-4%	3746640499	normal	Afixo
Reduces Cooldown of All Skills by 3-5%	1689118644	normal	Afixo
Reduces Cooldown of All Skills by 4-5%	3926564085	normal	Afixo
Reduces Cooldown of All Skills by 4-5%	828960459	normal	Afixo
Reduces Cooldown of All Skills by 4-6%	1869042230	normal	Afixo
Reduces Cooldown of All Skills by 4-7%	4106487671	normal	Afixo
Reduces Cooldown of All Skills by 5-6%	828960460	normal	Afixo
Reduces Cooldown of All Skills by 5-7%	828960461	normal	Afixo
Reduces Cooldown of All Skills by 5-8%	2048965816	normal	Afixo
Reduces Cooldown of All Skills by 5-9%	828960463	normal	Afixo
Reduces Cooldown of All Skills by 6-10%	828960464	normal	Afixo
Reduces Cooldown of Summon Zombie Dogs by 1-3 Seconds (Witch Doctor Only)	3659631756	normal	Afixo
Reduces Cooldown of Summon Zombie Dogs by 1-4 Seconds (Witch Doctor Only)	3659631757	normal	Afixo
Reduces Cooldown of Summon Zombie Dogs by 1-5 Seconds (Witch Doctor Only)	3659631758	normal	Afixo
Reduces Cooldown of Summon Zombie Dogs by 1-6 Seconds (Witch Doctor Only)	3659631759	normal	Afixo
Reduces Cooldown of Summon Zombie Dogs by 1-7 Seconds (Witch Doctor Only)	3659631760	normal	Afixo
Reduces Cooldown of Summon Zombie Dogs by 1-8 Seconds (Witch Doctor Only)	3659631761	normal	Afixo
Reduces Cooldown of Summon Zombie Dogs by 1-9 Seconds (Witch Doctor Only)	3659631762	normal	Afixo
Reduces Cooldown of Summon Zombie Dogs by 3-10 Seconds (Witch Doctor Only)	3659631763	normal	Afixo
Reduces Cooldown of Wall of Zombies by 1-3 Seconds (Witch Doctor Only)	1153507197	normal	Afixo
Reduces Cooldown of Wall of Zombies by 2-4 Seconds (Witch Doctor Only)	1153507198	normal	Afixo
Reduces Duration of Control Effects by 10-20%	1274656072	normal	Afixo
Reduces Duration of Control Effects by 10-25%	1274656073	normal	Afixo
Reduces Duration of Control Effects by 10-30%	1274656074	normal	Afixo
Reduces Duration of Control Effects by 20-40%	1274656075	normal	Afixo
Reduces Duration of Control Effects by 8-14%	1274656070	normal	Afixo
Reduces Duration of Control Effects by 9-20%	1274656071	normal	Afixo
Reduces Resource Cost of Arcane Torrent by 1-5 Arcane Power (Wizard Only)	3893155262	normal	Afixo
Reduces Resource Cost of Arcane Torrent by 2-6 Arcane Power (Wizard Only)	3893155263	normal	Afixo
Reduces Resource Cost of Chakram by 1-5 Hatred (Demon Hunter Only)	2648558997	normal	Afixo
Reduces Resource Cost of Chakram by 2-6 Hatred (Demon Hunter Only)	2648558998	normal	Afixo
Reduces Resource Cost of Cluster Arrow by 1-5 Hatred (Demon Hunter Only)	720249995	normal	Afixo
Reduces Resource Cost of Cluster Arrow by 2-6 Hatred (Demon Hunter Only)	720249996	normal	Afixo
Reduces Resource Cost of Cyclone Strike by 1-5 Spirit (Monk Only)	60282153	normal	Afixo
Reduces Resource Cost of Cyclone Strike by 2-6 Spirit (Monk Only)	60282154	normal	Afixo
Reduces Resource Cost of Disintegrate by 1-5 Arcane Power (Wizard Only)	794541097	normal	Afixo
Reduces Resource Cost of Disintegrate by 2-6 Arcane Power (Wizard Only)	794541098	normal	Afixo
Reduces Resource Cost of Firebats by 2-5 Mana (Witch Doctor Only)	2511627017	normal	Afixo
Reduces Resource Cost of Firebats by 2-6 Mana (Witch Doctor Only)	2511627018	normal	Afixo
Reduces Resource Cost of Firebats by 3-7 Mana (Witch Doctor Only)	2511627019	normal	Afixo
Reduces Resource Cost of Firebats by 3-8 Mana (Witch Doctor Only)	2511627020	normal	Afixo
Reduces Resource Cost of Firebats by 4-10 Mana (Witch Doctor Only)	2511627022	normal	Afixo
Reduces Resource Cost of Firebats by 4-12 Mana (Witch Doctor Only)	2511627023	normal	Afixo
Reduces Resource Cost of Firebats by 4-9 Mana (Witch Doctor Only)	2511627021	normal	Afixo
Reduces Resource Cost of Firebats by 6-13 Mana (Witch Doctor Only)	2511627024	normal	Afixo
Reduces Resource Cost of Firebomb by 1-9 Mana (Witch Doctor Only)	2527959845	normal	Afixo
Reduces Resource Cost of Firebomb by 3-10 Mana (Witch Doctor Only)	2527959846	normal	Afixo
Reduces Resource Cost of Hammer of the Ancients by 1-5 Fury (Barbarian Only)	3234968355	normal	Afixo
Reduces Resource Cost of Hammer of the Ancients by 2-6 Fury (Barbarian Only)	3234968356	normal	Afixo
Reduces Resource Cost of Hydra by 1-10 Arcane Power (Wizard Only)	2552232030	normal	Afixo
Reduces Resource Cost of Hydra by 1-9 Arcane Power (Wizard Only)	2552232029	normal	Afixo
Reduces Resource Cost of Hydra by 4-11 Arcane Power (Wizard Only)	2552232031	normal	Afixo
Reduces Resource Cost of Impale by 1-5 Hatred (Demon Hunter Only)	4214123542	normal	Afixo
Reduces Resource Cost of Impale by 2-6 Hatred (Demon Hunter Only)	4214123543	normal	Afixo
Reduces Resource Cost of Lashing Tail Kick by 1-5 Spirit (Monk Only)	3143545980	normal	Afixo
Reduces Resource Cost of Lashing Tail Kick by 2-6 Spirit (Monk Only)	3143545981	normal	Afixo
Reduces Resource Cost of Meteor by 1-5 Arcane Power (Wizard Only)	1514913842	normal	Afixo
Reduces Resource Cost of Meteor by 2-6 Arcane Power (Wizard Only)	1514913843	normal	Afixo
Reduces Resource Cost of Rend by 1-5 Fury (Barbarian Only)	3614250720	normal	Afixo
Reduces Resource Cost of Rend by 2-6 Fury (Barbarian Only)	3614250721	normal	Afixo
Reduces Resource Cost of Weapon Throw by 1-5 Fury (Barbarian Only)	2565536085	normal	Afixo
Reduces Resource Cost of Weapon Throw by 2-6 Fury (Barbarian Only)	2565536086	normal	Afixo
Reduces Resource Cost of Zombie Charger by 2-5 Mana (Witch Doctor Only)	1245291803	normal	Afixo
Reduces Resource Cost of Zombie Charger by 2-6 Mana (Witch Doctor Only)	1245291804	normal	Afixo
Reduces Resource Cost of Zombie Charger by 3-7 Mana (Witch Doctor Only)	1245291805	normal	Afixo
Reduces Resource Cost of Zombie Charger by 3-8 Mana (Witch Doctor Only)	1245291806	normal	Afixo
Reduces Resource Cost of Zombie Charger by 4-10 Mana (Witch Doctor Only)	1245291808	normal	Afixo
Reduces Resource Cost of Zombie Charger by 4-12 Mana (Witch Doctor Only)	1245291809	normal	Afixo
Reduces Resource Cost of Zombie Charger by 4-9 Mana (Witch Doctor Only)	1245291807	normal	Afixo
Reduces Resource Cost of Zombie Charger by 6-13 Mana (Witch Doctor Only)	1245291810	normal	Afixo
Reduces the Wrath Cost of Shield Bash by 42-44% (Crusader Only)	1401053952	normal	Afixo
Smite Now Jumps to 3 Additional Enemies (Crusader Only)	4033037209	normal	Afixo
Sockets (1) 0.1 Legendary	1614189222	normal	Afixo
Sockets (1) I	2967087205	normal	Afixo
Sockets (1) II	3424597358	normal	Afixo
Sockets (2!) III	1342563223	normal	Afixo
Sockets (1) IV	3424597371	normal	Afixo
Sockets (2!) V	2967087218	normal	Afixo
Sockets (1) VI	3424597787	normal	Afixo
Sockets (2!) VII	1342577380	normal	Afixo
Sockets (1) VIII	1355380685	normal	Afixo
Sockets (2!) IX	3424597373	normal	Afixo
Sockets (1) X	2967087220	normal	Afixo
Sockets (2!) XI	3424597853	normal	Afixo
Sockets (1) XII	1342579558	normal	Afixo
Sockets (2!) XIII	1355452559	normal	Afixo
Sockets (3*) XIV	1342579571	normal	Afixo
Sockets (3*) XV	3424597866	normal	Afixo
Sockets (3*) XVI	1342579987	normal	Afixo
Sockets (3*) XVII	1355466716	normal	Afixo
Sockets (1) Helm I	2283257579	normal	Afixo
Sockets (1) Helm II	2333056180	normal	Afixo
Sockets (1) Helm III	3976410013	normal	Afixo
Sockets (1) Helm IV	2333056193	normal	Afixo
Sockets (1) Helm V	2283257592	normal	Afixo
Sockets (1) Amulet I	4095383597	normal	Afixo
Sockets (1) Amulet II	2003672630	normal	Afixo
Sockets (1) Amulet III	1696687455	normal	Afixo
Sockets (1) Amulet IV	2003672643	normal	Afixo
Sockets (1) Amulet V	4095383610	normal	Afixo
Sockets (1) Chest I	280093052	normal	Afixo
Sockets (1) Chest II	653136229	normal	Afixo
Sockets (1) Chest III	78659182	normal	Afixo
Sockets (1) Chest IV	653136242	normal	Afixo
Sockets (1) Chest V	280093065	normal	Afixo
Sockets (1) Shield I	4083113918	normal	Afixo
Sockets (1) Shield II	1598773223	normal	Afixo
Sockets (1) Shield III	1219908912	normal	Afixo
Sockets (1) Shield IV	1598773236	normal	Afixo
Sockets (1) Shield V	4083113931	normal	Afixo
Sockets (1) Belt I	2048452844	normal	Afixo
Sockets (1) Belt II	3174434517	normal	Afixo
Sockets (1) Belt III	1677124062	normal	Afixo
Sockets (1) Belt IV	3174434530	normal	Afixo
Sockets (1) Belt V	2048452857	normal	Afixo
Sockets (1) Bracer I	838175540	normal	Afixo
Sockets (1) Bracer II	1889989149	normal	Afixo
Sockets (1) Bracer III	2240099878	normal	Afixo
Sockets (1) Bracer IV	1889989162	normal	Afixo
Sockets (1) Bracer V	838175553	normal	Afixo
Teleport Gains the Effect of the Wormhole Rune (Wizard Only)	1862651762	normal	Afixo
When You Use Akarat's Champion, You Mesmerize Nearby Enemies With Your Skill, Causing Them to Jump Uncontrollably for 7-8 Seconds (Crusader Only)	2847293822	normal	Afixo
When You Use Akarat's Champion, You Mesmerize Nearby Enemies With Your Skill, Causing Them to Jump Uncontrollably for 8 Seconds (Crusader Only)	3136161433	normal	Afixo
When You Use Archon, You Mesmerize Nearby Enemies With Your Skill, Causing Them to Jump Uncontrollably for 6-8 Seconds (Wizard Only)	4224437041	normal	Afixo
When You Use Archon, You Mesmerize Nearby Enemies With Your Skill, Causing Them to Jump Uncontrollably for 7-8 Seconds (Wizard Only)	3649103894	normal	Afixo
When You Use Big Bad Voodoo, You Mesmerize Nearby Enemies With Your Skill, Causing Them to Jump Uncontrollably for 6 Seconds (Witch Doctor Only)	3271323471	normal	Afixo
When You Use Big Bad Voodoo, You Mesmerize Nearby Enemies With Your Skill, Causing Them to Jump Uncontrollably for 7-8 Seconds (Witch Doctor Only)	3493883306	normal	Afixo
When You Use Epiphany, You Mesmerize Nearby Enemies With Your Skill, Causing Them to Jump Uncontrollably for 6-8 Seconds (Monk Only)	2322130581	normal	Afixo
When You Use Epiphany, You Mesmerize Nearby Enemies With Your Skill, Causing Them to Jump Uncontrollably for 7-8 Seconds (Monk Only)	1460516474	normal	Afixo
When You Use Vengeance, You Mesmerize Nearby Enemies With Your Skill, Causing Them to Jump Uncontrollably for 7 Seconds (Demon Hunter Only)	4186556206	normal	Afixo
When You Use Vengeance, You Mesmerize Nearby Enemies With Your Skill, Causing Them to Jump Uncontrollably for 7-8 Seconds (Demon Hunter Only)	141060169	normal	Afixo
When You Use Wrath of the Berserker, You Mesmerize Nearby Enemies With Your Skill, Causing Them to Jump Uncontrollably for 6 Seconds (Barbarian Only)	696399111	normal	Afixo
When You Use Wrath of the Berserker, You Mesmerize Nearby Enemies With Your Skill, Causing Them to Jump Uncontrollably for 8 Seconds (Barbarian Only)	321042786	normal	Afixo
-10-11% Damage from Elite Monster Attacks	3120760880	normal	Afixo
-10-12% Damage from Lightning Attacks	1993171	normal	Afixo
-12-13% Damage from Elite Monster Attacks	3120760881	normal	Afixo
-12-13% Damage from Lightning Attacks	1993172	normal	Afixo
-14-15% Damage from Elite Monster Attacks	3120760882	normal	Afixo
-15-20% Damage from Melee Attacks	471311383	normal	Afixo
-25-30% Damage from Melee Attacks	1856384379	normal	Afixo
-3-4% Damage from Melee Attacks	1297374132	normal	Afixo
-3-5% Damage from Arcane Attacks	275966089	normal	Afixo
-3-5% Damage from Cold Attacks	3680065633	normal	Afixo
-3-5% Damage from Fire Attacks	3790572997	normal	Afixo
-3-5% Damage from Holy Attacks	3875765467	normal	Afixo
-3-5% Damage from Lightning Attacks	3644275075	normal	Afixo
-3-5% Damage from Poison Attacks	279251703	normal	Afixo
-3-6% Damage from Arcane Attacks	275966090	normal	Afixo
-3-6% Damage from Cold Attacks	3680065634	normal	Afixo
-3-6% Damage from Fire Attacks	3790572998	normal	Afixo
-3-6% Damage from Holy Attacks	3875765468	normal	Afixo
-3-6% Damage from Lightning Attacks	3644275076	normal	Afixo
-3-6% Damage from Poison Attacks	279251704	normal	Afixo
-4% Damage from Melee Attacks	1297374133	normal	Afixo
-4% Damage from Ranged Attacks	3772004963	normal	Afixo
-4-5% Damage from Elite Monster Attacks	3120760877	normal	Afixo
-4-6% Damage from Arcane Attacks	275966091	normal	Afixo
-4-6% Damage from Cold Attacks	3680065635	normal	Afixo
-4-6% Damage from Fire Attacks	3790572999	normal	Afixo
-4-6% Damage from Holy Attacks	3875765469	normal	Afixo
-4-6% Damage from Lightning Attacks	3644275077	normal	Afixo
-4-6% Damage from Poison Attacks	279251705	normal	Afixo
-4-7% Damage from Arcane Attacks	275966092	normal	Afixo
-4-7% Damage from Cold Attacks	3680065636	normal	Afixo
-4-7% Damage from Fire Attacks	3790573000	normal	Afixo
-4-7% Damage from Holy Attacks	3875765470	normal	Afixo
-4-7% Damage from Lightning Attacks	3644275078	normal	Afixo
-4-7% Damage from Poison Attacks	279251706	normal	Afixo
-5-10% Damage from Arcane Attacks	275966095	normal	Afixo
-5-10% Damage from Cold Attacks	3680065639	normal	Afixo
-5-10% Damage from Fire Attacks	3790573003	normal	Afixo
-5-10% Damage from Holy Attacks	3875765473	normal	Afixo
-5-10% Damage from Lightning Attacks	3644275081	normal	Afixo
-5-10% Damage from Poison Attacks	279251709	normal	Afixo
-5-6% Damage from Melee Attacks	1297374134	normal	Afixo
-5-6% Damage from Ranged Attacks	3772004964	normal	Afixo
-5-7% Damage from Arcane Attacks	275966093	normal	Afixo
-5-7% Damage from Cold Attacks	3680065637	normal	Afixo
-5-7% Damage from Fire Attacks	3790573001	normal	Afixo
-5-7% Damage from Holy Attacks	3875765471	normal	Afixo
-5-7% Damage from Lightning Attacks	3644275079	normal	Afixo
-5-7% Damage from Poison Attacks	279251707	normal	Afixo
-5-8% Damage from Arcane Attacks	275966094	normal	Afixo
-5-8% Damage from Cold Attacks	3680065638	normal	Afixo
-5-8% Damage from Fire Attacks	3790573002	normal	Afixo
-5-8% Damage from Holy Attacks	3875765472	normal	Afixo
-5-8% Damage from Lightning Attacks	3644275080	normal	Afixo
-5-8% Damage from Poison Attacks	279251708	normal	Afixo
-6-7% Damage from Elite Monster Attacks	3120760878	normal	Afixo
-6-7% Damage from Melee Attacks	1297374135	normal	Afixo
-6-7% Damage from Ranged Attacks	3772004965	normal	Afixo
-7-8% Damage from Melee Attacks	1297374136	normal	Afixo
-7-8% Damage from Ranged Attacks	3772004966	normal	Afixo
-8-11% Damage from Lightning Attacks	1993169	normal	Afixo
-8-9% Damage from Elite Monster Attacks	3120760879	normal	Afixo
-8-9% Damage from Melee Attacks	1297374137	normal	Afixo
-8-9% Damage from Ranged Attacks	3772004967	normal	Afixo
-9-10% Damage from Melee Attacks	1297374138	normal	Afixo
-9-10% Damage from Ranged Attacks	3772004968	normal	Afixo
-9-11% Damage from Lightning Attacks	1993170	normal	Afixo
1.00-1.05 Hatred per Second (Demon Hunter Only)	3654337122	normal	Afixo
10-12% Critical Hit Damage	541232354	normal	Afixo
10-12% Movement Speed	98886377	normal	Afixo
10-15% Acid Cloud Damage (Witch Doctor Only)	1182503708	normal	Afixo
10-15% Ancient Spear Damage (Barbarian Only)	1208209673	normal	Afixo
10-15% Arcane Orb Damage (Wizard Only)	1199337448	normal	Afixo
10-15% Arcane Skill Damage	691416707	normal	Afixo
10-15% Arcane Torrent Damage (Wizard Only)	747547475	normal	Afixo
10-15% Avalanche Damage (Barbarian Only)	1346185615	normal	Afixo
10-15% Bash Damage (Barbarian Only)	697397258	normal	Afixo
10-15% Black Hole Damage (Wizard Only)	1086544448	normal	Afixo
10-15% Blessed Hammer Damage (Crusader Only)	3884958783	normal	Afixo
10-15% Blessed Shield Damage (Crusader Only)	586642046	normal	Afixo
10-15% Blizzard Damage (Wizard Only)	196889725	normal	Afixo
10-15% Bolas Damage (Demon Hunter Only)	78590436	normal	Afixo
10-15% Bombardment Damage (Crusader Only)	798274734	normal	Afixo
10-15% Chakram Damage (Demon Hunter Only)	3659308010	normal	Afixo
10-15% Chance to Inflict Bleed for 3-7 Damage Over 5 Seconds	3699481006	normal	Afixo
10-15% Chance to Inflict Bleed for 311% Weapon Damage Over 5 Seconds	2098180326	normal	Afixo
10-15% Chance to Inflict Bleed for 353% Weapon Damage Over 5 Seconds	3344576894	normal	Afixo
10-15% Chance to Inflict Bleed for 4-6 Damage Over 5 Seconds	553054133	normal	Afixo
10-15% Chance to Inflict Bleed for 4-6 Damage Over 5 Seconds	764072333	normal	Afixo
10-15% Chance to Inflict Bleed for 4-7 Damage Over 5 Seconds	3855633414	normal	Afixo
10-15% Cleave Damage (Barbarian Only)	2277204220	normal	Afixo
10-15% Cluster Arrow Damage (Demon Hunter Only)	1193713248	normal	Afixo
10-15% Cold Skill Damage	79615963	normal	Afixo
10-15% Companion Damage (Demon Hunter Only)	1855647511	normal	Afixo
10-15% Condemn Damage (Crusader Only)	1182625927	normal	Afixo
10-15% Corpse Spiders Damage (Witch Doctor Only)	390095610	normal	Afixo
10-15% Crippling Wave Damage (Monk Only)	3048123066	normal	Afixo
10-15% Cyclone Strike Damage (Monk Only)	3538168958	normal	Afixo
10-15% Damage	2307686618	normal	Afixo
10-15% Dashing Strike Damage (Monk Only)	1294535023	normal	Afixo
10-15% Deadly Reach Damage (Monk Only)	2597742933	normal	Afixo
10-15% Disintegrate Damage (Wizard Only)	1978979198	normal	Afixo
10-15% Earthquake Damage (Barbarian Only)	2463451735	normal	Afixo
10-15% Electrocute Damage (Wizard Only)	2297541338	normal	Afixo
10-15% Elemental Arrow Damage (Demon Hunter Only)	1358977141	normal	Afixo
10-15% Energy Twister Damage (Wizard Only)	3142036887	normal	Afixo
10-15% Entangling Shot Damage (Demon Hunter Only)	1732139480	normal	Afixo
10-15% Evasive Fire Damage (Demon Hunter Only)	2237497740	normal	Afixo
10-15% Exploding Palm Damage (Monk Only)	3101285331	normal	Afixo
10-15% Explosive Blast Damage (Wizard Only)	3224296720	normal	Afixo
10-15% Falling Sword Damage (Crusader Only)	2994507599	normal	Afixo
10-15% Familiar Damage (Wizard Only)	1914254528	normal	Afixo
10-15% Fan of Knives Damage (Demon Hunter Only)	1926423629	normal	Afixo
10-15% Fetish Army Damage (Witch Doctor Only)	1991627696	normal	Afixo
10-15% Fire Skill Damage	190123327	normal	Afixo
10-15% Firebats Damage (Witch Doctor Only)	3172601476	normal	Afixo
10-15% Firebomb Damage (Witch Doctor Only)	2734071162	normal	Afixo
10-15% Fist of the Heavens Damage (Crusader Only)	2394397913	normal	Afixo
10-15% Fists of Thunder Damage (Monk Only)	523270839	normal	Afixo
10-15% Frenzy Damage (Barbarian Only)	774326986	normal	Afixo
10-15% Gargantuan Damage (Witch Doctor Only)	6811036	normal	Afixo
10-15% Grasp of the Dead Damage (Witch Doctor Only)	1688668405	normal	Afixo
10-15% Grenade Damage (Demon Hunter Only)	1017966428	normal	Afixo
10-15% Hammer of the Ancients Damage (Barbarian Only)	1885293304	normal	Afixo
10-15% Haunt Damage (Witch Doctor Only)	836765748	normal	Afixo
10-15% Heaven's Fury Damage (Crusader Only)	1889120614	normal	Afixo
10-15% Holy Skill Damage	275315797	normal	Afixo
10-15% Hungering Arrow Damage (Demon Hunter Only)	1399080133	normal	Afixo
10-15% Hydra Damage (Wizard Only)	4200961523	normal	Afixo
10-15% Impale Damage (Demon Hunter Only)	2265059243	normal	Afixo
10-15% Justice Damage (Crusader Only)	3302158938	normal	Afixo
10-15% Lashing Tail Kick Damage (Monk Only)	2031914897	normal	Afixo
10-19 Maximum Mana (Witch Doctor Only)	1597714964	normal	Afixo
10-20% Attack Speed	1162410725	normal	Afixo
10-20% Chance to Inflict Bleed for 4-10 Damage Over 5 Seconds	764072335	normal	Afixo
10-33% Chance to Inflict Bleed for 206-414 Damage Over 5 Seconds	764072340	normal	Afixo
10-35% Chance to Inflict Bleed for 11,184-12,182 Damage Over 5 Seconds	3739550561	normal	Afixo
10-35% Chance to Inflict Bleed for 16,184-16,862 Damage Over 5 Seconds	3739550562	normal	Afixo
10-35% Chance to Inflict Bleed for 7,456-8,454 Damage Over 5 Seconds	3839206789	normal	Afixo
102-200% Critical Hit Damage	117388770	normal	Afixo
11-12 Maximum Discipline (Demon Hunter Only)	1180460673	normal	Afixo
11-14 Life per Second	1859720750	normal	Afixo
11-15% Gold from Monsters	3052044984	normal	Afixo
11-15% Magic Item Find	3047062926	normal	Afixo
12-13 Maximum Discipline (Demon Hunter Only)	1180460674	normal	Afixo
12-14 Mana per Second (Witch Doctor Only)	3844506287	normal	Afixo
12-14 Maximum Wrath (Crusader Only)	3608011219	normal	Afixo
13-14 Maximum Arcane Power (Wizard Only)	3768588530	normal	Afixo
13-14 Maximum Discipline (Demon Hunter Only)	1180460675	normal	Afixo
13-14 Maximum Spirit (Monk Only)	3403609393	normal	Afixo
13-14% Critical Hit Chance	2792103109	normal	Afixo
13-14% Maximum Spirit (Monk Only)	481792534	normal	Afixo
13-14% Movement Speed	98886380	normal	Afixo
13-15 Maximum Spirit (Monk Only)	1346087538	normal	Afixo
15-16 Life per Second	4097166191	normal	Afixo
16-18 Mana per Second (Witch Doctor Only)	3844506289	normal	Afixo
17-19 Maximum Arcane Power (Wizard Only)	3768588532	normal	Afixo
17-19 Maximum Fury (Barbarian Only)	1347655523	normal	Afixo
17-19% Critical Hit Damage	3050650902	normal	Afixo
2.3-6.4% Chance to Blind on Hit	3954586579	normal	Afixo
2.3-6.4% Chance to Fear on Hit	4270286540	normal	Afixo
2.3-6.4% Chance to Immobilize on Hit	3199889435	normal	Afixo
2.3-6.4% Chance to Slow on Hit	2684294067	normal	Afixo
2.9-7.0% Chance to Blind on Hit	3954586580	normal	Afixo
2.9-7.0% Chance to Fear on Hit	4270286541	normal	Afixo
2.9-7.0% Chance to Immobilize on Hit	3199889436	normal	Afixo
2.9-7.0% Chance to Slow on Hit	2684294068	normal	Afixo
20-24 Maximum Fury (Barbarian Only)	1194350988	normal	Afixo
22-27% Chance to Inflict Bleed for 342% Weapon Damage Over 5 Seconds	3344576900	normal	Afixo
3.5-7.6% Chance to Blind on Hit	3954586581	normal	Afixo
3.5-7.6% Chance to Fear on Hit 2	4270286542	normal	Afixo
3.5-7.6% Chance to Immobilize on Hit	3199889437	normal	Afixo
3.5-7.6% Chance to Slow on Hit	2684294069	normal	Afixo
32-37 Life per Hit	2301972324	normal	Afixo
4% Chance to Block	775867295	normal	Afixo
4% Cold Skill Damage	3212525557	normal	Afixo
4% Critical Hit Damage	1815042113	normal	Afixo
4% Fire Skill Damage	3276702297	normal	Afixo
4% Life	1754300538	normal	Afixo
4% Lightning Skill Damage	1499168727	normal	Afixo
4% Poison Skill Damage	3540487307	normal	Afixo
4-9% Acid Cloud Critical Hit Chance (Witch Doctor Only)	4208639560	normal	Afixo
4-9% Arcane Orb Critical Hit Chance (Wizard Only)	3307138068	normal	Afixo
4-9% Energy Twister Critical Hit Chance (Wizard Only)	3271389955	normal	Afixo
4-9% Explosive Blast Critical Hit Chance (Wizard Only)	417810236	normal	Afixo
4-9% Multishot Critical Hit Chance (Demon Hunter Only)	3143361672	normal	Afixo
4-9% Overpower Critical Hit Chance (Barbarian Only)	4270258177	normal	Afixo
4-9% Rapid Fire Critical Hit Chance (Demon Hunter Only)	290649205	normal	Afixo
4-9% Ray of Frost Critical Hit Chance (Wizard Only)	2004073078	normal	Afixo
4-9% Revenge Critical Hit Chance (Barbarian Only)	3097372836	normal	Afixo
4-9% Seismic Slam Critical Hit Chance (Barbarian Only)	147354002	normal	Afixo
4-9% Strafe Critical Hit Chance (Demon Hunter Only)	1430220068	normal	Afixo
4-9% Tempest Rush Critical Hit Chance (Monk Only)	402969455	normal	Afixo
4-9% Wave of Light Critical Hit Chance (Monk Only)	3587422219	normal	Afixo
4-9% Whirlwind Critical Hit Chance (Barbarian Only)	2693932304	normal	Afixo
418-635 Arcane Damage	3525138523	normal	Afixo
418-635 Cold Damage	2223571507	normal	Afixo
418-635 Damage	4266052073	normal	Afixo
418-635 Fire Damage	2145638935	normal	Afixo
418-635 Holy Damage	4180221165	normal	Afixo
418-635 Lightning Damage	282226453	normal	Afixo
418-635 Poison Damage	282033545	normal	Afixo
51-134 Life from Health Potions/Globes	2371993754	normal	Afixo
51-60% Gold from Monsters	3052045413	normal	Afixo
515-867 Life After Each Kill	3458863248	normal	Afixo
559-595 Armor	82091320	normal	Afixo
7-14 Damage	4117539771	normal	Afixo
8-9% Damage to Elite Enemies	3668840847	normal	Afixo
8-9% Movement Speed	98886376	normal	Afixo
921-2,082 Life After Each Kill	2501563735	normal	Afixo
Adds a 10% Chance to Resist Roots	817729519	normal	Afixo
Convert 1-1.2% Damage Dealt to Life	677646212	normal	Afixo
Convert 1.3-1.5% Damage Dealt to Life	677646213	normal	Afixo
Convert 1.6-1.8% Damage Dealt to Life	677646214	normal	Afixo
Convert 1.9-2.1% Damage Dealt to Life	677646215	normal	Afixo
Convert 2-2.4% Damage Dealt to Life	3125515727	normal	Afixo
Convert 2.2-2.4% Damage Dealt to Life	677646216	normal	Afixo
Convert 2.5-2.7% Damage Dealt to Life	677646217	normal	Afixo
Convert 2.6-3% Damage Dealt to Life	3946771248	normal	Afixo
Convert 2.8-3% Damage Dealt to Life	677646218	normal	Afixo
Convert 3-3.2% Damage Dealt to Life	677646219	normal	Afixo
Convert 3.2-3.4% Damage Dealt to Life	677646220	normal	Afixo
Convert 3.2-3.6% Damage Dealt to Life	473059473	normal	Afixo
Convert 3.6-3.8% Damage Dealt to Life	887488565	normal	Afixo
Convert 3.8-4.2% Damage Dealt to Life	1294314994	normal	Afixo
Convert 4.4-4.8% Damage Dealt to Life	2115570515	normal	Afixo
Gain 85-242 Life per Wrath Spent (Crusader Only)	2887663575	normal	Afixo
Gold/Health Pickup Increased by 8-9 Yards	4034366322	normal	Afixo
Increases Wrath Regeneration by 0.9-1 per Second (Crusader Only)	3614527900	normal	Afixo
Increases Wrath Regeneration by 0.9-1 per Second (Crusader Only)	4280285558	normal	Afixo
Increases Wrath Regeneration by 0.9-1 per Second (Crusader Only)	4280285559	normal	Afixo
Reduces All Resource Costs by 3-4%	4007115567	normal	Afixo
Reduces Cooldown of All Skills by 0.5%	499071632	normal	Afixo
Reduces Cooldown of All Skills by 5-8%	828960462	normal	Afixo
Reduces Cooldown of Wall of Zombies by 1-3 Seconds (Witch Doctor Only)	1153507195	normal	Afixo
Reduces Cooldown of Wall of Zombies by 1-3 Seconds (Witch Doctor Only)	1153507196	normal	Afixo
Reduces Duration of Control Effects by 4-8%	463174205	normal	Afixo
Reduces Duration of Control Effects by 5-10%	1274656068	normal	Afixo
Reduces Duration of Control Effects by 7-12%	1274656069	normal	Afixo
Reduces Resource Cost of Firebomb by 1-6 Mana (Witch Doctor Only)	2527959842	normal	Afixo
Reduces Resource Cost of Firebomb by 1-7 Mana (Witch Doctor Only)	2527959843	normal	Afixo
Reduces Resource Cost of Firebomb by 1-8 Mana (Witch Doctor Only)	2527959844	normal	Afixo
Reduces Resource Cost of Hydra by 1-4 Arcane Power (Wizard Only)	2552232024	normal	Afixo
Reduces Resource Cost of Hydra by 1-5 Arcane Power (Wizard Only)	2552232025	normal	Afixo
Reduces Resource Cost of Hydra by 1-6 Arcane Power (Wizard Only)	2552232026	normal	Afixo
Reduces Resource Cost of Hydra by 1-7 Arcane Power (Wizard Only)	2552232027	normal	Afixo
Reduces Resource Cost of Hydra by 1-8 Arcane Power (Wizard Only)	2552232028	normal	Afixo
X-X Maximum Essence (Necromancer Only) 36-40	3792968882	normal	Afixo
X-X Bone Armor Damage (Necromancer Only)  10-15%	2330788065	normal	Afixo
X-X Bone Spear Damage (Necromancer Only)  10-15%	1846936667	normal	Afixo
X-X Bone Spikes Damage (Necromancer Only) 10-15%	349666031	normal	Afixo
X-X Bone Spirit Damage (Necromancer Only) 10-15%	3358288699	normal	Afixo
X-X Command Golem Damage (Necromancer Only) 10-15%	105227439	normal	Afixo
X-X Command Skeletons Damage (Necromancer Only) 10-15%	3874149907	normal	Afixo
X-X Corpse Explosion Damage (Necromancer Only) 10-15%	1453680105	normal	Afixo
X-X Corpse Lance Damage (Necromancer Only)10-15%	2354562955	normal	Afixo
X-X Death Nova Damage (Necromancer Only) 10-15%	1273564448	normal	Afixo
X-X Grim Scythe Damage (Necromancer Only) 10-15%	901648731	normal	Afixo
X-X Revive (Necromancer Only) 10-15%	924446189	normal	Afixo
X-X Siphoon Blood (Necromancer Only) 10-15%	3697478237	normal	Afixo
X-X Skeletal Mage Damage (Necromancer Only) 10-15%	4095236606	normal	Afixo
Passive: Alacrity (Monk Only)	2377272525	normal	Afixo
Passive: Ambush (Demon Hunter Only)	2870361314	normal	Afixo
Passive: Animosity (Barbarian Only)	1347990616	normal	Afixo
Passive: Arcane Dynamo (Wizard Only)	729457628	normal	Afixo
Passive: Archery (Demon Hunter Only)	429023760	normal	Afixo
Passive: Astral Presence (Wizard Only)	1052920838	normal	Afixo
Passive: Audacity (Wizard Only)	1858580574	normal	Afixo
Passive: Awarenesss (Demon Hunter Only)	3797480427	normal	Afixo
Passive: Bad Medicine (Witch Doctor Only)	2043277512	normal	Afixo
Passive: Ballistics (Demon Hunter Only)	2440966156	normal	Afixo
Passive: Beacon of War (Monk Only)	1243993995	normal	Afixo
Passive: Berserker Rage (Barbarian Only)	3635937951	normal	Afixo
Passive: Blood Ritual (Witch Doctor Only)	1406284260	normal	Afixo
Passive: Blood Vengeance (Demon Hunter Only)	2733808462	normal	Afixo
Passive: Bloodthirst (Barbarian Only)	2374593097	normal	Afixo
Passive: Blunt (Crusader Only)	336302423	normal	Afixo
Passive: Blur (Wizard Only)	2648729247	normal	Afixo
Passive: Boon of Bul-Kathos (Barbarian Only)	656066251	normal	Afixo
Passive: Brawler (Barbarian Only)	860354218	normal	Afixo
Passive: Brooding (Demon Hunter Only)	1419532374	normal	Afixo
Passive: Chant of Resonance (Witch Doctor Only)	2587443471	normal	Afixo
Passive: Circle of Life (Witch Doctor Only)	2341893002	normal	Afixo
Passive: Cold Blooded (Wizard Only)	1122452389	normal	Afixo
Passive: Combination Strike (Monk Only)	4052108065	normal	Afixo
Passive: Conflagration (Wizard Only)	2979871249	normal	Afixo
Passive: Creeping Death (Witch Doctor Only)	823399958	normal	Afixo
Passive: Cull of the Weak (Demon Hunter Only)	3414449947	normal	Afixo
Passive: Custom Engineering (Demon Hunter Only)	316907528	normal	Afixo
Passive: Determination (Monk Only)	3788353250	normal	Afixo
Passive: Divine Fortress (Crusader Only)	3165714249	normal	Afixo
Passive: Dominance (Wizard Only)	3823110200	normal	Afixo
Passive: Earthen Might (Barbarian Only)	2781012123	normal	Afixo
Passive: Elemental Exposure (Wizard Only)	3049534396	normal	Afixo
Passive: Evocation (Wizard Only)	1497229842	normal	Afixo
Passive: Exalted Soul (Monk Only)	3340690488	normal	Afixo
Passive: Fanaticism (Crusader Only)	356146873	normal	Afixo
Passive: Fervor (Crusader Only)	2656186342	normal	Afixo
Passive: Fetish Sycophants (Witch Doctor Only)	2936522994	normal	Afixo
Passive: Fierce Loyalty (Witch Doctor Only)	2046952383	normal	Afixo
Passive: Finery (Crusader Only)	2660767871	normal	Afixo
Passive: Fleet Footed (Monk Only)	2067518879	normal	Afixo
Passive: Galvanizing Wand (Wizard Only)	1814982546	normal	Afixo
Passive: Glass Cannon (Wizard Only)	694085377	normal	Afixo
Passive: Grave Injustice (Witch Doctor Only)	991695590	normal	Afixo
Passive: Grenadier (Demon Hunter Only)	708899699	normal	Afixo
Passive: Gruesome Feast (Witch Doctor Only)	1738786616	normal	Afixo
Passive: Guardian's Path (Monk Only)	674685114	normal	Afixo
Passive: Harmony (Monk Only)	3819439729	normal	Afixo
Passive: Heavenly Strength (Crusader Only)	86010461	normal	Afixo
Passive: Hold your Ground (Crusader Only)	1609001719	normal	Afixo
Passive: Holy Cause (Crusader Only)	1260566207	normal	Afixo
Passive: Hot Pursuit (Demon Hunter Only)	3127825769	normal	Afixo
Passive: Illusionst (Wizard Only)	485559401	normal	Afixo
Passive: Indestrucible (Crusader Only)	2427346515	normal	Afixo
Passive: Inspiring Presence (Demon Hunter Only)	2649759939	normal	Afixo
Passive: Insurmountable (Crusader Only)	3861471274	normal	Afixo
Passive: Iron Maiden (Crusader Only)	2655721336	normal	Afixo
Passive: Juggernaut (Barbarian Only)	4050720887	normal	Afixo
Passive: Jungle Fortitude (Witch Doctor Only)	221279006	normal	Afixo
Passive: Long Arm of the Law (Crusader Only)	4118344988	normal	Afixo
Passive: Loud Commander (Crusader Only)	1972825369	normal	Afixo
Passive: Midnight Feast (Witch Doctor Only)	2045617514	normal	Afixo
Passive: Momentum (Monk Only)	495042944	normal	Afixo
Passive: Mythic Rhythm (Monk Only)	2447904888	normal	Afixo
Passive: Near Death Experience (Monk Only)	2506013666	normal	Afixo
Passive: Nerves of Steele (Barbarian Only)	3219085984	normal	Afixo
Passive: Night Stalker (Demon Hunter Only)	2688159858	normal	Afixo
Passive: No Escape (Barbarian Only)	3514126441	normal	Afixo
Passive: Numbing Traps (Demon Hunter Only)	2033704284	normal	Afixo
Passive: Paralysis (Wizard Only)	3695093986	normal	Afixo
Passive: Perfectionst (Demon Hunter Only)	2966207457	normal	Afixo
Passive: Physical Attunment (Witch Doctor Only)	351225573	normal	Afixo
Passive: Pierce the Veil (Witch Doctor Only)	3923224332	normal	Afixo
Passive: Pound of Flesh (Barbarian Only)	2585236520	normal	Afixo
Passive: Power Hungry (Wizard Only)	3170002580	normal	Afixo
Passive: Prodigy (Wizard Only)	3445729448	normal	Afixo
Passive: Rampage (Barbarian Only)	3692638424	normal	Afixo
Passive: Relentless Assault (Monk Only)	2508728122	normal	Afixo
Passive: Relentless (Barbarian Only)	3799308028	normal	Afixo
Passive: Renewal (Crusader Only)	67203456	normal	Afixo
Passive: Resolve (Monk Only)	2834696878	normal	Afixo
Passive: Righteousness (Crusader Only)	2967477893	normal	Afixo
Passive: Rush of Essence (Witch Doctor Only)	4038120320	normal	Afixo
Passive: Ruthless (Barbarian Only)	1922393397	normal	Afixo
Passive: Seize theInitave (Monk Only)	260300485	normal	Afixo
Passive: Sharpshooter (Demon Hunter Only)	3090487492	normal	Afixo
Passive: Single Out (Demon Hunter Only)	4144332668	normal	Afixo
Passive: Sixth Sense (Monk Only)	2108741724	normal	Afixo
Passive: Spirit Vessel (Witch Doctor Only)	3177896176	normal	Afixo
Passive: Spiritual Attunement (Witch Doctor Only)	3048959685	normal	Afixo
Passive: Steady Aim (Demon Hunter Only)	1518896387	normal	Afixo
Passive: Superstition (Barbarian Only)	1626253908	normal	Afixo
Passive: Sword and Board (Barbarian Only)	3114160645	normal	Afixo
Passive: Tactical Advantage (Demon Hunter Only)	3462873554	normal	Afixo
Passive: Temporal Flux (Wizard Only)	3499206445	normal	Afixo
Passive: Thrill of the Hunt (Demon Hunter Only)	435024934	normal	Afixo
Passive: Tough as Nails (Barbarian Only)	3367227341	normal	Afixo
Passive: Towering Sheild (Crusader Only)	1178545786	normal	Afixo
Passive: Transecndence (Monk Only)	2262559659	normal	Afixo
Passive: Tribal Rites (Witch Doctor Only)	503515240	normal	Afixo
Passive: Unforgiving (Barbarian Only)	2056608809	normal	Afixo
Passive: Unity (Monk Only)	3477154151	normal	Afixo
Passive: Unstable Anomaly (Wizard Only)	2320848281	normal	Afixo
Passive: Unwavering Will (Wizard Only)	1744508392	normal	Afixo
Passive: Viglint (Crusader Only)	1494099504	normal	Afixo
Passive: Vision Quest (Witch Doctor Only)	1096054477	normal	Afixo
Passive: Weapons Master (Barbarian Only)	3378088836	normal	Afixo
Passive: Wrathful (Crusader Only)	3974241343	normal	Afixo
Passive: Zombie Handler (Witch Doctor Only)	586389991	normal	Afixo
Passive: Aberrant Animator (Necromancer Only)	2336559789	normal	Afixo
Passive: Blood For Blood (Necromancer Only)	1973025098	normal	Afixo
Passive: Blood Is Power (Necromancer Only)	1615981148	normal	Afixo
Passive: Bone Prison (Necromancer Only)	250690	normal	Afixo
Passive: Commander Of The Risen Dead (Necromancer Only)	1886738141	normal	Afixo
Passive: Dark Reaping (Necromancer Only)	3281005993	normal	Afixo
Passive: Draw Life (Necromancer Only)	858886129	normal	Afixo
Passive: Eternal Torment (Necromancer Only)	3524225079	normal	Afixo
Passive: Extended Servitude (Necromancer Only)	3960084047	normal	Afixo
Passive: Final Service (Necromancer Only)	1954880126	normal	Afixo
Passive: Fueled By Death (Necromancer Only)	3986525465	normal	Afixo
Passive: Grisly Tribute (Necromancer Only)	3326749820	normal	Afixo
Passive: Life From Death (Necromancer Only)	340747901	normal	Afixo
Passive: Gain the Overwhelming Essence (Necromancer Only)	1763784448	normal	Afixo
Passive: Rathma's Shield (Necromancer Only)	2170212300	normal	Afixo
Passive: Gain the Rigor Mortis (Necromancer Only)	3622579364	normal	Afixo
Passive: Serration (Necromancer Only)	2106172538	normal	Afixo
Passive: Spreading Malediction (Necromancer Only)	690706697	normal	Afixo
Passive: Stand Alone (Necromancer Only)	594152108	normal	Afixo
Passive: Swift Harvesting (Necromancer Only)	88859851	normal	Afixo
X-X Arcane Damage 1,153-1,700 (Patch Y-Y)	2117061124	normal	Afixo
X-X Cold Damage 1,153-1,700 (Patch Y-Y)	1693905372	normal	Afixo
X-X Fire Damage 1,153-1,700 (Patch Y-Y)	1368829632	normal	Afixo
X-X Holy Damage 1,153-1,700 (Patch Y-Y)	1185941782	normal	Afixo
X-X Lightning Damage 1,153-1,700 (Patch Y-Y)	1827724606	normal	Afixo
X-X Poison Damage 1,153-1,700 (Patch Y-Y)	1420895410	normal	Afixo
X-X Damage 1,155-1,700 (Patch Y-Y)	1732159762	normal	Afixo
X-X Dexterity 1,237-1,465 (Patch Y-Y)	350693717	normal	Afixo
X-X Intelligence 1,237-1,465 (Patch Y-Y)	3555275071	normal	Afixo
X-X Strength 1,237-1,465 (Patch Y-Y)	2468089101	normal	Afixo
X-X Vitality 1,237-1,465 (Patch Y-Y)	200273383	normal	Afixo
X-X Arcane Damage 1,318-1,940 (Patch Y-Y)	4076253590	normal	Afixo
X-X Damage 1,318-1,940 (Patch Y-Y)	2227990500	normal	Afixo
X-X Fire Damage 1,318-1,940 (Patch Y-Y)	3343954130	normal	Afixo
X-X Holy Damage 1,318-1,940 (Patch Y-Y)	1629273448	normal	Afixo
X-X Lightning Damage 1,318-1,940 (Patch Y-Y)	517363856	normal	Afixo
X-X Poison Damage 1,318-1,940 (Patch Y-Y)	3359319940	normal	Afixo
X-X Cold Damage 1,386-1,940 (Patch Y-Y)	3260519022	normal	Afixo
X-X Arcane Damage 1,582-2,325 (Patch Y-Y)	4157704353	normal	Afixo
X-X Cold Damage 1,582-2,325 (Patch Y-Y)	2856137337	normal	Afixo
X-X Damage 1,582-2,325 (HIGHEST) (Patch Y-Y)	603650607	normal	Afixo
X-X Fire Damage 1,582-2,325 (Patch Y-Y)	2778204765	normal	Afixo
X-X Holy Damage 1,582-2,325 (Patch Y-Y)	517819699	normal	Afixo
X-X Poison Damage 1,582-2,325 (Patch Y-Y)	914599375	normal	Afixo
X-X Lightning Damage 1,582-2325 (Patch Y-Y)	914792283	normal	Afixo
X-X Explosive Blast Damage (Wizard Only) (Patch Y-Y) 75-100%	3101262714	normal	Afixo
X-X Acid Cloud Damage (Witch Doctor Only) (Patch Y-Y) 75-100%	1711526992	normal	Afixo
X-X Arcane Orb Damage (Wizard Only) (Patch Y-Y) 50-65%	1632410962	normal	Afixo
X-X Avalanche Damage (Barbarian Only) (Patch Y-Y) 150-200%	1303434759	normal	Afixo
X-X Blessed Shield Damage (Crusader Only) (Patch Y-Y) 150-200%	2824087487	normal	Afixo
X-X Call Of The Ancients Damage (Barbarian Only) (Patch Y-Y) 45-60%	263178724	normal	Afixo
X-X Cold Resistance (Patch Y-Y) 176-210	2076645230	normal	Afixo
X-X Condemn Damage (Crusader Only) (Patch Y-Y) 150-200%	3420071368	normal	Afixo
X-X Earthquake Damage (Barbarian Only) (Patch Y-Y) 150-200%	3686892238	normal	Afixo
X-X Fire Resistance (Patch Y-Y) 176-210	2066794450	normal	Afixo
X-X Firebats Damage (Witch Doctor Only) (Patch Y-Y) 45-60%	3135395902	normal	Afixo
X-X Firebomb Damage (Witch Doctor Only) (Patch Y-Y) 45-60%	2774249988	normal	Afixo
X-X Grasp of the Dead Damage (Witch Doctor Only) (Patch Y-Y) 45-60%	3581299666	normal	Afixo
X-X Hammer of the Ancients Damage (Barbarian Only) (Patch Y-Y) 75-100%	730200942	normal	Afixo
X-X Lashing Tail Kick Damage (Monk Only) (Patch Y-Y) 75-100%	128020160	normal	Afixo
X-X Lightning Resistance (Patch Y-Y) 176-210	3614017232	normal	Afixo
X-X Multishot Damage (Demon Hunter Only) (Patch Y-Y) 75-100%	1057718261	normal	Afixo
X-X Mystic Ally Damage (Monk Only) (Patch Y-Y) 90-120%	1105606129	normal	Afixo
X-X Phalanx Damage (Crusader Only) (Patch Y-Y) 45-60%	2238642406	normal	Afixo
X-X Physical Resistance (Patch Y-Y) 176-210	589712425	normal	Afixo
X-X Poison Resistance (Patch Y-Y) 176-210	3040740868	normal	Afixo
X-X Rain Of Vengeance Damage (Demon Hunter Only) (Patch Y-Y) 20-25%	3968342011	normal	Afixo
X-X Rapid Fire Damage (Demon Hunter Only) (Patch Y-Y) 45-60%	1706224357	normal	Afixo
X-X Seismic Slam Damage (Barbarian Only) (Patch Y-Y) 100-125%	4278837833	normal	Afixo
X-X Sentry Damage (Demon Hunter Only) (Patch Y-Y) 75-100%	966708512	normal	Afixo
X-X Spirit Barrage Damage (Witch Doctor Only) (Patch Y-Y)45-60%	2868115891	normal	Afixo
X-X Strafe Damage (Demon Hunter Only) (Patch Y-Y) 75-100%	3481546299	normal	Afixo
X-X Sweep Attack Damage (Crusader Only) (Patch Y-Y) 150-200%	540943943	normal	Afixo
X-X Sweeping Wind Damage (Monk Only) (Patch Y-Y) 100-125%	2391682618	normal	Afixo
X-X Tempest Rush Damage (Monk Only) (Patch Y-Y) 150-200%	2909897545	normal	Afixo
X-X Wave of Light Damage (Monk Only) (Patch Y-Y) 125-150%	3072122356	normal	Afixo
X-X Zombie Charger Damage (Witch Doctor Only) (Patch 2.3.0) 60-80%	2649658983	normal	Afixo
X-X Life per Hit (Patch Y-Y) 10,135-11,975	302367853	normal	Afixo
X-X Call of the Ancients Damage (Barbarian Only) (Patch Y-Y) 10-15%	317018547	normal	Afixo
X-X Furious Charge Damage (Barbarian Only) (Patch Y-Y) 10-15%	3080732323	normal	Afixo
X-X Resist All Elements (Patch Y-Y) 110-130	3858531038	normal	Afixo
X-X Life After Each Kill (Patch Y-Y) 14,708-17,385	2699149335	normal	Afixo
X-X Arcane Resistance (Patch Y-Y) 176-210	2280933654	normal	Afixo
X-X Life per Hit (Patch Y-Y) 20,271-23,950	575529029	normal	Afixo
X-X Lashing Tail Kick Damage (Monk Only) (Patch Y-Y) 20-25	3467764300	normal	Afixo
X-X Wave of Light Damage (Monk Only) (Patch Y-Y) 20-25%	1842209425	normal	Afixo
X-X Experience per Kill (Patch Y-Y) 220-260	1154440475	normal	Afixo
X-X Meteor Damage (Wizard Only) (Patch Y-Y) 25-30%	2131689644	normal	Afixo
X-X Seismic Slam Damage (Barbarian Only) (Patch Y-Y) 25-30%	489276373	normal	Afixo
X-X Wave of Light Damage (Monk Only) (Patch Y-Y) 25-30%	1980398733	normal	Afixo
X-X Life per Hit (Patch Y-Y) 30,408-35,940	3018640368	normal	Afixo
X-X Dexterity (Patch Y-Y) 550-650	1523026226	normal	Afixo
X-X Strength (Patch Y-Y) 550-650	1066587626	normal	Afixo
X-X Vitality (Patch Y-Y) 550-650	3600876420	normal	Afixo
X-X Life After Each Kill (Patch Y-Y) 6,536-7,725	1854492596	normal	Afixo
X-X Life from Health Potions/Globes (Patch Y-Y) 65,368-77,250	966382509	normal	Afixo
X-X Armor (Patch Y-Y) 654-775	82091321	normal	Afixo
X-X Life per Second (Patch Y-Y) 8,445-10,000	3239546261	normal	Afixo
X-X Call of the Ancients Damage (Barbarian Only) (Patch Y-Y) 8-15%	1036911639	normal	Afixo
X-X Dexterity (Patch Y-Y) 825-1,000	2696739530	normal	Afixo
X-X Intelligence (Patch Y-Y) 825-1,000	2902946036	normal	Afixo
X-X Strength (Patch Y-Y) 825-1,000	3301343618	normal	Afixo
X-X Vitality (Patch Y-Y) 825-1,000	3405776540	normal	Afixo
X-X Life After Each Kill (Patch Y-Y) 9,805-11,590	1180849868	normal	Afixo
Gain X-X Life per Fury Spent (Barbarian Only) (Patch Y-Y) 1,029-1,215	2910986137	normal	Afixo
Gain X-X Life per Wrath Spent (Crusader Only) (Patch Y-Y) 1,403-1,660	4287823670	normal	Afixo
Gain X-X Life per Wrath Spent (Crusader Only) (Patch Y-Y) 2,810-3,320	907940417	normal	Afixo
Gain X-X Life per Fury Spent (Barbarian Only) (Patch Y-Y) 3,091-3,659	1249267396	normal	Afixo
Gain X-X Life per Spirit Spent (Monk Only) (Patch Y-Y) 456-540	1867645029	normal	Afixo
Gain X-X Life per Spirit Spent (Monk Only) (Patch Y-Y) 915-1,080	3767048208	normal	Afixo
Level Requirement Reduced by X-X (Patch Y-Y) 30-40	3244383465	normal	Afixo
X-X Thorns Damage per Hit (Patch Y-Y) 2,200-2,600	3550305799	normal	Afixo
X-X Thorns Damage per Hit (Patch Y-Y) 3,847-4,550	404345183	normal	Afixo
46-54 Armor	1824594956	normal	Afixo
4-6 Spirit per Second (Monk Only)	3867623353	normal	Afixo
2-4 Seconds Blizzard Duration (Wizard Only)	1636113001	normal	Afixo
Grandfather_01	1732042982	normal	Afixo
Grandfather_02	1732042983	normal	Afixo
Grandfather_03	1732042984	normal	Afixo
Grandfather_04	1732042985	normal	Afixo
Grandfather_05	1732042986	normal	Afixo
Grandfather_06	1732042987	normal	Afixo
Grandfather_07	1732042988	normal	Afixo
Grandfather_09	1732042990	normal	Afixo
Grandfather_10	1732043014	normal	Afixo
Grandfather_11	1732043015	normal	Afixo
Grandfather_12	1732043016	normal	Afixo
Grandfather_13	1732043017	normal	Afixo
Grandfather_14	1732043018	normal	Afixo
Grandfather_15	1732043019	normal	Afixo
Grimmershred_01	847429161	normal	Afixo
Grimmershred_02	847429162	normal	Afixo
Grimmershred_03	847429163	normal	Afixo
Grimmershred_04	847429164	normal	Afixo
Grimmershred_05	847429165	normal	Afixo
Grimmershred_06	847429166	normal	Afixo
Grimmershred_07	847429167	normal	Afixo
Grimmershred_09	847429169	normal	Afixo
Grimmershred_10	847429193	normal	Afixo
Grimmershred_11	847429194	normal	Afixo
Grimmershred_12	847429195	normal	Afixo
Grimmershred_13	847429196	normal	Afixo
Grimmershred_14	847429197	normal	Afixo
Grimmershred_15	847429198	normal	Afixo
Doombringer_01	4008556856	normal	Afixo
Doombringer_02	4008556857	normal	Afixo
Doombringer_03	4008556858	normal	Afixo
Doombringer_04	4008556859	normal	Afixo
Doombringer_05	4008556860	normal	Afixo
Doombringer_06	4008556861	normal	Afixo
Doombringer_07	4008556862	normal	Afixo
Doombringer_09	4008556864	normal	Afixo
Doombringer_10	4008556888	normal	Afixo
Doombringer_11	4008556889	normal	Afixo
Doombringer_12	4008556890	normal	Afixo
Doombringer_13	4008556891	normal	Afixo
Doombringer_14	4008556892	normal	Afixo
Doombringer_15	4008556893	normal	Afixo
Windforce_1	3028628914	normal	Afixo
Windforce_2	3028628915	normal	Afixo
Windforce_3	3028628916	normal	Afixo
Windforce_4	3028628917	normal	Afixo
Windforce_5	3028628918	normal	Afixo
Windforce_6	3028628919	normal	Afixo
Windforce_9	3028628922	normal	Afixo
Windforce_10	1160506402	normal	Afixo
Windforce_11	1160506403	normal	Afixo
Windforce_12	1160506404	normal	Afixo
Windforce_13	1160506405	normal	Afixo
Windforce_14	1160506406	normal	Afixo
Buriza_01	3605839341	normal	Afixo
Buriza_02	3605839342	normal	Afixo
Buriza_03	3605839343	normal	Afixo
Buriza_04	3605839344	normal	Afixo
Buriza_05	3605839345	normal	Afixo
Buriza_06	3605839346	normal	Afixo
Buriza_07	3605839347	normal	Afixo
Buriza_09	3605839349	normal	Afixo
Buriza_10	3605839373	normal	Afixo
Buriza_11	3605839374	normal	Afixo
Buriza_12	3605839375	normal	Afixo
Buriza_13	3605839376	normal	Afixo
Buriza_14	3605839377	normal	Afixo
Buriza_15	3605839378	normal	Afixo
Doomslinger_01	2025240163	normal	Afixo
Doomslinger_02	2025240164	normal	Afixo
Doomslinger_03	2025240165	normal	Afixo
Doomslinger_04	2025240166	normal	Afixo
Doomslinger_05	2025240167	normal	Afixo
Doomslinger_06	2025240168	normal	Afixo
Doomslinger_07	2025240169	normal	Afixo
Doomslinger_09	2025240171	normal	Afixo
Doomslinger_10	2025240195	normal	Afixo
Doomslinger_11	2025240196	normal	Afixo
Doomslinger_12	2025240197	normal	Afixo
Doomslinger_13	2025240198	normal	Afixo
Doomslinger_14	2025240199	normal	Afixo
Doomslinger_15	2025240200	normal	Afixo
Blackhand_01	2211900600	normal	Afixo
Blackhand_02	2211900601	normal	Afixo
Blackhand_03	2211900602	normal	Afixo
Blackhand_04	2211900603	normal	Afixo
Blackhand_05	2211900604	normal	Afixo
Blackhand_06	2211900605	normal	Afixo
Blackhand_07	2211900606	normal	Afixo
Blackhand_09	2211900608	normal	Afixo
Blackhand_10	2211900632	normal	Afixo
Blackhand_11	2211900633	normal	Afixo
Blackhand_12	2211900634	normal	Afixo
Blackhand_13	2211900635	normal	Afixo
Blackhand_14	2211900636	normal	Afixo
Blackhand_15	2211900637	normal	Afixo
Soulharvester_01	2713108727	normal	Afixo
Soulharvester_02	2713108728	normal	Afixo
Soulharvester_03	2713108729	normal	Afixo
Soulharvester_04	2713108730	normal	Afixo
Soulharvester_05	2713108731	normal	Afixo
Soulharvester_06	2713108732	normal	Afixo
Soulharvester_07	2713108733	normal	Afixo
Soulharvester_09	2713108735	normal	Afixo
Soulharvester_10	2713108759	normal	Afixo
Soulharvester_11	2713108760	normal	Afixo
Soulharvester_12	2713108761	normal	Afixo
Soulharvester_13	2713108762	normal	Afixo
Soulharvester_14	2713108763	normal	Afixo
Soulharvester_15	2713108764	normal	Afixo
Blackbog_01	1540516085	normal	Afixo
Blackbog_02	1540516086	normal	Afixo
Blackbog_03	1540516087	normal	Afixo
Blackbog_04	1540516088	normal	Afixo
Blackbog_05	1540516089	normal	Afixo
Blackbog_06	1540516090	normal	Afixo
Blackbog_07	1540516091	normal	Afixo
Blackbog_09	1540516093	normal	Afixo
Blackbog_10	1540516117	normal	Afixo
Blackbog_11	1540516118	normal	Afixo
Blackbog_12	1540516119	normal	Afixo
Blackbog_13	1540516120	normal	Afixo
Blackbog_14	1540516121	normal	Afixo
Blackbog_15	1540516122	normal	Afixo
Oculus_01	305862555	normal	Afixo
Oculus_02	305862556	normal	Afixo
Oculus_03	305862557	normal	Afixo
Oculus_04	305862558	normal	Afixo
Oculus_05	305862559	normal	Afixo
Oculus_06	305862560	normal	Afixo
Oculus_07	305862561	normal	Afixo
Mangsong_01	197518490	normal	Afixo
Mangsong_02	197518491	normal	Afixo
Mangsong_03	197518492	normal	Afixo
Mangsong_04	197518493	normal	Afixo
Mangsong_05	197518494	normal	Afixo
Mangsong_06	197518495	normal	Afixo
Mangsong_07	197518496	normal	Afixo
Mangsong_09	197518498	normal	Afixo
Mangsong_10	197518522	normal	Afixo
Mangsong_11	197518523	normal	Afixo
Mangsong_12	197518524	normal	Afixo
Mangsong_13	197518525	normal	Afixo
Mangsong_14	197518526	normal	Afixo
Mangsong_15	197518527	normal	Afixo
Wizardspike_01	235257069	normal	Afixo
Wizardspike_02	235257070	normal	Afixo
Wizardspike_03	235257071	normal	Afixo
Wizardspike_04	235257072	normal	Afixo
Wizardspike_05	235257073	normal	Afixo
Wizardspike_06	235257074	normal	Afixo
Wizardspike_07	235257075	normal	Afixo
Wizardspike_09	235257077	normal	Afixo
Wizardspike_10	235257101	normal	Afixo
Wizardspike_11	235257102	normal	Afixo
Wizardspike_12	235257103	normal	Afixo
Wizardspike_13	235257104	normal	Afixo
Wizardspike_14	235257105	normal	Afixo
Wizardspike_15	235257106	normal	Afixo
Bartuc_01	2065136001	normal	Afixo
Bartuc_02	2065136002	normal	Afixo
Bartuc_03	2065136003	normal	Afixo
Bartuc_04	2065136004	normal	Afixo
Bartuc_05	2065136005	normal	Afixo
Bartuc_06	2065136006	normal	Afixo
Bartuc_07	2065136007	normal	Afixo
Bartuc_09	2065136009	normal	Afixo
Bartuc_10	2065136033	normal	Afixo
Bartuc_11	2065136034	normal	Afixo
Bartuc_12	2065136035	normal	Afixo
Bartuc_13	2065136036	normal	Afixo
Bartuc_14	2065136037	normal	Afixo
Bartuc_15	2065136038	normal	Afixo
Shadowkiller_01	1698886153	normal	Afixo
Shadowkiller_02	1698886154	normal	Afixo
Shadowkiller_03	1698886155	normal	Afixo
Shadowkiller_04	1698886156	normal	Afixo
Shadowkiller_05	1698886157	normal	Afixo
Shadowkiller_06	1698886158	normal	Afixo
Shadowkiller_07	1698886159	normal	Afixo
Shadowkiller_09	1698886161	normal	Afixo
Shadowkiller_10	1698886185	normal	Afixo
Shadowkiller_11	1698886186	normal	Afixo
Shadowkiller_12	1698886187	normal	Afixo
Shadowkiller_13	1698886188	normal	Afixo
Shadowkiller_14	1698886189	normal	Afixo
Shadowkiller_15	1698886190	normal	Afixo
Jadetalon_01	2462566706	normal	Afixo
Jadetalon_02	2462566707	normal	Afixo
Jadetalon_03	2462566708	normal	Afixo
Jadetalon_04	2462566709	normal	Afixo
Jadetalon_05	2462566710	normal	Afixo
Jadetalon_06	2462566711	normal	Afixo
Jadetalon_07	2462566712	normal	Afixo
Jadetalon_09	2462566714	normal	Afixo
Jadetalon_10	2462566738	normal	Afixo
Jadetalon_11	2462566739	normal	Afixo
Jadetalon_12	2462566740	normal	Afixo
Jadetalon_13	2462566741	normal	Afixo
Jadetalon_14	2462566742	normal	Afixo
Jadetalon_15	2462566743	normal	Afixo
Asteron_01	1517867740	normal	Afixo
Asteron_02	1517867741	normal	Afixo
Asteron_03	1517867742	normal	Afixo
Asteron_04	1517867743	normal	Afixo
Asteron_05	1517867744	normal	Afixo
Asteron_06	1517867745	normal	Afixo
Asteron_07	1517867746	normal	Afixo
Asteron_09	1517867748	normal	Afixo
Asteron_10	1517867772	normal	Afixo
Asteron_11	1517867773	normal	Afixo
Asteron_12	1517867774	normal	Afixo
Asteron_13	1517867775	normal	Afixo
Asteron_14	1517867776	normal	Afixo
Asteron_15	1517867777	normal	Afixo
Redeemer_01	375990121	normal	Afixo
Redeemer_02	375990122	normal	Afixo
Redeemer_03	375990123	normal	Afixo
Redeemer_04	375990124	normal	Afixo
Redeemer_05	375990125	normal	Afixo
Redeemer_06	375990126	normal	Afixo
Redeemer_07	375990127	normal	Afixo
Redeemer_09	375990129	normal	Afixo
Redeemer_10	375990153	normal	Afixo
Redeemer_11	375990154	normal	Afixo
Redeemer_12	375990155	normal	Afixo
Redeemer_13	375990156	normal	Afixo
Redeemer_14	375990157	normal	Afixo
Redeemer_15	375990158	normal	Afixo
Gidbinn_01	633292059	normal	Afixo
Gidbinn_02	633292060	normal	Afixo
Gidbinn_03	633292061	normal	Afixo
Gidbinn_04	633292062	normal	Afixo
Gidbinn_05	633292063	normal	Afixo
Gidbinn_06	633292064	normal	Afixo
Gidbinn_07	633292065	normal	Afixo
Gidbinn_09	633292067	normal	Afixo
Gidbinn_10	633292091	normal	Afixo
Gidbinn_11	633292092	normal	Afixo
Gidbinn_12	633292093	normal	Afixo
Gidbinn_13	633292094	normal	Afixo
Gidbinn_14	633292095	normal	Afixo
Gidbinn_15	633292096	normal	Afixo
Ghostflame_01	3295544202	normal	Afixo
Ghostflame_02	3295544203	normal	Afixo
Ghostflame_03	3295544204	normal	Afixo
Ghostflame_04	3295544205	normal	Afixo
Ghostflame_05	3295544206	normal	Afixo
Ghostflame_06	3295544207	normal	Afixo
Ghostflame_07	3295544208	normal	Afixo
Ghostflame_09	3295544210	normal	Afixo
Ghostflame_10	3295544234	normal	Afixo
Ghostflame_11	3295544235	normal	Afixo
Ghostflame_12	3295544236	normal	Afixo
Ghostflame_13	3295544237	normal	Afixo
Ghostflame_14	3295544238	normal	Afixo
Ghostflame_15	3295544239	normal	Afixo
Ariocneedle_01	3591162523	normal	Afixo
Ariocneedle_02	3591162524	normal	Afixo
Ariocneedle_03	3591162525	normal	Afixo
Ariocneedle_04	3591162526	normal	Afixo
Ariocneedle_05	3591162527	normal	Afixo
Ariocneedle_06	3591162528	normal	Afixo
Ariocneedle_07	3591162529	normal	Afixo
Ariocneedle_09	3591162531	normal	Afixo
Ariocneedle_10	3591162555	normal	Afixo
Ariocneedle_11	3591162556	normal	Afixo
Ariocneedle_12	3591162557	normal	Afixo
Ariocneedle_13	3591162558	normal	Afixo
Ariocneedle_14	3591162559	normal	Afixo
Ariocneedle_15	3591162560	normal	Afixo
Crits grant 4 Arcane Power	2881593660	normal	Afixo
+5.1% Chance to Chill on Hit	2750367668	normal	Afixo
+750 Dexterity	2696739529	normal	Afixo
+2 yards Pickup radius	4034366321	normal	Afixo
+14 Max Arcane Power	3768588531	normal	Afixo
+516 Armor	3650372193	normal	Afixo
+500 Dexterity	3580548081	normal	Afixo
+160 Lightning Resistance	3431435903	normal	Afixo
+105-210 Damage	3352798924	normal	Afixo
+12 Maximum Discipline	1180460672	normal	Afixo
Ignores Durability Loss	1661455571	normal	Afixo
+100% Critical Hit Damage	1913242032	normal	Afixo
+6% Critical Hit Chance	232461798	normal	Afixo
+1.5 Hatred per Second (DH)	334040523	normal	Afixo
5.1% Chance to Stun on Hit	536744082	normal	Afixo
+12% Movement Speed	98886379	normal	Afixo
+7.0% Attack Speed	996645142	normal	Afixo
+500 Strength	3124109481	normal	Afixo
+160 Fire Resistance	2972540929	normal	Afixo
2.2% Chance to Fear on Hit	4269100616	normal	Afixo
Increases Wrath Regeneration by 2.00 per Second	3810469796	normal	Afixo
+160 Arcane Resistance	3720772421	normal	Afixo
+160 Physical Resistance	3586175544	normal	Afixo
+7184 Life per Second	3548665277	normal	Afixo
+750 Vitality	3405776539	normal	Afixo
+625 Vitality	3405776538	normal	Afixo
+750 Strength	3301343617	normal	Afixo
+160 Cold Resistance	3297616669	normal	Afixo
+500 Vitality	1363430979	normal	Afixo
+397 Armor	1412926752	normal	Afixo
+650 Intelligence	1750285276	normal	Afixo
+200 Experience Per Kill	555585138	normal	Afixo
+100 Resist All	611264315	normal	Afixo
2.6% Chance to Chill on Hit	948583927	normal	Afixo
2.6% Chance to Blind on Hit	2377950548	normal	Afixo
2.6% Chance to Stun on Hit	3134890261	normal	Afixo
Blood oozes from you	3897807379	normal	Afixo
Passive: Pound of Flesh (Barbarian Only)	1474393783	normal	Afixo
Passive: Ruthless (Barbarian Only)	101603396	normal	Afixo
Passive: Nerves of Steel (Barbarian Only)	921014031	normal	Afixo
Passive: Weapons Master (Barbarian Only)	1080016883	normal	Afixo
Passive: Inspiring Presence (Barbarian Only)	3704157362	normal	Afixo
Passive: Berserker Rage (Barbarian Only)	1337865998	normal	Afixo
Passive: Bloodthirst (Barbarian Only)	2471081720	normal	Afixo
Passive: Animosity (Barbarian Only)	1391462727	normal	Afixo
Passive: Superstition (Barbarian Only)	515411171	normal	Afixo
Passive: Tough as Nails (Barbarian Only)	2256384604	normal	Afixo
Passive: No Escape (Barbarian Only)	1693336440	normal	Afixo
Passive: Relentless (Barbarian Only)	938920395	normal	Afixo
Passive: Brawler (Barbarian Only)	2497135577	normal	Afixo
Passive: Juggernaut (Barbarian Only)	1190333254	normal	Afixo
Passive: Unforgiving (Barbarian Only)	2153097432	normal	Afixo
Passive: Boon of Bul-kathos (Barbarian Only)	2021643002	normal	Afixo
Passive: Earthen Might (Barbarian Only)	1670169386	normal	Afixo
Passive: Rampage (Barbarian Only)	1034452487	normal	Afixo
Passive: Sword and Board (Barbarian Only)	816088692	normal	Afixo
Passive: Hold Your Ground (Crusader Only)	3605897062	normal	Afixo
Passive: Indestructible (Crusader Only)	129274562	normal	Afixo
Passive: Vigilant (Crusader Only)	3130880863	normal	Afixo
Passive: Insurmountable (Crusader Only)	1563399321	normal	Afixo
Passive: Long Arm of the Law (Crusader Only)	1296414571	normal	Afixo
Passive: Wrathful (Crusader Only)	1316055406	normal	Afixo
Passive: Iron Maiden (Crusader Only)	2699193447	normal	Afixo
Passive: Finery (Crusader Only)	3829681646	normal	Afixo
Passive: Holy Cause (Crusader Only)	3734743502	normal	Afixo
Passive: Lord Commander (Crusader Only)	861982632	normal	Afixo
Passive: Blunt (Crusader Only)	1933530342	normal	Afixo
Passive: Towering Shield (Crusader Only)	3175441129	normal	Afixo
Passive: Righteousness (Crusader Only)	1856635156	normal	Afixo
Passive: Renewal (Crusader Only)	4281619663	normal	Afixo
Passive: Divine Fortress (Crusader Only)	867642296	normal	Afixo
Passive: Fervor (Crusader Only)	3825100117	normal	Afixo
Passive: Nephalem Majesty (Crusader Only)	1829183752	normal	Afixo
Passive: Thrill of the Hunt (Demon Hunter Only)	1489422357	normal	Afixo
Passive: Tactical Advantage (Demon Hunter Only)	650431873	normal	Afixo
Passive: Vengeance (Demon Hunter Only)	2830297085	normal	Afixo
Passive: Steady Aim (Demon Hunter Only)	1615385010	normal	Afixo
Passive: Cull the Weak (Demon Hunter Only)	1116377994	normal	Afixo
Passive: Night Stalker (Demon Hunter Only)	4161196737	normal	Afixo
Passive: Brooding (Demon Hunter Only)	2854112037	normal	Afixo
Passive: Hot Pursuit (Demon Hunter Only)	2016983032	normal	Afixo
Passive: Archery (Demon Hunter Only)	472495871	normal	Afixo
Passive: Numbing Traps (Demon Hunter Only)	3506741163	normal	Afixo
Passive: Perfectionist (Demon Hunter Only)	36816912	normal	Afixo
Passive: Custom Engineering (Demon Hunter Only)	1799433143	normal	Afixo
Passive: Grenadier (Demon Hunter Only)	805388322	normal	Afixo
Passive: Sharpshooter (Demon Hunter Only)	268557075	normal	Afixo
Passive: Ballistics (Demon Hunter Only)	1330123419	normal	Afixo
Passive: Ambush (Demon Hunter Only)	1049571313	normal	Afixo
Passive: Awareness (Demon Hunter Only)	3893969050	normal	Afixo
Passive: Single Out (Demon Hunter Only)	4240821291	normal	Afixo
Passive: Leech (Demon Hunter Only)	955619154	normal	Afixo
Passive: Resolve (Monk Only)	3388317309	normal	Afixo
Passive: Fleet Footed (Monk Only)	1986967790	normal	Afixo
Passive: Exalted Soul (Monk Only)	3260139399	normal	Afixo
Passive: Transcendence (Monk Only)	441769658	normal	Afixo
Passive: Chant of Resonance (Monk Only)	2683932094	normal	Afixo
Passive: Seize the Initiative (Monk Only)	2257195828	normal	Afixo
Passive: The Guardians Path (Monk Only)	771173737	normal	Afixo
Passive: Sixth Sense (Monk Only)	3277655499	normal	Afixo
Passive: Pacifism (Monk Only)	3598333161	normal	Afixo
Passive: Beacon of Ytar (Monk Only)	2880775354	normal	Afixo
Passive: Guiding Light (Monk Only)	4014053884	normal	Afixo
Passive: One With Everything (Monk Only)	2708596992	normal	Afixo
Passive: Combination Strike (Monk Only)	1754036112	normal	Afixo
Passive: Near Death Experience (Monk Only)	3979050545	normal	Afixo
Passive: Mythic Rhythm (Monk Only)	4084686247	normal	Afixo
Passive: Momentum (Monk Only)	1584647983	normal	Afixo
Passive: Unity (Monk Only)	1079737718	normal	Afixo
Passive: Provocation (Monk Only)	4262964907	normal	Afixo
Passive: Jungle Fortitude (Witch Doctor Only)	1275676429	normal	Afixo
Passive: Circle of Life (Witch Doctor Only)	3814929881	normal	Afixo
Passive: Spiritual Attunement (Witch Doctor Only)	2611651124	normal	Afixo
Passive: Gruesome Feast (Witch Doctor Only)	3211823495	normal	Afixo
Passive: Blood Ritual (Witch Doctor Only)	3403179603	normal	Afixo
Passive: Bad Medicine (Witch Doctor Only)	4040172855	normal	Afixo
Passive: Zombie Handler (Witch Doctor Only)	1951966742	normal	Afixo
Passive: Pierce the Veil (Witch Doctor Only)	993833787	normal	Afixo
Passive: Spirit Vessel (Witch Doctor Only)	355965759	normal	Afixo
Passive: Fetish Sycophants (Witch Doctor Only)	3371899585	normal	Afixo
Passive: Rush of Essence (Witch Doctor Only)	1108729775	normal	Afixo
Passive: Vision Quest (Witch Doctor Only)	3092949820	normal	Afixo
Passive: Fierce Loyalty (Witch Doctor Only)	3412529134	normal	Afixo
Passive: Grave Injustice (Witch Doctor Only)	3106055413	normal	Afixo
Passive: Tribal Rites (Witch Doctor Only)	2500410583	normal	Afixo
Passive: Creeping Death (Witch Doctor Only)	2188976709	normal	Afixo
Passive: Physical Attunement (Witch Doctor Only)	2029930612	normal	Afixo
Passive: Midnight Feast (Witch Doctor Only)	3411194265	normal	Afixo
Passive: Confidence Ritual (Witch Doctor Only)	2108082033	normal	Afixo
Passive: Dominance (Wizard Only)	3742559111	normal	Afixo
Passive: Glass Cannon (Wizard Only)	3168262672	normal	Afixo
Passive: Prodigy (Wizard Only)	747990071	normal	Afixo
Passive: Astral Presence (Wizard Only)	1149409461	normal	Afixo
Passive: Illusionist (Wizard Only)	2959736696	normal	Afixo
Passive: Cold Blooded (Wizard Only)	3596629684	normal	Afixo
Passive: Galvanizing Ward (Wizard Only)	704139809	normal	Afixo
Passive: Power Hungry (Wizard Only)	1349212579	normal	Afixo
Passive: Blur (Wizard Only)	843398286	normal	Afixo
Passive: Evocation (Wizard Only)	1416678753	normal	Afixo
Passive: Arcane Dynamo (Wizard Only)	772929739	normal	Afixo
Passive: Unstable Anomaly (Wizard Only)	1210005544	normal	Afixo
Passive: Paralysis (Wizard Only)	3614542897	normal	Afixo
Passive: Unwavering Will (Wizard Only)	1840997015	normal	Afixo
Passive: Conflagration (Wizard Only)	119483616	normal	Afixo
Passive: Audacity (Wizard Only)	3027494349	normal	Afixo
Passive: Temporal Flux (Wizard Only)	3542678556	normal	Afixo
Passive: Elemental Exposure (Wizard Only)	227603979	normal	Afixo
Passive: Fueled by Death (Necromancer Only)	3969137067	normal	Afixo
Passive: Life from Death (Necromancer Only)	323359503	normal	Afixo
Passive: Stand Alone (Necromancer Only)	471052414	normal	Afixo
Passive: Bone Prison (Necromancer Only)	4172118292	normal	Afixo
Passive: Swift Harvesting (Necromancer Only)	2627730909	normal	Afixo
Passive: Commander of the Risen Dead (Necromancer Only)	3305680559	normal	Afixo
Passive: Extended Servitude (Necromancer Only)	2831727585	normal	Afixo
Passive: Rigor Mortis (Necromancer Only)	3855256758	normal	Afixo
Passive: Overwhelming Essence (Necromancer Only)	1344243986	normal	Afixo
Passive: Dark Reaping (Necromancer Only)	669865147	normal	Afixo
Passive: Spreading Malediction (Necromancer Only)	3229577755	normal	Afixo
Passive: Eternal Torment (Necromancer Only)	2950407945	normal	Afixo
Passive: Final Service (Necromancer Only)	1043299536	normal	Afixo
Passive: Grisly Tribute (Necromancer Only)	3309361422	normal	Afixo
Passive: Draw Life (Necromancer Only)	590584131	normal	Afixo
Passive: Serration (Necromancer Only)	1842141196	normal	Afixo
Passive: Aberrant Animator (Necromancer Only)	219958783	normal	Afixo
Passive: Blood for Blood (Necromancer Only)	1955636700	normal	Afixo
Passive: Blood is Power (Necromancer Only)	704400558	normal	Afixo
Passive: Rathmas Shield (Necromancer Only)	2152823902	normal	Afixo
Wizard: The Oculus_08: +100% Damage, Reduces cooldown of all skills by 10.0%, +15% Damage to Elite Enemies	305862562	normal	Afixo
Wizard: The Oculus_09: +26 Intelligence, +26 Vitality, +20 Resist all Elements, Critical Hits Grants 2 Arcane Power	305862563	normal	Afixo
Wizard: The Oculus_10: +83 Intelligence, +83 Vitality, +30 Resist all Elements, Critical Hits Grants 4 Arcane Power	305862587	normal	Afixo
Wizard: The Oculus_11: +137 Intelligence, +137 Vitality, +40 Resist all Elements, Critical Hits Grants 4 Arcane Power	305862588	normal	Afixo
Wizard: The Oculus_12: +329 Intelligence, +303 Vitality, +80 Resist all Elements, Critical Hits Grants 4 Arcane Power	305862589	normal	Afixo
Wizard: The Oculus_13: +524 Intelligence, +494 Vitality, +85 Resist all Elements, Critical Hits Grants 4 Arcane Power	305862590	normal	Afixo
Wizard: The Oculus_14: +625 Intelligence, +787 Vitality, +90 Resist all Elements, Critical Hits Grants 4 Arcane Power	305862591	normal	Afixo
Wizard: The Oculus_15: +750 Intelligence, +945 Vitality, +100 Resist all Elements, Critical Hits Grants 5 Arcane Power	305862592	normal	Afixo
Wizard: The Oculus_16: +1000 Intelligence, +1125 Vitality, +130 Resist all Elements, Critical Hits Grants 7 Arcane Power	305862593	normal	Afixo
Wizard: The Oculus_17: +100% Damage to Wizards Only, Ignores Durability Loss, Reduces the Damage of Enemies hit by 25% for 5 seconds	305862594	normal	Afixo
Demon Hunter: Windforce_07: +75% Damage, +945 Strength, +945 Dexterity	3028628920	normal	Afixo
Demon Hunter: Windforce_08: +100% Damage, +1125 Strength, +1125 Dexterity	3028628921	normal	Afixo
Demon Hunter: Windforce_15: +10.0% Attack Speed, +10 Maximum Discipline, +12% Movement Speed	1160506407	normal	Afixo
Demon Hunter: Windforce_16: +15.0% Attack Speed, +12 Maximum Discipline, +15% Movement Speed	1160506408	normal	Afixo
Demon Hunter: Windforce_17: 35% Chance to Knockback on Hit, Ignores Durability Loss, +200% Damage to all Archery Skills, 1+ to Maximum Damage per Paragon Level up to 800	1160506409	normal	Afixo
Crusader: Khalim's Will_01: +40-45 Lightning Damage, +4.0% Attack Speed, +2.0% Critical Hit Chance	3643362454	normal	Afixo
Crusader: Khalim's Will_02: +115-124 Lightning Damage, +5.0% Attack Speed, +2.0% Critical Hit Chance	3643362455	normal	Afixo
Crusader: Khalim's Will_03: +191-205 Lightning Damage, +6.0% Attack Speed, +3.0% Critical Hit Chance	3643362456	normal	Afixo
Crusader: Khalim's Will_04: +298-337 Lightning Damage, +7.0% Attack Speed, +4.0% Critical Hit Chance	3643362457	normal	Afixo
Crusader: Khalim's Will_05: +774-835 Lightning Damage, +8.0% Attack Speed, +5.0% Critical Hit Chance	3643362458	normal	Afixo
Crusader: Khalim's Will_06: +1082-1173 Lightning Damage, +9.0% Attack Speed, +10.0% Critical Hit Chance	3643362459	normal	Afixo
Crusader: Khalim's Will_07: +1245-1434 Lightning Damage, +10.0% Attack Speed, +10.0% Critical Hit Chance	3643362460	normal	Afixo
Crusader: Khalim's Will_08: +1875 Lightning Damage, +15.0% Attack Speed, +10.0% Critical Hit Chance	3643362461	normal	Afixo
Crusader: Khalim's Will_09: +26 Strength, +204 Life per Hit, Increases Wrath Regeneration by 0.92 per Second, Reduces Cooldown of all Skills by 5.0%	3643362462	normal	Afixo
Crusader: Khalim's Will_10: +82 Strength, +439 Life per Hit, Increases Wrath Regeneration by 0.98 per Second, Reduces Cooldown of all Skills by 6.0%	3643362486	normal	Afixo
Crusader: Khalim's Will_11: +137 Strength, +975 Life per Hit, Increases Wrath Regeneration by 1.17 per Second, Reduces Cooldown of all Skills by 7.0%	3643362487	normal	Afixo
Crusader: Khalim's Will_12: +329 Strength, +1,521 Life per Hit, Increases Wrath Regeneration by 1.33 per Second, Reduces Cooldown of all Skills by 8.0%	3643362488	normal	Afixo
Crusader: Khalim's Will_13: +524 Strength, +2,170 Life per Hit, Increases Wrath Regeneration by 1.50 per Second, Reduces Cooldown of all Skills by 9.0%	3643362489	normal	Afixo
Crusader: Khalim's Will_14: +625 Strength, +6,820 Life per Hit, Increases Wrath Regeneration by 1.67 per Second, Reduces Cooldown of all Skills by 10.0%	3643362490	normal	Afixo
Crusader: Khalim's Will_15: +750 Strength, +18,416 Life per Hit, Increases Wrath Regeneration by 1.83 per Second, Reduces Cooldown of all Skills by 10.0%	3643362491	normal	Afixo
Crusader: Khalim's Will_16: +1000 Strength, +23,936 Life per Hit, Increases Wrath Regeneration by 2.00 per Second, Reduces Cooldown of all Skills by 10.0%	3643362492	normal	Afixo
Crusader: Khalim's Will_17: +100% Damage to all Crusader Skills, Ignores Durability Loss, Killing an Enemy reduces the Cooldown of Steed Charge by 1 Second	3643362493	normal	Afixo
Barbarian: Doombringer_08: +100% Damage, +10.0% Critical Hit Chance	4008556863	normal	Afixo
Barbarian: Doombringer_16: +1125 Strength, +15% Life, +23,936 Life Per Hit, Reduce the Damage of Enemies Hit by 25% for 5 Seconds	4008556894	normal	Afixo
Barbarian: Doombringer_17: +100% Damage to all Barbarian Skills, Ignores Durability Loss	4008556895	normal	Afixo
Barbarian: Gimmershred_08: +225 Cold Damage, +225 Fire Damage, +100% Damage, Killing an Elite pack increases movespeed by 30% for 7 seconds	847429168	normal	Afixo
Barbarian: Gimmershred_16: +225 Lightning Damage, +15.0% Attack speed, Reduces cooldown of all skills by 10.0%, +15% Damage to Elite Enemies	847429199	normal	Afixo
Barbarian: Gimmershred_17: +100% Damage to all Barbarian Skills, Ignores Durability Loss	847429200	normal	Afixo
Barbarian: The Grandfather_08: +100% Damage, +10% Critical Hit Chance, +1 to Maximum Damage Per Paragon up to level 800	1732042989	normal	Afixo
Barbarian: The Grandfather_16: +15% Life, +1000 All Stats, Reduces Cooldown of all skills by 10.0%	1732043020	normal	Afixo
Barbarian: The Grandfather_17: +20% Attack Speed, +200% Damage to all Barbarian Skills, Ignores Durability Loss	1732043021	normal	Afixo
Crusader: Asteron's Iron Ward_08: +100% Damage, +15.0% Attack Speed, +100% Critical Hit Damage, +10.0% Critical Hit Chance	1517867747	normal	Afixo
Crusader: Asteron's Iron Ward_16: +876 Holy Damage, +1000 Strength, Reduces cooldown of all skills by 10.0%	1517867778	normal	Afixo
Crusader: Asteron's Iron Ward_17: +100% Damage to all Crusader skills, Ignores Durability Loss, +1 to Maximum Damage per Paragon Level up to 800	1517867779	normal	Afixo
Crusader: The Redeemer_08: +100% Damage, +50% Damage to Undead, +50% Damage to Demons	375990128	normal	Afixo
Crusader: The Redeemer_16: +20% Holy skill Damage, +1000 Strength, Gold/Health Pickup increased by 2 Yards, Level Requirement Reduced by 40	375990159	normal	Afixo
Crusader: The Redeemer_17: +100% Damage to all Crusader skills, Ignores Durability Loss, Consecutive hits to Enemies increases Attack Speed by 3%, up to 30% for 2 seconds, Reduces Cooldown of all skills by 10.0%	375990160	normal	Afixo
Demon Hunter: Buriza-Do Kyanon_08: +970 Cold Damage, +100 Damage, +1125 Dexterity	3605839348	normal	Afixo
Demon Hunter: Buriza-Do Kyanon_16: +15.0% Attack Speed, +400 Armour, Hits against Frozen Enemies are always Critical Hits	3605839379	normal	Afixo
Demon Hunter: Buriza-Do Kyanon_17: +150% Damage to all Demon Hunter Skills, 35.0% Chance to Freeze on Hit, Ignores Durability Loss, +1 to Maximum Damage per Paragon Level up to 800	3605839380	normal	Afixo
Demon Hunter: Doomslinger_08: +100% Damage, +15.0% Attack Speed, Reduces all Resource costs by 10.0%	2025240170	normal	Afixo
Demon Hunter: Doomslinger_16: +1000 Dexterity, +15% Life, Reduces Cooldown of all skills by 10.0%, Chance to Deal 24% Area Damage on Hit	2025240201	normal	Afixo
Demon Hunter: Doomslinger_17: +100% Damage to all Demon Hunter skills, Ignores Durability Loss, Killing an Elite Pack increases movement speed by 30% for 7 Seconds	2025240202	normal	Afixo
Monk: Bartuc's Cut Throat_08: +100% Damage, +10.0% Critical Hit Chance	2065136008	normal	Afixo
Monk: Bartuc's Cut Throat_16:  +1125 Strength, +1125 Dexterity, +23,936 Life per Hit	2065136039	normal	Afixo
Monk: Bartuc's Cut Throat_17:  +100% Damage to all Monk skills, Ignores Durability Loss, Consecutive hits to Enemies increases Damage by 10% up to 100%	2065136040	normal	Afixo
Monk: Shadow Killer_08  =  +100% Damage, +23,936 Life per Hit, Reduces Cooldown of all skills by 10.0%	1698886160	normal	Afixo
Monk: Shadow Killer_16:  +1000 Dexterity, Grants 7 Spirit per Critical Hit, 5.1% Chance to Freeze on Hit, Reduces all Resource costs by 10.0%	1698886191	normal	Afixo
Monk: Shadow Killer_17: +100% Damage to all Monk skills, Ignores Durability Loss, Reduces the Damage of enemies hit by 25% for 5 seconds	1698886192	normal	Afixo
Monk: Jade Talon_08: +100% Damage, Reduces Cooldown of all skills by 10.0%	2462566713	normal	Afixo
Monk: Jade Talon_16: +1000 Dexterity, +130 Resist all Elements, +23,936 Life per Hit, Grants 7 Spirit per Critical Hit	2462566744	normal	Afixo
Monk: Jade Talon_17: +100% Damage to all Monk skills, Ignores Durability Loss, Consecutive hits to Enemies increases Attack speed by 3%, up to 30% for 3 seconds	2462566745	normal	Afixo
Necromancer: Blackhand Key_08: +15.0 Attack Speed, +50% Damage to Undead	2211900607	normal	Afixo
Necromancer: Blackhand Key_16: +1000 Intelligence, +130 Resist All Elements, 15% Life, Reduces Cooldown of all skills by 10.0%	2211900638	normal	Afixo
Necromancer: Blackhand Key_17: +100% Damage to all Necromancer skills, Ignores Durability Loss, Cursed Enemies are Feared in place for 7 seconds	2211900639	normal	Afixo
Necromancer: Soul Harvest_08: +100% Damage, +10.0% Critical Hit Chance	2713108734	normal	Afixo
Necromancer: Soul Harvest_16: +1000 Intelligence, +130 Resist All Elements, Reduces Cooldown of all skills by 10%, +12 Maximum Essence	2713108765	normal	Afixo
Necromancer: Soul Harvest_17: +100% Damage to all Necromancer skills, Ignores Durability Loss, Consecutive hits to Enemies increases attack speed by 3%, up to 30% for 3 seconds	2713108766	normal	Afixo
Necromancer: Blackbog's Sharp_08: +1620 Poison Damage, +1000 Intelligence, +15.0% Attack speed, Reduces cooldown of all skills by 10.0%	1540516092	normal	Afixo
Necromancer: Blackbog's Sharp_16: +20% Poison Skill Damage, +400 Armour, 2.6% Chance to slow on hit	1540516123	normal	Afixo
Necromancer: Blackbog's Sharp_17: +100% Damage to all Necromancer skills, Ignores Durability Loss, Consecutive hits to Enemies increases Damage by 10% up to 100%	1540516124	normal	Afixo
Witch Doctor: The Gibdinn_08: +100% Damage, +15.0% Attack Speed, +10.0% Critical Hit Chance, Picking up a Health Globe increases movespeed by 40% for 7 seconds	633292066	normal	Afixo
Witch Doctor: The Gibdinn_16: +1000 Intelligence, +100% Critical Hit Damage, Reduces Cooldown of all skills by 10.0%	633292097	normal	Afixo
Witch Doctor: The Gibdinn_17: Ignores Durability Loss, +200% Damage to all Voodoo Skills	633292098	normal	Afixo
Witch Doctor: Ghostflame_08: +805 Arcane Damage, +100% Damage, Grants 7 per Mana per Critical Hit	3295544209	normal	Afixo
Witch Doctor: Ghostflame_16: +1000 Intelligence, +15.0% Attack Speed, Gold/Health Pickup Increased by 2 Yards, Reduces cooldown of all skills by 10.0%	3295544240	normal	Afixo
Witch Doctor: Ghostflame_17: Ignores Durability Loss, Consecutive Hits to Enemies increases Attack Speed by 3%, up to 30% for 3 seconds, +200% Damage to all Secondary Skills	3295544241	normal	Afixo
Witch Doctor: Arioc's Needle_08: +876 Poison Damage, +100% Critical Hit Damage, +10.0% Critical Hit Chance	3591162530	normal	Afixo
Witch Doctor: Arioc's Needle_16: +100% Damage, +1000 Intelligence, +15.0% Attack Speed, +1 to Maximum Damage per Paragon Level up to 800	3591162561	normal	Afixo
Witch Doctor: Arioc's Needle_17: Ignores Durability Loss, +200% Damage to all Decay Skills	3591162562	normal	Afixo
Wizard: Mang Song's Lesson_08: +20% Cold Skill Damage, +20% Fire Skill Damage, +20% Lightning Skill Damage, +20% Arcane Skill Damage	197518497	normal	Afixo
Wizard: Mang Song's Lesson_16: +1125 Intelligence, +2.00 Arcane Power per Second, +50% Damage to Undead	197518528	normal	Afixo
Wizard: Mang Song's Lesson_17: +300% Damage to Wizards Only, Ignores Durability Loss	197518529	normal	Afixo
Wizard: Wizardspike_08: +1000 Intelligence, +15.0% Attack Speed	235257076	normal	Afixo
Wizard: Wizardspike_16: +130 Resist all Elements, +2.00 Arcane Power per Second, Reduces cooldown of all skills by 10.0%, +14 Maximum Arcane Power	235257107	normal	Afixo
Wizard: Wizardspike_17: +100% Damage to Wizards Only, Ignores Durability Loss, Consecutive Hits to Enemies increases Damage by 10% up to 100%	235257108	normal	Afixo
Power: Bastion's Revered - Frenzy now stacks up to 10 times and hits an additional time per stack. Each additional hit will chain to any enemies within 15 yards, and the damage is split between all of the affected enemies.	3614748487	normal	Afixo
Power: The Furnace - Increase damage against Elites by 50%	2936513756	normal	Afixo
Power: Messerschmidt's Reaver - Reduce cooldown of one of your skills by 1 second when you slay an enemy.	2308953816	normal	Afixo
Power: The Executioner - Attacks will Slay enemies with less than 10% Health	128615893	normal	Afixo
Power: The Gavel of Judgment - The Damage of Hammer of the Ancients is Increased by 800 and returns 25 Fury ...	3523222105	normal	Afixo
Power: Standoff - Furious Charge deals increased damage equal to 500% of your bonus movement speed	968830623	normal	Afixo
Power: Blade of the Tribes - War Cry and Threatening shout cause an Avalanche and Earthquake both deal 800% increased damage	989372449	normal	Afixo
Power: Remorseless - While both Wrath of the Berserker and Call of the Ancients are active, Hammer of the Ancients deals 250% damage	1308781758	normal	Afixo
Power: Fury of the Vanished Peak - Reduces the Fury cost of Seismic Slam by 50% and increases its damage by 500%	370983096	normal	Afixo
Power: Fjord Cutter - Seismic Slam  attacks 50% faster and also deals 150% increased damage against slowed or chilled enemies	1975611510	normal	Afixo
Power: Echoing Fury - Slaying Enemies engulfs the Wielder into a Frenzy	2037718509	normal	Afixo
Power: In-geom - Your skill cooldowns are reduced by 10 seconds for 15 seconds after killing an elite pack	395361385	normal	Afixo
Power: Oathkeeper - Your primary skills attack 50% faster and deal 200% increased damage	3145915890	normal	Afixo
Power: Ambo's Pride - Attacking with Whirlwind also applies Rend, and the total damage of rend is dealt over 1 second	2319120009	normal	Afixo
Power: Darklight - Fist of the Heavens now casts twice and deals 1000%  damage	439722250	normal	Afixo
Power: Johanna's Argument - Increase the attack speed and damage of Blessed Hammer by 100%	763768143	normal	Afixo
Power: Faithful Memory - Each enemyhit by Falling Sword increases the damage of Blessed Hammer by 80% for 10 Seconds	2153421916	normal	Afixo
Power: In-geom -  Your skill cooldowns are reduced by 10 seconds for 15 seconds after killing an Elite pack	4017457871	normal	Afixo
Power: The Furnace -  Increases damage against Elites by 50%	324641986	normal	Afixo
Power: Blade of Prophecy -  Two Condemmed enemies also trigger Condemn's explosion and the damage of Condemn is increased by 800%	177436359	normal	Afixo
Power: Guard of Johanna -  Blessed Hammer damage is increased by 250% for the first 3 enemies it hits	4159898039	normal	Afixo
Power: Frydehr's Wrath -  Condemn has no cooldown and has its damage increased by 800% but instead costs 40 Wrath	30528228	normal	Afixo
Power: Denial -  Each enemy hit by your Sweep Attack increases the damage of your next Sweep Attack by 125% stacking up to 5 times	3811363069	normal	Afixo
Power: Akkhan's Leniency -  Each enemy hit by your Blessed Shield increases the damage of your Blessed Shield by 40% for 3 seconds	3504751347	normal	Afixo
Power: Jekangbord -  Blessed Shield ricohets to 6 additional enemies and has its damage increased by 400%	3624614823	normal	Afixo
Power: Gyrfalcon's Foote -  Removes the resource cost of Blessed Shield and increases its damage by 350%	2439488885	normal	Afixo
Power: Messerschmidt's Reaver -  Reduce cooldown of one of your skills by 1 second when you slay an enemy.	2449976126	normal	Afixo
Power: Akarat's Awakening -  Every successful block has a 25% chance to reduce all of cooldowns by 1 second	3700615044	normal	Afixo
Power: The Mortal Drama -  Double the number of Bombardment impacts Bombardment deals 500% increased damage	1834394628	normal	Afixo
Power: Fate of the Fell -  Heaven's Fury gains two additional rays and has its damage increased by 500%	2694468105	normal	Afixo
Power: Shield of Fury -  Each time an enemy takes damage from your Heaven's Fury, it increases the damage they take from your Heaven's Fury by 30%. This effect stacks up to 10 times	2021745124	normal	Afixo
Power: Swiftmount -  Doubles the duration of Steed Charge	2059943068	normal	Afixo
Power: Eberli Charo - Reduce the cooldown of Heaven's Fury by 50%	2461778768	normal	Afixo
Power: Ivory Tower - Blocks release forward a Fires of Heaven	2021967546	normal	Afixo
Power: Unstable Scepter - The damage of Arcane Orb is increased by 450% and its explosion triggers an additional time	1782123937	normal	Afixo
Power: Aether Walker - Teleport no longer has a cooldown but costs 25 Arcane Power	3042607244	normal	Afixo
Power: Wizardspike - Performing an attack has a 25% chance to hurl a Frozen Orb. Arcane Orb deals 350% increased damage	346699962	normal	Afixo
Power: Triumvirate - Your Signature Spells increase the damage of Arcane Orb by 400% for 6 seconds, stacking up yo 3 times	171573769	normal	Afixo
Power: Echoing Fury - Slaying enemies engulfs the Wielder into a Frenzy	3093875536	normal	Afixo
Power: In-Geom - Your skill cooldowns are reduced by 10 seconds for 15 seconds after killing an elite pack	1572257772	normal	Afixo
Power: Deathwish - While channeling Arcane Torrent, Disintegrate, or Ray of Frost for at least 1 second, all damge is increased by 325%	857582222	normal	Afixo
Power: Orb of Infinite Depth - Each time you hit an enemy with Explosive Blast your damage is increased by 10% and your damage reduction is increased by 20% for 6 Seconds. This effect can stack 4 ...	1825773851	normal	Afixo
Power: Etched Sigil - While channeling Arcane torrent, Disintegrate, or Ray of Frost, the damage of your Energy Twister is increased by 250%, and you also cast Energy Twister every second	4135545970	normal	Afixo
Power: Fragment of Destiny - Your Signature Spells attack 50% faster and deal triple damge. You gain a spectral buff whenever you land an attack with a Siganture Spell. Hydras deal 30% increased ...	340257974	normal	Afixo
Power: The Furnace - Increase damage against Elites by 50%	381457695	normal	Afixo
Power: Messerschmidt's Reaver - Reduce cooldownby 1 second for Slaying an enemy	2798038363	normal	Afixo
Power: Serpent's Sparkler - You may have one extra Hydra active at a time and they deal 300% increased damge	1158123814	normal	Afixo
Power: Winter Flurry - Enemies killed by Cold damage have a 25% chance to release a Frost Nova. Your Hyrdas deals 150% increased damage to enemies in a Blizzard	913418986	normal	Afixo
Power: The Twisted Sword - Energy Twister damage is increased by 150% for each Energy Twister you have out up to a maximum of 5. The Raging Storm rune is automatically applied to Energy Twis ...	1358167872	normal	Afixo
Power: Valthek's Rebuke - Energy Twister now travels in a straight path and deals 400% increased damage	248057210	normal	Afixo
Power: Cosmic Strand - Teleport gains the effect of the Wormhole rune	3047688151	normal	Afixo
Power: Wand of Woh - The damage of Explosive Blast is increased by 400% and 3 additional blasts are triggered after casting Explosive Blast	3945454074	normal	Afixo
Power: The Grand Vizier - Reduces the Arcane Power cost of Meteor by 50% and increases its damage by 400%	1980552178	normal	Afixo
Power: Wojahnni Assaulter - Rapid Fire increasingly deals 100% increased damage while channeling. Stacks up to 30 times	3419183837	normal	Afixo
Power: Dawn - Reduces the cooldown of Vengance by 65%	3925087209	normal	Afixo
Power: Sin Seekers - Rapid Fire no longer has a channel cost and deals 300% increased damage	960853819	normal	Afixo
Power: Karlei's Point - The damage of Impale is increased by 375% and it returns 15 Hatred if it hits an enemy already impaled	1201280407	normal	Afixo
Power: Holy Point Shot - Impale throws two additional knives and deals 100% increased damage	1150737477	normal	Afixo
Power: Lord Greenstone's Fan - Every second, gain 400% increased damage for your next Fan of Knives. Stacks up to 30 times	2543124110	normal	Afixo
Power: Fortress Ballista - Attacks grant you an absorb shield for 3.0% of your maximum Life. Stacks up to 10 times	2883335587	normal	Afixo
Power: The Ninth Cirri Satchel - Hungering Arrow is guaranteed to pierce and also deals 600% increased damage. Hungering Arrow can only pierce up to 4 times	4251079612	normal	Afixo
Power: Yang's Recurve - Multishot attacks 50% faster and its damage is increased by 200%	3925841582	normal	Afixo
Power: Odyssey's End - Enemies snared by your Entagling Shot take 150% increased damage from all sources	1984426767	normal	Afixo
Power: Valla's Bequest - Strafe projectiles pierce	700193647	normal	Afixo
Power: Dead Man's Legacy - Multishot hits enemies below 60% health twice and its damage is increased by 200%	673308553	normal	Afixo
Power: Echoing Fury - Slaying enemies engulfs the Wielder into a Frenzy	3679497442	normal	Afixo
Power: Manticore - Reduces the Hatred cost of Cluster Arrow by 50% and increases its damage by 300%	758183233	normal	Afixo
Power: Bombardier's Rucksack - You may have 2 additional Sentries	2653909270	normal	Afixo
Power: Flying Dragon - Chance to double your attack speed when attacking	297841004	normal	Afixo
Power: The Fist of Az'Turrasq - Exploding Palm's on-death explosion damage is increasedby 500%	996596622	normal	Afixo
Power: The Flow of Eternity - Increases the damage of Seven-Sided Strike by 100% and reduce the cooldown of Seven-Sided Strike by 60%	102927497	normal	Afixo
Power: Lion's Claw - Seven-Sided Strike performs an additional 7 strikes	562820468	normal	Afixo
Power: In-geom - Your skill cooldowns are reduced by 10 seconds for 15 seconds after killing an Elite Pack	2273258983	normal	Afixo
Power: Kyoshiro's Blade - Increases the damage of Wave of Light by 150%. When the initial impact of your Wave of Light hits 3 or fewer enemies, the damage is increased by 250%	2666089792	normal	Afixo
Power: Incense Torch of the Grand Temple - Reduces the spirit cost of Wave of Light by 50% and increases its damage by 550%	582354029	normal	Afixo
Power: Rabid Strike - Spirit Spenders that teleport you while Epiphany is active are also mimicked on a nearby target with 450% increased damage for free	3487487836	normal	Afixo
Power: Vengeful Wind - Increases the maximum stack count of Sweeping Wind by 10 and increases the damage by 800%	4059886582	normal	Afixo
Power: Balance - The damage of Tempest Rush is increased by 600% and when your Tempest Rush hits 3 or fewer enemies, it gains 100% Critical Hit Chance	1049785646	normal	Afixo
Power: Won Khim Lau - Hitting with Tempest Rush will activate Cyclone Strike, and both skills deal 600% increased damage	1308461095	normal	Afixo
Power: Echoing Fury - Slaying enemies engulfs the Wielder into a Frenzy	3405524523	normal	Afixo
Power: Messerschmidt's Reaver - Reduce cooldown by 1 second for Slaying and enemy	1252976214	normal	Afixo
Power: Messerschmidt's Reaver - Reduce cooldown of one of your skills by 1 second when you slay an enemy.	2135787128	normal	Afixo
Power: In-geom - Your skill cooldowns are reduced by 10 seconds for 15 seconds after killing an Elite Pack	752405513	normal	Afixo
Power: Scythe of the Cycle - Your Secondary skills deal 400% additional damage while Bone Armour is active but reducethe remaining duration of Bone Armour by 4 seconds	3784833472	normal	Afixo
Power: Reilena's Shadowhook - Every point of Maximum Essence increases your damage by 0.5% and Bone Spikes generates 5 additional Essence for each enemy hit	1743249386	normal	Afixo
Power: Lost in Time - Your cold skills reduce the movement speed of enemies by 30% in addition, your movement speed is increased by 10% for 5 seconds. Maximum 5 Stacks	4111187995	normal	Afixo
Power: Trag'Oul's Corroded Fang - The Cursed Scythe rune for Grim Scythe now has a 100% chance to apply a curse and you deal 200% increased damage to cursed enemies	1083473464	normal	Afixo
Power: Nayr's Black Death - Each different poison skill you use increases the damage of your poison skills by 100% for 15 seconds	310437645	normal	Afixo
Power: Ledger's Disdain - Grim Scythe deals an additional 80% damage for each point of essence it restores	962712616	normal	Afixo
Power: Bloodtide Blade - Death Nova deals 400% increased damage for every enemy within 25 yards	896880696	normal	Afixo
Power: Iron Rose - Attacking with Siphon Blood has a 100% chance to cast a free Blood Nova	225625019	normal	Afixo
Power: Maltorius' Petrified Spike - Bone Spear now costs 40 Essence and deals 700% increased damage	3447183330	normal	Afixo
Power: Bone Ringer - The damage bonus of Command Skeletons increases by 30% per second they spend attacking the same target. This effect stacks up to 60 times	435560693	normal	Afixo
Power: In-geom - Your skills cooldowns are reduced by 10 seconds for 15 seconds after killing an Elite Pack	940174797	normal	Afixo
Power: The Barber - Instead of dealing direct damage, your Spirit Barrage now accumulates on the target. When you stop casting, it explodes dealing 500% of the accumulated damage to all enemies ...	2142254653	normal	Afixo
Power: Sacred Harvester - Soul Harvest now stacks up to 10 times	3556219188	normal	Afixo
Power: Gazing Demise - The damage of Spirit Barrage is increased by 150%.  Spirit Barrage gains the Phantasm rune which lasts twice as long, and the attack rate from Manitou Spectres is Increased	3608070533	normal	Afixo
Power: The Furnace - Increases damage against Elite by 50%	3532832576	normal	Afixo
Power: Scrimshaw - Reduces the Mana cost of Zombie Charger by 75% and increases its damage by 7 times	1741527679	normal	Afixo
Power: Ursua's Trodden Effigy - Zombie Charger deals 150% increased damage. The Zombie Bears rune now summons 8 Bears that travel farther	3449412344	normal	Afixo
Power: The Dagger of Darts - Your Poison Darts and your Fetishes' Poison Darts now pierce and deal an additional 500% damage	1001846699	normal	Afixo
Power: Shukrani's Triumph - Spirit Walk lasts until you attack or until an enemy is within 30 yards of you	4027041235	normal	Afixo
Power: Henri's Perquisition - The first time an enemy deals damage to you, reduce that damage by 80% and Charm the enemy for 3 seconds	1537854266	normal	Afixo
Power: Staff of Chiroptera - Firebats attacks 100% faster, costs 75% less Mana, and has its damage increased by 150%	1153344648	normal	Afixo
Power: Vile Hive - Locust Swarm gains the effect of the Pestilence rune and deals 60% damage	3965134794	normal	Afixo
Power: Spite - Non-cleaving Gargantuans gain the cleave and chilling effects of the Humongoid rune	2122832275	normal	Afixo
12-14 Mana per Second (Witch Doctor Only)	3844506288	normal	Afixo
120-150 Maximum Mana (Witch Doctor Only)	1184986309	normal	Afixo
T1 Helm: +23-25% Life, +23-25% Gold Find, 12.5-15% CDR, 12.5-15% RCR (Amethyst, Emerald, Diamond, Topaz)	1266065656	normal	Afixo
T1 Helm Shard: +40-50% Bonus Experience (Ruby)	1266065657	normal	Afixo
T1 Weapon: +130-150% Crit Damage, 28-30k Life PH, 38-40k Thorns, +20-25% to Elites (Emerald, Amethyst, Topaz, Diamond)	3931737417	normal	Afixo
T1 Weapon Shard: +270-300 Damage (Ruby)	3931737418	normal	Afixo
Tier 2 Shard: +1125 Strength	4029677074	normal	Afixo
Tier 2 Shard: +1125 Dexterity	4029660250	normal	Afixo
Tier 2 Shard: +1125 Vitality	4029679980	normal	Afixo
Tier 2 Shard: +1125 Intelligence	4029665988	normal	Afixo
Tier 2 Shard: +10.0% Critical Hit Chance	1259866573	normal	Afixo
Tier 2 Shard: +15% Damage	483055160	normal	Afixo
Tier 2 Shard: -20% Damage from Melee attacks	1360915866	normal	Afixo
Tier 2 Shard: -20% Damage from Ranged attacks	2151558051	normal	Afixo
Tier 2 Shard: +25% Arcane skill damage	239838821	normal	Afixo
Tier 2 Shard: +25% Lightning skill damage	1690898044	normal	Afixo
Tier 2 Shard: +25% Fire skill damage	207326110	normal	Afixo
Tier 2 Shard: +25% Cold skill damage	3835774010	normal	Afixo
Tier 2 Shard: +25% Holy skill damage	1230837172	normal	Afixo
Tier 2 Shard: +25% Physical skill damage	1962853813	normal	Afixo
Tier 2 Shard: +25% Poison skill damage	3491232016	normal	Afixo
Tier 2 Shard: +62 Resist All	2045992460	normal	Afixo
Tier 2 Shard: +650 Armor	3135304250	normal	Afixo
Tier 2 Shard: +15% Attack Speed	741432866	normal	Afixo
T3 Terror 1: You cast a devastating Ring of Fire after killing 100 enemies	1014157398	normal	Afixo
T3 Terror 2: Your Attack Speed and Critical Hit Chance are increased by 5% for each skill on cooldown	1014157399	normal	Afixo
T3 Terror 3: If three or more skills are on cooldown, your Lightning and Fire skill damage are increased by 50%	1014157400	normal	Afixo
T3 Hatred 1: You now deal 10% for every enemy instead of 5% (to a maximum of 100%)	473332212	normal	Afixo
T3 Hatred 2: Killing an elite enemy pulls all enemies within 40 yards to where the elite died	473332213	normal	Afixo
T3 Hatred 3: Movement Speed is increased by 50%. Each enemy within 25 yards reduces your MS by 10% up to 70%	473332214	normal	Afixo
T3 Destruction 1: You have a 25% chance to restore 5% health when an enemy dies with Mark of Destruction active	132366683	normal	Afixo
T3 Destruction 2: When you apply Mark of Destruction to an enemy, you increase your Movement Speed by 5% for 7 seconds. Max 10 Stacks	132366684	normal	Afixo
T3 Destruction 3: You now leave a trail of fire in your wake that slays enemies with the Mark of Destruction that are below 10% health	132366685	normal	Afixo
T3 Sin 1: The pool of blood now negates Elite affixes within its area	1066005717	normal	Afixo
T3 Sin 2: You gain an additional Rift Progress Orb when you kill an elite pack	1066005718	normal	Afixo
T3 Sin 3: The pool of blood now collects Rift Progress Orbs	1066005719	normal	Afixo
T3 Anguish 1: Your Movement Speed and Cooldown Reduction can be increased up to 15 times by dealing Poison damage to an enemy	1228920043	normal	Afixo
T3 Anguish 2: When you deal Poison damage to an enemy, they receive 50% increased Poison damage from all sources for 10 seconds	1228920044	normal	Afixo
T3 Anguish 3: When you kill an enemy, you deal the damage done by the death blow to all enemies within 25 yards. Pets and Followers cannot trigger this effect	1228920045	normal	Afixo
T3 Lies 1: Each time your pet hits an enemy, your damage is increased by 1% for 5 seconds. This stacks up to 100 times. When you reach 100 stacks, the stacks quickly reset to 0	2582931796	normal	Afixo
T3 Lies 2: On receiving fatal damage, spawn a shadow that prevents your death, restores your health to 35%, and grants +225 All Resist to all party members while it is active. The shadow only lasts 15 seconds	2582931797	normal	Afixo
T3 Lies 3: Killing an elite enemy reduces all your active cooldowns by 5 seconds	2582931798	normal	Afixo
T3 Pain 1: Hitting enemies with Cold damage has a 50% chance to Freeze them. Cold skill damage is increased to Frozen targets by 20%	1504186608	normal	Afixo
T3 Pain 2: Gain Passability while your Movement Speed bonus is over 50%. When you move through enemies, you knock them back and Stun them for 2 seconds	1504186609	normal	Afixo
T3 Pain 3: When you critically hit an enemy, you increase the Attack Speed of all players by 5% for 5 seconds. Max 10 stacks	1504186610	normal	Afixo
Adria's Journal, Part 8 (x1_Bog_Lore_AdriaDeadDemon)	2157619538	legendary	jester's raw gbids
Bloodtide Blade (P65_Unique_Scythe2H_02)	2162558139	legendary	jester's raw gbids
Runestone Core (Crafting_Rune_Exotic)	2178964946	legendary	jester's raw gbids
Scepter (Scepter)	2193297718	legendary	jester's raw gbids
Minor Elixir of Defense (ElixirOfDefense_01)	2200822428	legendary	jester's raw gbids
Light Elixir of Defense (ElixirOfDefense_02)	2200822429	legendary	jester's raw gbids
Elixir of Defense (ElixirOfDefense_03)	2200822430	legendary	jester's raw gbids
Greater Elixir of Defense (ElixirOfDefense_04)	2200822431	legendary	jester's raw gbids
Super Elixir of Defense (ElixirOfDefense_05)	2200822432	legendary	jester's raw gbids
Tome of Reversal (RespecTome)	2209640343	legendary	jester's raw gbids
Adria's Journal, Part 6 (x1_Bog_Lore_AdriaCaveEntrance)	2210022432	legendary	jester's raw gbids
Kill (Unique_Dagger_002_104)	2216709381	legendary	jester's raw gbids
Kill (Unique_Dagger_002_1xx)	2216711825	legendary	jester's raw gbids
The Barber (Unique_Dagger_003_104)	2217895302	legendary	jester's raw gbids
The Barber (Unique_Dagger_003_1xx)	2217897746	legendary	jester's raw gbids
Pig Sticker (Unique_Dagger_007_104)	2222638986	legendary	jester's raw gbids
Pig Sticker (Unique_Dagger_007_1xx)	2222641430	legendary	jester's raw gbids
The Clipper (Unique_Dagger_008_104)	2223824907	legendary	jester's raw gbids
The Clipper (Unique_Dagger_008_1xx)	2223827351	legendary	jester's raw gbids
Unknown Helm (Gambling_Headpiece)	2249158776	legendary	jester's raw gbids
Wizardspike (Unique_Dagger_010_104)	2253472932	legendary	jester's raw gbids
Wizardspike (Unique_Dagger_010_1xx)	2253475376	legendary	jester's raw gbids
Plan: Adept Faulds (CraftingPlan_Smith_T03_Armor_Pants)	2297493880	legendary	jester's raw gbids
Arreat's Law (Unique_Spear_001)	2314563585	legendary	jester's raw gbids
The Three Hundredth Spear (Unique_Spear_002)	2314563586	legendary	jester's raw gbids
Empyrean Messenger (Unique_Spear_003)	2314563587	legendary	jester's raw gbids
Scrimshaw (Unique_Spear_004)	2314563588	legendary	jester's raw gbids
Fire Immunity Potion (FireImmunityPotionPvP)	2315953041	legendary	jester's raw gbids
Tiklandian Visage (Unique_VoodooMask_001_104)	2333437340	legendary	jester's raw gbids
Tiklandian Visage (Unique_VoodooMask_001_1xx)	2333439784	legendary	jester's raw gbids
The Grin Reaper (Unique_VoodooMask_002_104)	2334623261	legendary	jester's raw gbids
The Grin Reaper (Unique_VoodooMask_002_1xx)	2334625705	legendary	jester's raw gbids
Quetzalcoatl (Unique_VoodooMask_005_104)	2338181024	legendary	jester's raw gbids
Quetzalcoatl (Unique_VoodooMask_005_1xx)	2338183468	legendary	jester's raw gbids
Split Tusk (Unique_VoodooMask_006_104)	2339366945	legendary	jester's raw gbids
Split Tusk (Unique_VoodooMask_006_1xx)	2339369389	legendary	jester's raw gbids
Zunimassa's Vision (Unique_VoodooMask_007_104)	2340552866	legendary	jester's raw gbids
Zunimassa's Vision (Unique_VoodooMask_007_1xx)	2340555310	legendary	jester's raw gbids
Visage of Giyua (Unique_VoodooMask_008_104)	2341738787	legendary	jester's raw gbids
Visage of Giyua (Unique_VoodooMask_008_1xx)	2341741231	legendary	jester's raw gbids
Cain's Habit (P66_Unique_Pants_010)	2358300839	legendary	jester's raw gbids
Golemskin Breeches (P6_Necro_Unique_Pants_21 (0))	2372108346	legendary	jester's raw gbids
Chaos Rod (ChaosRod)	2373716371	legendary	jester's raw gbids
Wood Ruk Charm (Charm_1A)	2377035772	legendary	jester's raw gbids
Wood Noc Charm (Charm_1B)	2377035773	legendary	jester's raw gbids
Wood Jho Charm (Charm_1C)	2377035774	legendary	jester's raw gbids
Wood Ber Charm (Charm_1D)	2377035775	legendary	jester's raw gbids
Wood Aza Charm (Charm_1E)	2377035776	legendary	jester's raw gbids
Wood Ura Charm (Charm_1F)	2377035777	legendary	jester's raw gbids
Wood Xen Charm (Charm_1G)	2377035778	legendary	jester's raw gbids
Stone Ruk Charm (Charm_2A)	2377035805	legendary	jester's raw gbids
Stone Noc Charm (Charm_2B)	2377035806	legendary	jester's raw gbids
Stone Jho Charm (Charm_2C)	2377035807	legendary	jester's raw gbids
Stone Ber Charm (Charm_2D)	2377035808	legendary	jester's raw gbids
Stone Aza Charm (Charm_2E)	2377035809	legendary	jester's raw gbids
Stone Ura Charm (Charm_2F)	2377035810	legendary	jester's raw gbids
Stone Xen Charm (Charm_2G)	2377035811	legendary	jester's raw gbids
Metal Ruk Charm (Charm_3A)	2377035838	legendary	jester's raw gbids
Metal Noc Charm (Charm_3B)	2377035839	legendary	jester's raw gbids
Metal Jho Charm (Charm_3C)	2377035840	legendary	jester's raw gbids
Metal Ber Charm (Charm_3D)	2377035841	legendary	jester's raw gbids
Metal Aza Charm (Charm_3E)	2377035842	legendary	jester's raw gbids
Metal Ura Charm (Charm_3F)	2377035843	legendary	jester's raw gbids
Metal Xen Charm (Charm_3G)	2377035844	legendary	jester's raw gbids
Flesh Ruk Charm (Charm_4A)	2377035871	legendary	jester's raw gbids
Flesh Noc Charm (Charm_4B)	2377035872	legendary	jester's raw gbids
Flesh Jho Charm (Charm_4C)	2377035873	legendary	jester's raw gbids
Flesh Ber Charm (Charm_4D)	2377035874	legendary	jester's raw gbids
Flesh Aza Charm (Charm_4E)	2377035875	legendary	jester's raw gbids
Flesh Ura Charm (Charm_4F)	2377035876	legendary	jester's raw gbids
Flesh Xen Charm (Charm_4G)	2377035877	legendary	jester's raw gbids
Bone Ruk Charm (Charm_5A)	2377035904	legendary	jester's raw gbids
Bone Noc Charm (Charm_5B)	2377035905	legendary	jester's raw gbids
Bone Jho Charm (Charm_5C)	2377035906	legendary	jester's raw gbids
Bone Ber Charm (Charm_5D)	2377035907	legendary	jester's raw gbids
Bone Aza Charm (Charm_5E)	2377035908	legendary	jester's raw gbids
Bone Ura Charm (Charm_5F)	2377035909	legendary	jester's raw gbids
Bone Xen Charm (Charm_5G)	2377035910	legendary	jester's raw gbids
Blood Ruk Charm (Charm_6A)	2377035937	legendary	jester's raw gbids
Blood Noc Charm (Charm_6B)	2377035938	legendary	jester's raw gbids
Blood Jho Charm (Charm_6C)	2377035939	legendary	jester's raw gbids
Blood Ber Charm (Charm_6D)	2377035940	legendary	jester's raw gbids
Blood Aza Charm (Charm_6E)	2377035941	legendary	jester's raw gbids
Blood Ura Charm (Charm_6F)	2377035942	legendary	jester's raw gbids
Blood Xen Charm (Charm_6G)	2377035943	legendary	jester's raw gbids
Plan: Magnificent Tomahawk (CraftingPlan_Smith_T07_Weapon_Axe_1H)	2385026581	legendary	jester's raw gbids
Grasps of Essence (P69_Necro_Unique_Gloves_22)	2385531389	legendary	jester's raw gbids
The Horadric Hamburger (Unique_Offhand_001_104)	2401685168	legendary	jester's raw gbids
The Horadric Hamburger (Unique_Offhand_001_1xx)	2401687612	legendary	jester's raw gbids
Rabid Strike (Unique_Fist_003_104)	2426929714	legendary	jester's raw gbids
Rabid Strike (Unique_Fist_003_1xx)	2426932158	legendary	jester's raw gbids
Logan's Claw (Unique_Fist_005_104)	2429301556	legendary	jester's raw gbids
Logan's Claw (Unique_Fist_005_1xx)	2429304000	legendary	jester's raw gbids
Won Khim Lau (Unique_Fist_006_104)	2430487477	legendary	jester's raw gbids
Won Khim Lau (Unique_Fist_006_1xx)	2430489921	legendary	jester's raw gbids
Fleshrake (Unique_Fist_007_104)	2431673398	legendary	jester's raw gbids
Fleshrake (Unique_Fist_007_1xx)	2431675842	legendary	jester's raw gbids
Plan: Magnificent Balor Pauldrons (CraftingPlan_Smith_T07_Armor_Shoulders)	2431905583	legendary	jester's raw gbids
Crystal Fist (Unique_Fist_008_104)	2432859319	legendary	jester's raw gbids
Crystal Fist (Unique_Fist_008_1xx)	2432861763	legendary	jester's raw gbids
The Fist of Az'Turrasq (Unique_Fist_009_104)	2434045240	legendary	jester's raw gbids
The Fist of Az'Turrasq (Unique_Fist_009_1xx)	2434047684	legendary	jester's raw gbids
Blacksmithing Unlocked (Crafting_BlacksmithUnlocked)	2435185444	legendary	jester's raw gbids
Broken Crown (Unique_Helm_001_104)	2437326848	legendary	jester's raw gbids
Broken Crown (Unique_Helm_001_1xx)	2437329292	legendary	jester's raw gbids
Leoric's Crown (Unique_Helm_002_104)	2438512769	legendary	jester's raw gbids
Leoric's Crown (Unique_Helm_002_1xx)	2438515213	legendary	jester's raw gbids
Andariel's Visage (Unique_Helm_003_104)	2439698690	legendary	jester's raw gbids
Andariel's Visage (Unique_Helm_003_1xx)	2439701134	legendary	jester's raw gbids
Plan: Journeyman Journey Mask (CraftingPlan_Smith_T02_Armor_WizardHat)	2439785311	legendary	jester's raw gbids
Mempo of Twilight (Unique_Helm_006_104)	2443256453	legendary	jester's raw gbids
Mempo of Twilight (Unique_Helm_006_1xx)	2443258897	legendary	jester's raw gbids
Blind Faith (Unique_Helm_007_104)	2444442374	legendary	jester's raw gbids
Blind Faith (Unique_Helm_007_1xx)	2444444818	legendary	jester's raw gbids
Immortal King's Triumph (Unique_Helm_008_104)	2445628295	legendary	jester's raw gbids
Immortal King's Triumph (Unique_Helm_008_1xx)	2445630739	legendary	jester's raw gbids
Natalya's Sight (Unique_Helm_009_104)	2446814216	legendary	jester's raw gbids
Natalya's Sight (Unique_Helm_009_1xx)	2446816660	legendary	jester's raw gbids
Cape of the Dark Night (Unique_Cloak_001)	2456731760	legendary	jester's raw gbids
Beckon Sail (Unique_Cloak_005)	2456731764	legendary	jester's raw gbids
Minor Crimson Runestone (SpellRune_Striking_01)	2457573220	legendary	jester's raw gbids
Fletcher's Pride (P42_Unique_Quiver_006_x1)	2460102372	legendary	jester's raw gbids
Electromagnetic Belt (P42_Wizard_LightningSpells)	2460866396	legendary	jester's raw gbids
Shenlong's Relentless Assault (Unique_Fist_010_104)	2462507344	legendary	jester's raw gbids
Shenlong's Relentless Assault (Unique_Fist_010_1xx)	2462509788	legendary	jester's raw gbids
Shenlong's Fist of Legend (Unique_Fist_011_104)	2463693265	legendary	jester's raw gbids
Shenlong's Fist of Legend (Unique_Fist_011_1xx)	2463695709	legendary	jester's raw gbids
Plan: Adept Gauntlets (CraftingPlan_Smith_T03_Armor_Gloves)	2463718370	legendary	jester's raw gbids
Sledge Fist (Unique_Fist_012_104)	2464879186	legendary	jester's raw gbids
Sledge Fist (Unique_Fist_012_1xx)	2464881630	legendary	jester's raw gbids
Minor Golden Runestone (SpellRune_Efficiency_01)	2465891918	legendary	jester's raw gbids
Scarbringer (Unique_Fist_013_104)	2466065107	legendary	jester's raw gbids
Scarbringer (Unique_Fist_013_1xx)	2466067551	legendary	jester's raw gbids
Tal Rasha's Guise of Wisdom (Unique_Helm_010_104)	2475276320	legendary	jester's raw gbids
Tal Rasha's Guise of Wisdom (Unique_Helm_010_1xx)	2475278764	legendary	jester's raw gbids
The Horadric Hamburger (Unique_Offhand_001)	2477019612	legendary	jester's raw gbids
Plan: Master War Cudgel (CraftingPlan_Smith_T04_Weapon_Mace_1H)	2492528618	legendary	jester's raw gbids
Enchantment (Enchantment)	2496996341	legendary	jester's raw gbids
Heroic Bastard Sword (Sword_1H_Pvp_003)	2509479662	legendary	jester's raw gbids
Faithful Memory (P61_Unique_Sword_2H_012_x1)	2509909998	legendary	jester's raw gbids
Minor Obsidian Runestone (SpellRune_Power_01)	2541282822	legendary	jester's raw gbids
Minor Elixir of Precision (ElixirOfPrecision_01)	2543511310	legendary	jester's raw gbids
Light Elixir of Precision (ElixirOfPrecision_02)	2543511311	legendary	jester's raw gbids
Elixir of Precision (ElixirOfPrecision_03)	2543511312	legendary	jester's raw gbids
Greater Elixir of Precision (ElixirOfPrecision_04)	2543511313	legendary	jester's raw gbids
Super Elixir of Precision (ElixirOfPrecision_05)	2543511314	legendary	jester's raw gbids
Eye of Delphi (UniqueRing1_PvP)	2551180813	legendary	jester's raw gbids
Stone of Not Jordan (UniqueRing2_PvP)	2552366734	legendary	jester's raw gbids
Winterstone Report (WinterstoneScroll)	2577856017	legendary	jester's raw gbids
Horadric Cache (HoradricCache)	2585787776	legendary	jester's raw gbids
Minor Alabaster Runestone (SpellRune_Critical_01)	2587058116	legendary	jester's raw gbids
Minor Elixir of Attack (ElixirOfAttack_01)	2590705434	legendary	jester's raw gbids
Light Elixir of Attack (ElixirOfAttack_02)	2590705435	legendary	jester's raw gbids
Elixir of Attack (ElixirOfAttack_03)	2590705436	legendary	jester's raw gbids
Greater Elixir of Attack (ElixirOfAttack_04)	2590705437	legendary	jester's raw gbids
Super Elixir of Attack (ElixirOfAttack_05)	2590705438	legendary	jester's raw gbids
Saffron Wrap (Unique_Belt_001_104)	2600046273	legendary	jester's raw gbids
Saffron Wrap (Unique_Belt_001_1xx)	2600048717	legendary	jester's raw gbids
Vigilante Belt (Unique_Belt_002_104)	2601232194	legendary	jester's raw gbids
Vigilante Belt (Unique_Belt_002_1xx)	2601234638	legendary	jester's raw gbids
Angel Hair Braid (Unique_Belt_003_104)	2602418115	legendary	jester's raw gbids
Angel Hair Braid (Unique_Belt_003_1xx)	2602420559	legendary	jester's raw gbids
Hellcat Waistguard (Unique_Belt_005_104)	2604789957	legendary	jester's raw gbids
Hellcat Waistguard (Unique_Belt_005_1xx)	2604792401	legendary	jester's raw gbids
Tal Rasha's Brace (Unique_Belt_006_104)	2605975878	legendary	jester's raw gbids
Tal Rasha's Brace (Unique_Belt_006_1xx)	2605978322	legendary	jester's raw gbids
Inna's Favor (Unique_Belt_007_104)	2607161799	legendary	jester's raw gbids
Inna's Favor (Unique_Belt_007_1xx)	2607164243	legendary	jester's raw gbids
String of Ears (Unique_Belt_008_104)	2608347720	legendary	jester's raw gbids
String of Ears (Unique_Belt_008_1xx)	2608350164	legendary	jester's raw gbids
The Witching Hour (Unique_Belt_009_104)	2609533641	legendary	jester's raw gbids
The Witching Hour (Unique_Belt_009_1xx)	2609536085	legendary	jester's raw gbids
Plan: Magnificent Savior (CraftingPlan_Smith_T07_Armor_Shield)	2609657391	legendary	jester's raw gbids
Leather Shoulders (Shoulders_Pvp_001)	2624269150	legendary	jester's raw gbids
Mighty Shoulders (Shoulders_Pvp_002)	2624269151	legendary	jester's raw gbids
Heroic Plate Shoulders (Shoulders_Pvp_003)	2624269152	legendary	jester's raw gbids
Gazing Demise (Unique_Mojo_003_104)	2628681777	legendary	jester's raw gbids
Gazing Demise (Unique_Mojo_003_1xx)	2628684221	legendary	jester's raw gbids
Homunculus (Unique_Mojo_004_104)	2629867698	legendary	jester's raw gbids
Homunculus (Unique_Mojo_004_1xx)	2629870142	legendary	jester's raw gbids
Corrupted Worldstone Shard (ChaosShardCorrupted)	2630094168	legendary	jester's raw gbids
Uhkapian Serpent (Unique_Mojo_008_104)	2634611382	legendary	jester's raw gbids
Uhkapian Serpent (Unique_Mojo_008_1xx)	2634613826	legendary	jester's raw gbids
Thing of the Deep (Unique_Mojo_009_104)	2635797303	legendary	jester's raw gbids
Thing of the Deep (Unique_Mojo_009_1xx)	2635799747	legendary	jester's raw gbids
Goldwrap (Unique_Belt_010_104)	2637995745	legendary	jester's raw gbids
Goldwrap (Unique_Belt_010_1xx)	2637998189	legendary	jester's raw gbids
Blackthorne's Notched Belt (Unique_Belt_015_104)	2643925350	legendary	jester's raw gbids
Blackthorne's Notched Belt (Unique_Belt_015_1xx)	2643927794	legendary	jester's raw gbids
Adria's Journal, Part 2 (x1_Bog_Lore_AdriaForeshadowing_A)	2647661313	legendary	jester's raw gbids
Adria's Journal, Part 5 (x1_Bog_Lore_AdriaForeshadowing_B)	2647661314	legendary	jester's raw gbids
Plague Satchel (x1_Lore_PlagueTunnels)	2649497920	legendary	jester's raw gbids
Manajuma's Gory Fetch (Unique_Mojo_010_104)	2664259407	legendary	jester's raw gbids
Manajuma's Gory Fetch (Unique_Mojo_010_1xx)	2664261851	legendary	jester's raw gbids
Zunimassa's String of Skulls (Unique_Mojo_011_104)	2665445328	legendary	jester's raw gbids
Zunimassa's String of Skulls (Unique_Mojo_011_1xx)	2665447772	legendary	jester's raw gbids
Sword Of Justice (SwordOfJustice_Complete)	2683197139	legendary	jester's raw gbids
Prime Rod (PrimeRod)	2702679874	legendary	jester's raw gbids
Tectonic Breaker (P42_Barb_Earthquake_2H)	2724618543	legendary	jester's raw gbids
Unattuned Runestone Rank 1 (Runestone_Unattuned_01)	2739216378	legendary	jester's raw gbids
Unattuned Runestone Rank 2 (Runestone_Unattuned_02)	2739216379	legendary	jester's raw gbids
Unattuned Runestone Rank 3 (Runestone_Unattuned_03)	2739216380	legendary	jester's raw gbids
Unattuned Runestone Rank 4 (Runestone_Unattuned_04)	2739216381	legendary	jester's raw gbids
Unattuned Runestone Rank 5 (Runestone_Unattuned_05)	2739216382	legendary	jester's raw gbids
Unattuned Runestone Rank 6 (Runestone_Unattuned_06)	2739216383	legendary	jester's raw gbids
Unattuned Runestone Rank 7 (Runestone_Unattuned_07)	2739216384	legendary	jester's raw gbids
Plan: Illustrious Elder Staff (CraftingPlan_Smith_T06_Weapon_Staff)	2743622162	legendary	jester's raw gbids
Small Restoration Potion (RestorationPotionSmallPvP)	2767821282	legendary	jester's raw gbids
Vigilante Belt (p1_Unique_Belt_002)	2780557454	legendary	jester's raw gbids
Hellion Scale (Unique_Mighty_1H_101_x1)	2821552601	legendary	jester's raw gbids
Demon Machine (Unique_XBow_001_104)	2841803706	legendary	jester's raw gbids
Demon Machine (Unique_XBow_001_1xx)	2841806150	legendary	jester's raw gbids
Plan: Master Plated Helm (CraftingPlan_Smith_T04_Armor_Helm)	2842851193	legendary	jester's raw gbids
Hellrack (Unique_XBow_002_104)	2842989627	legendary	jester's raw gbids
Hellrack (Unique_XBow_002_1xx)	2842992071	legendary	jester's raw gbids
Manticore (Unique_XBow_003_104)	2844175548	legendary	jester's raw gbids
Manticore (Unique_XBow_003_1xx)	2844177992	legendary	jester's raw gbids
Plan: Master Skiver (CraftingPlan_Smith_T04_Weapon_Dagger)	2847071398	legendary	jester's raw gbids
Bakkan Caster (Unique_XBow_006_104)	2847733311	legendary	jester's raw gbids
Bakkan Caster (Unique_XBow_006_1xx)	2847735755	legendary	jester's raw gbids
Giyua's Heel (Set_001_Boots)	2851868418	legendary	jester's raw gbids
Havoc Scepter (HavocScepter)	2852316647	legendary	jester's raw gbids
Giyua's Cadaver Skins (Set_001_Pants)	2867967105	legendary	jester's raw gbids
The Black Mushroom (BlackMushroom)	2877822967	legendary	jester's raw gbids
Buriza-Do Kyanon (Unique_XBow_011_104)	2880939099	legendary	jester's raw gbids
Buriza-Do Kyanon (Unique_XBow_011_1xx)	2880941543	legendary	jester's raw gbids
Pus Spitter (Unique_XBow_012_104)	2882125020	legendary	jester's raw gbids
Pus Spitter (Unique_XBow_012_1xx)	2882127464	legendary	jester's raw gbids
Unknown Boots (Gambling_Boots)	2889066311	legendary	jester's raw gbids
Umbral Gouge (ThrowingAxe_201)	2898561186	legendary	jester's raw gbids
Shade Wedge (ThrowingAxe_202)	2898561187	legendary	jester's raw gbids
Banshee Facet (ThrowingAxe_203)	2898561188	legendary	jester's raw gbids
Revenant Shim (ThrowingAxe_204)	2898561189	legendary	jester's raw gbids
Phantasm Flange (ThrowingAxe_205)	2898561190	legendary	jester's raw gbids
Wraith Flange (ThrowingAxe_206)	2898561191	legendary	jester's raw gbids
Minor Elixir of Superiority (ElixirOfSuperiority_01)	2901706353	legendary	jester's raw gbids
Light Elixir of Superiority (ElixirOfSuperiority_02)	2901706354	legendary	jester's raw gbids
Elixir of Superiority (ElixirOfSuperiority_03)	2901706355	legendary	jester's raw gbids
Greater Elixir of Superiority (ElixirOfSuperiority_04)	2901706356	legendary	jester's raw gbids
Super Elixir of Superiority (ElixirOfSuperiority_05)	2901706357	legendary	jester's raw gbids
Rathma's Ossified Sabatons (P6_Necro_Set_1_Boots (0))	2917074654	legendary	jester's raw gbids
Carnevil (P65_Unique_VoodooMask_101_x1)	2940147595	legendary	jester's raw gbids
The Bane of Leon (ChestArmor_Unique_001)	2970792510	legendary	jester's raw gbids
Ruinstoke (ChestArmor_Unique_002)	2970792511	legendary	jester's raw gbids
Minor Elixir of Heroism (ElixirOfAssault_01)	2972247103	legendary	jester's raw gbids
Elixir of Heroism (ElixirOfAssault_02)	2972247104	legendary	jester's raw gbids
Major Elixir of Heroism (ElixirOfAssault_03)	2972247105	legendary	jester's raw gbids
Superior Elixir of Heroism (ElixirOfAssault_04)	2972247106	legendary	jester's raw gbids
Exceptional Elixir of Heroism (ElixirOfAssault_05)	2972247107	legendary	jester's raw gbids
Season Test Item One (Season_Test_Item)	2980786646	legendary	jester's raw gbids
Dread Iron (Unique_BarbBelt_001)	2991336516	legendary	jester's raw gbids
Pride of Cassius (Unique_BarbBelt_002)	2991336517	legendary	jester's raw gbids
Girdle of Giants (Unique_BarbBelt_004)	2991336519	legendary	jester's raw gbids
Lamentation (Unique_BarbBelt_005)	2991336520	legendary	jester's raw gbids
The Undisputed Champion (Unique_BarbBelt_006)	2991336521	legendary	jester's raw gbids
Kotuur's Brace (Unique_BarbBelt_007)	2991336522	legendary	jester's raw gbids
Ageless Might (Unique_BarbBelt_008)	2991336523	legendary	jester's raw gbids
Wall of Bone (T04_Legendary_Armor_Shield)	2994719786	legendary	jester's raw gbids
Plan: Journeyman Shoulder Guards (CraftingPlan_Smith_T02_Armor_Shoulders)	2998043946	legendary	jester's raw gbids
Page of Knowledge (PageOfKnowledge1)	3005675459	legendary	jester's raw gbids
Page of Greater Knowledge (PageOfKnowledge2)	3005675460	legendary	jester's raw gbids
Page of Mystic Knowledge (PageOfKnowledge3)	3005675461	legendary	jester's raw gbids
Antidote Potion (AntidotePotionPvP)	3008474023	legendary	jester's raw gbids
ITEMS string: Name the item. (Vial of Resurrection) (VialOfResurrection)	3015282566	legendary	jester's raw gbids
Cape of the Dark Night (Unique_Cloak_001_104)	3018745668	legendary	jester's raw gbids
Cape of the Dark Night (Unique_Cloak_001_1xx)	3018748112	legendary	jester's raw gbids
Rune of Minor Life Steal (SpellRune_LifeStealing_01)	3022800304	legendary	jester's raw gbids
The Broken Staff (Unique_Staff_001_104)	3022954862	legendary	jester's raw gbids
The Broken Staff (Unique_Staff_001_1xx)	3022957306	legendary	jester's raw gbids
Beckon Sail (Unique_Cloak_005_104)	3023489352	legendary	jester's raw gbids
Beckon Sail (Unique_Cloak_005_1xx)	3023491796	legendary	jester's raw gbids
The Magi (Unique_Staff_002_104)	3024140783	legendary	jester's raw gbids
The Magi (Unique_Staff_002_1xx)	3024143227	legendary	jester's raw gbids
Natalya's Embrace (Unique_Cloak_006_104)	3024675273	legendary	jester's raw gbids
Natalya's Embrace (Unique_Cloak_006_1xx)	3024677717	legendary	jester's raw gbids
Wormwood (Unique_Staff_003_104)	3025326704	legendary	jester's raw gbids
Wormwood (Unique_Staff_003_1xx)	3025329148	legendary	jester's raw gbids
Scroll of Identify (ScrollIdentify)	3028461003	legendary	jester's raw gbids
Maloth's Focus (Unique_Staff_006_104)	3028884467	legendary	jester's raw gbids
Maloth's Focus (Unique_Staff_006_1xx)	3028886911	legendary	jester's raw gbids
The Tormentor (Unique_Staff_007_104)	3030070388	legendary	jester's raw gbids
The Tormentor (Unique_Staff_007_1xx)	3030072832	legendary	jester's raw gbids
Autumn's Call (Unique_Staff_008_104)	3031256309	legendary	jester's raw gbids
Autumn's Call (Unique_Staff_008_1xx)	3031258753	legendary	jester's raw gbids
The Grand Vizier (Unique_Staff_009_104)	3032442230	legendary	jester's raw gbids
The Grand Vizier (Unique_Staff_009_1xx)	3032444674	legendary	jester's raw gbids
Page of Reversal (PageOfRespec)	3045244980	legendary	jester's raw gbids
Priest Scepter (PriestScepter)	3046875629	legendary	jester's raw gbids
Anessazi Edge (Unique_CeremonialDagger_001_104)	3051967875	legendary	jester's raw gbids
Anessazi Edge (Unique_CeremonialDagger_001_1xx)	3051970319	legendary	jester's raw gbids
The Gidbinn (Unique_CeremonialDagger_002_104)	3053153796	legendary	jester's raw gbids
The Gidbinn (Unique_CeremonialDagger_002_1xx)	3053156240	legendary	jester's raw gbids
Umbral Oath (Unique_CeremonialDagger_006_104)	3057897480	legendary	jester's raw gbids
Umbral Oath (Unique_CeremonialDagger_006_1xx)	3057899924	legendary	jester's raw gbids
Last Breath (Unique_CeremonialDagger_008_104)	3060269322	legendary	jester's raw gbids
Last Breath (Unique_CeremonialDagger_008_1xx)	3060271766	legendary	jester's raw gbids
Manajuma's Carving Knife (Unique_CeremonialDagger_009_104)	3061455243	legendary	jester's raw gbids
Manajuma's Carving Knife (Unique_CeremonialDagger_009_1xx)	3061457687	legendary	jester's raw gbids
Shukrani's Triumph (P72_Unique_Mojo_102)	3100291925	legendary	jester's raw gbids
Plan: Magnificent Skull Crusher (CraftingPlan_Smith_T07_Weapon_Mace_1H)	3106957709	legendary	jester's raw gbids
Vigilance (Unique_Polearm_001_104)	3113918858	legendary	jester's raw gbids
Vigilance (Unique_Polearm_001_1xx)	3113921302	legendary	jester's raw gbids
Pledge of Caldeum (Unique_Polearm_002_104)	3115104779	legendary	jester's raw gbids
Pledge of Caldeum (Unique_Polearm_002_1xx)	3115107223	legendary	jester's raw gbids
Heart Slaughter (Unique_Polearm_003_104)	3116290700	legendary	jester's raw gbids
Heart Slaughter (Unique_Polearm_003_1xx)	3116293144	legendary	jester's raw gbids
Standoff (Unique_Polearm_004_104)	3117476621	legendary	jester's raw gbids
Standoff (Unique_Polearm_004_1xx)	3117479065	legendary	jester's raw gbids
Design: Star Amethyst (CraftingPlan_Jeweler_GemCombine_Amethyst_10_11)	3123281546	legendary	jester's raw gbids
Your Level (DefaultPortrait_Description)	3126703069	legendary	jester's raw gbids
Large Restoration Potion (RestorationPotionLargePvP)	3132837940	legendary	jester's raw gbids
The Flavor of Time (Unique_Amulet_001_104)	3151593794	legendary	jester's raw gbids
The Flavor of Time (Unique_Amulet_001_1xx)	3151596238	legendary	jester's raw gbids
Kymbo's Gold (Unique_Amulet_002_104)	3152779715	legendary	jester's raw gbids
Kymbo's Gold (Unique_Amulet_002_1xx)	3152782159	legendary	jester's raw gbids
Moonlight Ward (Unique_Amulet_003_104)	3153965636	legendary	jester's raw gbids
Moonlight Ward (Unique_Amulet_003_1xx)	3153968080	legendary	jester's raw gbids
Xephirian Amulet (Unique_Amulet_004_104)	3155151557	legendary	jester's raw gbids
Xephirian Amulet (Unique_Amulet_004_1xx)	3155154001	legendary	jester's raw gbids
Ouroboros (Unique_Amulet_005_104)	3156337478	legendary	jester's raw gbids
Ouroboros (Unique_Amulet_005_1xx)	3156339922	legendary	jester's raw gbids
The Star of Azkaranth (Unique_Amulet_006_104)	3157523399	legendary	jester's raw gbids
The Star of Azkaranth (Unique_Amulet_006_1xx)	3157525843	legendary	jester's raw gbids
Tal Rasha's Allegiance (Unique_Amulet_007_104)	3158709320	legendary	jester's raw gbids
Tal Rasha's Allegiance (Unique_Amulet_007_1xx)	3158711764	legendary	jester's raw gbids
The Traveler's Pledge (Unique_Amulet_008_104)	3159895241	legendary	jester's raw gbids
The Traveler's Pledge (Unique_Amulet_008_1xx)	3159897685	legendary	jester's raw gbids
Rondal's Locket (Unique_Amulet_009_104)	3161081162	legendary	jester's raw gbids
Rondal's Locket (Unique_Amulet_009_1xx)	3161083606	legendary	jester's raw gbids
Elite Scepter (EliteScepter)	3163363241	legendary	jester's raw gbids
Field Scepter (FieldScepter)	3172643802	legendary	jester's raw gbids
Hooked Scepter (HookedScepter)	3175704560	legendary	jester's raw gbids
Scroll of Hearth Portal (ScrollHearthPortal)	3183234237	legendary	jester's raw gbids
Squirt's Necklace (Unique_Amulet_010_104)	3189543266	legendary	jester's raw gbids
Squirt's Necklace (Unique_Amulet_010_1xx)	3189545710	legendary	jester's raw gbids
The Murlocket (Unique_Amulet_011_104)	3190729187	legendary	jester's raw gbids
The Murlocket (Unique_Amulet_011_1xx)	3190731631	legendary	jester's raw gbids
Talisman of Aranoch (Unique_Amulet_012_104)	3191915108	legendary	jester's raw gbids
Talisman of Aranoch (Unique_Amulet_012_1xx)	3191917552	legendary	jester's raw gbids
Holy Beacon (Unique_Amulet_013_104)	3193101029	legendary	jester's raw gbids
Holy Beacon (Unique_Amulet_013_1xx)	3193103473	legendary	jester's raw gbids
Eye of Etlich (Unique_Amulet_014_104)	3194286950	legendary	jester's raw gbids
Eye of Etlich (Unique_Amulet_014_1xx)	3194289394	legendary	jester's raw gbids
Mara's Kaleidoscope (Unique_Amulet_015_104)	3195472871	legendary	jester's raw gbids
Mara's Kaleidoscope (Unique_Amulet_015_1xx)	3195475315	legendary	jester's raw gbids
Blackthorne's Duncraig Cross (Unique_Amulet_016_104)	3196658792	legendary	jester's raw gbids
Blackthorne's Duncraig Cross (Unique_Amulet_016_1xx)	3196661236	legendary	jester's raw gbids
Plan: Apprentice Shiv (CraftingPlan_Smith_T01_Weapon_Dagger)	3218903907	legendary	jester's raw gbids
UNUSED (p43_AD_WirtsLeg04)	3228434991	legendary	jester's raw gbids
Plan: Grand Master Wristbands (CraftingPlan_Smith_T05_Armor_Bracers)	3232216502	legendary	jester's raw gbids
Falcon Strike (Unique_Fist_102_x1)	3236257702	legendary	jester's raw gbids
Adria's Journal, Part 3 (x1_Bog_Lore_AdriaBogRitual)	3239875034	legendary	jester's raw gbids
Marching Orders (X1_WoDFlag_DeliveryScroll-promo_01)	3279994904	legendary	jester's raw gbids
Heavy Axe (Axe_1H_004a)	3287001514	legendary	jester's raw gbids
Plan: Resplendent Underworld Mask (CraftingPlan_Smith_T08_Armor_VoodooMask)	3292224345	legendary	jester's raw gbids
Protection Potion (ProtectionPotion)	3306684832	legendary	jester's raw gbids
Plan: Resplendent Death Mace (CraftingPlan_Smith_T08_Weapon_Mace_1H)	3311767406	legendary	jester's raw gbids
Plan: Magnificent Cardinal (CraftingPlan_Smith_T07_Armor_Cloak)	3314019040	legendary	jester's raw gbids
Health Potion (HealthPotionPvP)	3334157765	legendary	jester's raw gbids
Plan: Grand Master Flayer (CraftingPlan_Smith_T05_Weapon_CeremonialKnife)	3340857097	legendary	jester's raw gbids
Head of Veknah (Unique_Mojo_101_x1)	3372485988	legendary	jester's raw gbids
Split Tusk (P66_Unique_VoodooMask_006)	3376606504	legendary	jester's raw gbids
Plan: Cains Honor (CraftingPlan_Smith_T04_Legendary_Set_CainsHonor)	3406323500	legendary	jester's raw gbids
Plan: Master Shuko (CraftingPlan_Smith_T04_Weapon_Fist)	3406328786	legendary	jester's raw gbids
Scroll of Protection (ProtectionScroll)	3409794518	legendary	jester's raw gbids
Chancellor's Helm (Chancellors_Helm)	3415286899	legendary	jester's raw gbids
Razorcoils (Bracers_106)	3419023512	legendary	jester's raw gbids
Francisca (ThrownWeapon_105)	3426037889	legendary	jester's raw gbids
Battle Francisca (ThrownWeapon_106)	3426037890	legendary	jester's raw gbids
Plan: Illustrious Seer Shard (CraftingPlan_Smith_T06_Armor_SpiritStone)	3436754489	legendary	jester's raw gbids
Cain's Letter to Leah (Lore_CainsLetter)	3451337295	legendary	jester's raw gbids
Rabid Strike (Unique_Fist_003)	3454276702	legendary	jester's raw gbids
Logan's Claw (Unique_Fist_005)	3454276704	legendary	jester's raw gbids
Won Khim Lau (Unique_Fist_006)	3454276705	legendary	jester's raw gbids
Fleshrake (Unique_Fist_007)	3454276706	legendary	jester's raw gbids
Crystal Fist (Unique_Fist_008)	3454276707	legendary	jester's raw gbids
The Fist of Az'Turrasq (Unique_Fist_009)	3454276708	legendary	jester's raw gbids
Sledge Fist (Unique_Fist_012)	3454276734	legendary	jester's raw gbids
Scarbringer (Unique_Fist_013)	3454276735	legendary	jester's raw gbids
Unknown Chest Armor (Gambling_Chestpiece)	3468978141	legendary	jester's raw gbids
Unknown Gem (Gambling_Gem)	3500946393	legendary	jester's raw gbids
Large Mana Potion (ManaPotionLarge)	3510963585	legendary	jester's raw gbids
Tome of Sets, Page 12 (SetDung_Wiz_Opus)	3515753945	legendary	jester's raw gbids
Small Mana Potion (ManaPotionSmall)	3519677935	legendary	jester's raw gbids
The Eye of the Beholder (Unique_Charm_001)	3548642833	legendary	jester's raw gbids
Hairy Eyeball (Unique_Charm_002)	3548642834	legendary	jester's raw gbids
Sabertooth (Unique_Charm_003)	3548642835	legendary	jester's raw gbids
Leaf of the World Tree (Unique_Charm_004)	3548642836	legendary	jester's raw gbids
Black Scarab of Lut Gholein (Unique_Charm_005)	3548642837	legendary	jester's raw gbids
Angel Feather (Unique_Charm_006)	3548642838	legendary	jester's raw gbids
Cruz Illuminatus (Unique_Charm_007)	3548642839	legendary	jester's raw gbids
Kraken Pearl (Unique_Charm_008)	3548642840	legendary	jester's raw gbids
Doctor's Price (Unique_Charm_009)	3548642841	legendary	jester's raw gbids
Caldeum Trade Warrant (Unique_Charm_010)	3548642865	legendary	jester's raw gbids
Grimthorne's Stone (Unique_Charm_011)	3548642866	legendary	jester's raw gbids
Marleaf (Unique_Charm_012)	3548642867	legendary	jester's raw gbids
Rakanishu's Skull (Unique_Charm_013)	3548642868	legendary	jester's raw gbids
Werma's Feather (Unique_Charm_014)	3548642869	legendary	jester's raw gbids
Void Spiral (Unique_Charm_015)	3548642870	legendary	jester's raw gbids
Scabbard (Belt_106)	3561137021	legendary	jester's raw gbids
Truss (Belt_107)	3561137022	legendary	jester's raw gbids
Cable (Belt_108)	3561137023	legendary	jester's raw gbids
Rakkisgard Scabbard (Belt_209)	3561138113	legendary	jester's raw gbids
Ascended Sash (Belt_210)	3561138137	legendary	jester's raw gbids
Band of Hollow Whispers (Unique_Ring_001)	3563390262	legendary	jester's raw gbids
Leoric's Signet (Unique_Ring_002)	3563390263	legendary	jester's raw gbids
Puzzle Ring (Unique_Ring_004)	3563390265	legendary	jester's raw gbids
Stolen Ring (Unique_Ring_005)	3563390266	legendary	jester's raw gbids
Broken Promises (Unique_Ring_006)	3563390267	legendary	jester's raw gbids
Eternal Union (Unique_Ring_007)	3563390268	legendary	jester's raw gbids
Justice Lantern (Unique_Ring_008)	3563390269	legendary	jester's raw gbids
Band of Untold Secrets (Unique_Ring_009)	3563390270	legendary	jester's raw gbids
Unity (Unique_Ring_010)	3563390294	legendary	jester's raw gbids
Oculus Ring (Unique_Ring_017)	3563390301	legendary	jester's raw gbids
Nagelring (Unique_Ring_018)	3563390302	legendary	jester's raw gbids
Stone of Jordan (Unique_Ring_019)	3563390303	legendary	jester's raw gbids
Bul-Kathos's Wedding Band (Unique_Ring_020)	3563390327	legendary	jester's raw gbids
Manald Heal (Unique_Ring_021)	3563390328	legendary	jester's raw gbids
Skull Grasp (Unique_Ring_022)	3563390329	legendary	jester's raw gbids
Obsidian Ring of the Zodiac (Unique_Ring_023)	3563390330	legendary	jester's raw gbids
Minor Elixir of Willpower (ElixirOfWillpower_01)	3565378247	legendary	jester's raw gbids
Light Elixir of Willpower (ElixirOfWillpower_02)	3565378248	legendary	jester's raw gbids
Elixir of Willpower (ElixirOfWillpower_03)	3565378249	legendary	jester's raw gbids
Greater Elixir of Willpower (ElixirOfWillpower_04)	3565378250	legendary	jester's raw gbids
Super Elixir of Willpower (ElixirOfWillpower_05)	3565378251	legendary	jester's raw gbids
Plan: Glorious Reaver (CraftingPlan_Smith_T09_Weapon_Axe_1H)	3568794007	legendary	jester's raw gbids
Caged Scavenger (CagedScavenger)	3611770546	legendary	jester's raw gbids
Plan: Master Plate Leggings (CraftingPlan_Smith_T04_Armor_Pants)	3629122297	legendary	jester's raw gbids
Saffron Wrap (Unique_Belt_001)	3634344301	legendary	jester's raw gbids
Vigilante Belt (Unique_Belt_002)	3634344302	legendary	jester's raw gbids
Angel Hair Braid (Unique_Belt_003)	3634344303	legendary	jester's raw gbids
Hellcat Waistguard (Unique_Belt_005)	3634344305	legendary	jester's raw gbids
String of Ears (Unique_Belt_008)	3634344308	legendary	jester's raw gbids
The Witching Hour (Unique_Belt_009)	3634344309	legendary	jester's raw gbids
Goldwrap (Unique_Belt_010)	3634344333	legendary	jester's raw gbids
Conqueror Root (CeremonialDagger_1H_303)	3659700982	legendary	jester's raw gbids
Gem of Magic Damage Reduction (Mutilation Guard)	3661342809	legendary	jester's raw gbids
Akkhan's Leniency (P65_flail2H_norm_unique_01)	3666388045	legendary	jester's raw gbids
Plan: Apprentice Warrior Belt (CraftingPlan_Smith_T01_Armor_ChampionsBelt)	3672450969	legendary	jester's raw gbids
Faithful Memory (P43_Unique_Sword_2H_012_x1)	3678173102	legendary	jester's raw gbids
Cruel Oath (DevilsHand_00_04)	3681350596	legendary	jester's raw gbids
Plan: Illustrious Mentor Cap (CraftingPlan_Smith_T06_Armor_WizardHat)	3704861539	legendary	jester's raw gbids
Plan: Apprentice Rope Fist (CraftingPlan_Smith_T01_Weapon_Fist)	3706410831	legendary	jester's raw gbids
Band of Hollow Whispers (Unique_Ring_001_104)	3714424586	legendary	jester's raw gbids
Band of Hollow Whispers (Unique_Ring_001_1xx)	3714427030	legendary	jester's raw gbids
Leoric's Signet (Unique_Ring_002_104)	3715610507	legendary	jester's raw gbids
Leoric's Signet (Unique_Ring_002_1xx)	3715612951	legendary	jester's raw gbids
Puzzle Ring (Unique_Ring_004_104)	3717982349	legendary	jester's raw gbids
Puzzle Ring (Unique_Ring_004_1xx)	3717984793	legendary	jester's raw gbids
Stolen Ring (Unique_Ring_005_104)	3719168270	legendary	jester's raw gbids
Stolen Ring (Unique_Ring_005_1xx)	3719170714	legendary	jester's raw gbids
Broken Promises (Unique_Ring_006_104)	3720354191	legendary	jester's raw gbids
Broken Promises (Unique_Ring_006_1xx)	3720356635	legendary	jester's raw gbids
Eternal Union (Unique_Ring_007_104)	3721540112	legendary	jester's raw gbids
Eternal Union (Unique_Ring_007_1xx)	3721542556	legendary	jester's raw gbids
Justice Lantern (Unique_Ring_008_104)	3722726033	legendary	jester's raw gbids
Justice Lantern (Unique_Ring_008_1xx)	3722728477	legendary	jester's raw gbids
Band of Untold Secrets (Unique_Ring_009_104)	3723911954	legendary	jester's raw gbids
Band of Untold Secrets (Unique_Ring_009_1xx)	3723914398	legendary	jester's raw gbids
Jewelcrafting Unlocked (Crafting_JewelerUnlocked)	3728744784	legendary	jester's raw gbids
Plan: Magnificent Windlass (CraftingPlan_Smith_T07_Weapon_Crossbow)	3729808177	legendary	jester's raw gbids
Giyua's Lash (Set_001_Belt)	3730623938	legendary	jester's raw gbids
Enhancing Unlocked (Crafting_MysticUnlocked)	3744664731	legendary	jester's raw gbids
Belt of Harmonious Balance (P42_Monk_LashingTailKick)	3746137723	legendary	jester's raw gbids
Unity (Unique_Ring_010_104)	3752374058	legendary	jester's raw gbids
Unity (Unique_Ring_010_1xx)	3752376502	legendary	jester's raw gbids
Natalya's Reflection (Unique_Ring_011_104)	3753559979	legendary	jester's raw gbids
Natalya's Reflection (Unique_Ring_011_1xx)	3753562423	legendary	jester's raw gbids
Zunimassa's Pox (Unique_Ring_012_104)	3754745900	legendary	jester's raw gbids
Zunimassa's Pox (Unique_Ring_012_1xx)	3754748344	legendary	jester's raw gbids
The Compass Rose (Unique_Ring_013_104)	3755931821	legendary	jester's raw gbids
The Compass Rose (Unique_Ring_013_1xx)	3755934265	legendary	jester's raw gbids
The Wailing Host (Unique_Ring_014_104)	3757117742	legendary	jester's raw gbids
The Wailing Host (Unique_Ring_014_1xx)	3757120186	legendary	jester's raw gbids
Litany of the Undaunted (Unique_Ring_015_104)	3758303663	legendary	jester's raw gbids
Litany of the Undaunted (Unique_Ring_015_1xx)	3758306107	legendary	jester's raw gbids
Oculus Ring (Unique_Ring_017_104)	3760675505	legendary	jester's raw gbids
Oculus Ring (Unique_Ring_017_1xx)	3760677949	legendary	jester's raw gbids
Nagelring (Unique_Ring_018_104)	3761861426	legendary	jester's raw gbids
Nagelring (Unique_Ring_018_1xx)	3761863870	legendary	jester's raw gbids
Stone of Jordan (Unique_Ring_019_104)	3763047347	legendary	jester's raw gbids
Stone of Jordan (Unique_Ring_019_1xx)	3763049791	legendary	jester's raw gbids
Scroll of Power (ScrollOfPower)	3767117585	legendary	jester's raw gbids
Bul-Kathos's Wedding Band (Unique_Ring_020_104)	3791509451	legendary	jester's raw gbids
Bul-Kathos's Wedding Band (Unique_Ring_020_1xx)	3791511895	legendary	jester's raw gbids
Manald Heal (Unique_Ring_021_104)	3792695372	legendary	jester's raw gbids
Manald Heal (Unique_Ring_021_1xx)	3792697816	legendary	jester's raw gbids
Skull Grasp (Unique_Ring_022_104)	3793881293	legendary	jester's raw gbids
Skull Grasp (Unique_Ring_022_1xx)	3793883737	legendary	jester's raw gbids
Bezoar Stone (Unique_SpiritStone_001_104)	3794195166	legendary	jester's raw gbids
Bezoar Stone (Unique_SpiritStone_001_1xx)	3794197610	legendary	jester's raw gbids
Obsidian Ring of the Zodiac (Unique_Ring_023_104)	3795067214	legendary	jester's raw gbids
Obsidian Ring of the Zodiac (Unique_Ring_023_1xx)	3795069658	legendary	jester's raw gbids
The Mind's Eye (Unique_SpiritStone_002_104)	3795381087	legendary	jester's raw gbids
The Mind's Eye (Unique_SpiritStone_002_1xx)	3795383531	legendary	jester's raw gbids
Hellfire Ring (Unique_Ring_024_104)	3796253135	legendary	jester's raw gbids
Gothic Scepter (GothicScepter)	3796509812	legendary	jester's raw gbids
Erlang Shen (Unique_SpiritStone_003_104)	3796567008	legendary	jester's raw gbids
Erlang Shen (Unique_SpiritStone_003_1xx)	3796569452	legendary	jester's raw gbids
Dark Mage's Shade (Unique_WizardHat_001_104)	3796751816	legendary	jester's raw gbids
Dark Mage's Shade (Unique_WizardHat_001_1xx)	3796754260	legendary	jester's raw gbids
Gyana Na Kashu (Unique_SpiritStone_004_104)	3797752929	legendary	jester's raw gbids
Gyana Na Kashu (Unique_SpiritStone_004_1xx)	3797755373	legendary	jester's raw gbids
See No Evil (Unique_SpiritStone_005_104)	3798938850	legendary	jester's raw gbids
See No Evil (Unique_SpiritStone_005_1xx)	3798941294	legendary	jester's raw gbids
The Swami (Unique_WizardHat_003_104)	3799123658	legendary	jester's raw gbids
The Swami (Unique_WizardHat_003_1xx)	3799126102	legendary	jester's raw gbids
The Eye of the Storm (Unique_SpiritStone_006_104)	3800124771	legendary	jester's raw gbids
The Eye of the Storm (Unique_SpiritStone_006_1xx)	3800127215	legendary	jester's raw gbids
Storm Crow (Unique_WizardHat_004_104)	3800309579	legendary	jester's raw gbids
Storm Crow (Unique_WizardHat_004_1xx)	3800312023	legendary	jester's raw gbids
Tzo Krin's Gaze (Unique_SpiritStone_007_104)	3801310692	legendary	jester's raw gbids
Tzo Krin's Gaze (Unique_SpiritStone_007_1xx)	3801313136	legendary	jester's raw gbids
Madstone (Unique_SpiritStone_008_104)	3802496613	legendary	jester's raw gbids
Madstone (Unique_SpiritStone_008_1xx)	3802499057	legendary	jester's raw gbids
Inna's Radiance (Unique_SpiritStone_009_104)	3803682534	legendary	jester's raw gbids
Inna's Radiance (Unique_SpiritStone_009_1xx)	3803684978	legendary	jester's raw gbids
Plan: Eye Poker (CraftingPlan_Smith_T04_Legendary_Weapon_Wand)	3807752768	legendary	jester's raw gbids
Fjord Cutter (P67_Unique_Mighty_1H_006)	3820003601	legendary	jester's raw gbids
Minor Elixir of Resilience (ElixirOfStone_01)	3827603627	legendary	jester's raw gbids
Elixir of Resilience (ElixirOfStone_02)	3827603628	legendary	jester's raw gbids
Major Elixir of Resilience (ElixirOfStone_03)	3827603629	legendary	jester's raw gbids
Superior Elixir of Resilience (ElixirOfStone_04)	3827603630	legendary	jester's raw gbids
Exceptional Elixir of Resilience (ElixirOfStone_05)	3827603631	legendary	jester's raw gbids
Plan: Master Taiji (CraftingPlan_Smith_T04_Weapon_CombatStaff)	3843101414	legendary	jester's raw gbids
Minor Elixir of Regeneration (ElixirOfRegeneration_01)	3855087557	legendary	jester's raw gbids
Light Elixir of Regeneration (ElixirOfRegeneration_02)	3855087558	legendary	jester's raw gbids
Elixir of Regeneration (ElixirOfRegeneration_03)	3855087559	legendary	jester's raw gbids
Greater Elixir of Regeneration (ElixirOfRegeneration_04)	3855087560	legendary	jester's raw gbids
Super Elixir of Regeneration (ElixirOfRegeneration_05)	3855087561	legendary	jester's raw gbids
Prayer Bead (Talisman_Charm_01)	3861865283	legendary	jester's raw gbids
Human Eye (Talisman_Charm_02)	3861865284	legendary	jester's raw gbids
Human Tooth (Talisman_Charm_03)	3861865285	legendary	jester's raw gbids
Reptile Eye (Talisman_Charm_04)	3861865286	legendary	jester's raw gbids
Bloody Talon (Talisman_Charm_05)	3861865287	legendary	jester's raw gbids
White Pearl (Talisman_Charm_06)	3861865288	legendary	jester's raw gbids
Rat Skull (Talisman_Charm_07)	3861865289	legendary	jester's raw gbids
Beetle (Talisman_Charm_08)	3861865290	legendary	jester's raw gbids
Wax Seal (Talisman_Charm_09)	3861865291	legendary	jester's raw gbids
Bloodleaf (Talisman_Charm_10)	3861865315	legendary	jester's raw gbids
Feather (Talisman_Charm_11)	3861865316	legendary	jester's raw gbids
Bronze Cross (Talisman_Charm_12)	3861865317	legendary	jester's raw gbids
Unknown Belt (Gambling_Belt)	3861901671	legendary	jester's raw gbids
Unknown Ring (Gambling_Ring)	3862481072	legendary	jester's raw gbids
Skull Scepter (SkullScepter)	3873936737	legendary	jester's raw gbids
Season Test Item Two (Season_Test_Item2)	3876678856	legendary	jester's raw gbids
Season Test Item Three (Season_Test_Item3)	3876678857	legendary	jester's raw gbids
Plan: Illustrious Naga Mask (CraftingPlan_Smith_T06_Armor_VoodooMask)	3893303063	legendary	jester's raw gbids
Boj Anglers (Unique_Boots_001_104)	3893740385	legendary	jester's raw gbids
Boj Anglers (Unique_Boots_001_1xx)	3893742829	legendary	jester's raw gbids
Fire Walkers (Unique_Boots_007_104)	3900855911	legendary	jester's raw gbids
Fire Walkers (Unique_Boots_007_1xx)	3900858355	legendary	jester's raw gbids
Ice Climbers (Unique_Boots_008_104)	3902041832	legendary	jester's raw gbids
Ice Climbers (Unique_Boots_008_1xx)	3902044276	legendary	jester's raw gbids
Lut Socks (Unique_Boots_009_104)	3903227753	legendary	jester's raw gbids
Lut Socks (Unique_Boots_009_1xx)	3903230197	legendary	jester's raw gbids
Plan: Apprentice Boots (CraftingPlan_Smith_T01_Armor_Boots)	3913105655	legendary	jester's raw gbids
Plan: Apprentice Hunters Cloak (CraftingPlan_Smith_T01_Armor_Cloak)	3914183130	legendary	jester's raw gbids
Plan: Master Tower Shield (CraftingPlan_Smith_T04_Armor_Shield)	3922430284	legendary	jester's raw gbids
The Crudest Boots (Unique_Boots_010_104)	3931689857	legendary	jester's raw gbids
The Crudest Boots (Unique_Boots_010_1xx)	3931692301	legendary	jester's raw gbids
Natalya's Bloody Footprints (Unique_Boots_011_104)	3932875778	legendary	jester's raw gbids
Natalya's Bloody Footprints (Unique_Boots_011_1xx)	3932878222	legendary	jester's raw gbids
Immortal King's Stride (Unique_Boots_012_104)	3934061699	legendary	jester's raw gbids
Immortal King's Stride (Unique_Boots_012_1xx)	3934064143	legendary	jester's raw gbids
Zunimassa's Trail (Unique_Boots_013_104)	3935247620	legendary	jester's raw gbids
Zunimassa's Trail (Unique_Boots_013_1xx)	3935250064	legendary	jester's raw gbids
Wyrm Rod (WyrmRod)	3940488244	legendary	jester's raw gbids
Plan: Illustrious Parashu (CraftingPlan_Smith_T06_Weapon_Axe_2H)	3940626549	legendary	jester's raw gbids
Sage's Journey (Unique_Boots_018_104)	3941177225	legendary	jester's raw gbids
Sage's Journey (Unique_Boots_018_1xx)	3941179669	legendary	jester's raw gbids
Blackthorne's Spurs (Unique_Boots_019_104)	3942363146	legendary	jester's raw gbids
Blackthorne's Spurs (Unique_Boots_019_1xx)	3942365590	legendary	jester's raw gbids
Flint Ripper Arrowheads (Unique_Quiver_001)	3953744258	legendary	jester's raw gbids
Sin Seekers (Unique_Quiver_002)	3953744259	legendary	jester's raw gbids
Holy Point Shot (Unique_Quiver_004)	3953744261	legendary	jester's raw gbids
Silver Star Piercers (Unique_Quiver_005)	3953744262	legendary	jester's raw gbids
Fletcher's Pride (Unique_Quiver_006)	3953744263	legendary	jester's raw gbids
Dead Man's Legacy (Unique_Quiver_007)	3953744264	legendary	jester's raw gbids
Flint Ripper Arrowheads (Unique_Quiver_001_104)	3960682838	legendary	jester's raw gbids
Flint Ripper Arrowheads (Unique_Quiver_001_1xx)	3960685282	legendary	jester's raw gbids
Sin Seekers (Unique_Quiver_002_104)	3961868759	legendary	jester's raw gbids
Sin Seekers (Unique_Quiver_002_1xx)	3961871203	legendary	jester's raw gbids
Tomb Rod (TombRod)	3963372791	legendary	jester's raw gbids
Holy Point Shot (Unique_Quiver_004_104)	3964240601	legendary	jester's raw gbids
Holy Point Shot (Unique_Quiver_004_1xx)	3964243045	legendary	jester's raw gbids
Silver Star Piercers (Unique_Quiver_005_104)	3965426522	legendary	jester's raw gbids
Silver Star Piercers (Unique_Quiver_005_1xx)	3965428966	legendary	jester's raw gbids
Fletcher's Pride (Unique_Quiver_006_104)	3966612443	legendary	jester's raw gbids
Fletcher's Pride (Unique_Quiver_006_1xx)	3966614887	legendary	jester's raw gbids
Dead Man's Legacy (Unique_Quiver_007_104)	3967798364	legendary	jester's raw gbids
Dead Man's Legacy (Unique_Quiver_007_1xx)	3967800808	legendary	jester's raw gbids
Balance (Unique_CombatStaff_2H_002)	3968109482	legendary	jester's raw gbids
Incense Torch of the Grand Temple (Unique_CombatStaff_2H_003)	3968109483	legendary	jester's raw gbids
The Clouds and the Moon (Unique_CombatStaff_2H_005)	3968109485	legendary	jester's raw gbids
The Paddle (Unique_CombatStaff_2H_007)	3968109487	legendary	jester's raw gbids
Flying Dragon (Unique_CombatStaff_2H_009)	3968109489	legendary	jester's raw gbids
Long Bow (Bow_003a)	3994809819	legendary	jester's raw gbids
Invisibility Potion (InvisibilityPotion)	4000974360	legendary	jester's raw gbids
Charm1 (Charm1)	4001353372	legendary	jester's raw gbids
Charm2 (Charm2)	4001353373	legendary	jester's raw gbids
Charm3 (Charm3)	4001353374	legendary	jester's raw gbids
Charm4 (Charm4)	4001353375	legendary	jester's raw gbids
Charm5 (Charm5)	4001353376	legendary	jester's raw gbids
Cleansed Worldstone Shard (ChaosShardCleansed)	4005759903	legendary	jester's raw gbids
Garic's Mail Gloves (GaricScaleMailGloves)	4007012865	legendary	jester's raw gbids
Glyph Of Experience (GlyphOfExperience)	4019998305	legendary	jester's raw gbids
Blade of the Ancients (BladeoftheAncients_PvP)	4035279256	legendary	jester's raw gbids
Death Watch Mantle (Unique_Shoulder_002_104)	4047656993	legendary	jester's raw gbids
Death Watch Mantle (Unique_Shoulder_002_1xx)	4047659437	legendary	jester's raw gbids
Vile Ward (Unique_Shoulder_003_104)	4048842914	legendary	jester's raw gbids
Vile Ward (Unique_Shoulder_003_1xx)	4048845358	legendary	jester's raw gbids
Pale Dye (Dye_02)	4060770467	legendary	jester's raw gbids
Rogue's Dye (Dye_07)	4060770472	legendary	jester's raw gbids
Flesh Tearer (Unique_Axe_1H_001)	4075920348	legendary	jester's raw gbids
Genzaniku (Unique_Axe_1H_003)	4075920350	legendary	jester's raw gbids
Sky Splitter (Unique_Axe_1H_005)	4075920352	legendary	jester's raw gbids
The Butcher's Sickle (Unique_Axe_1H_006)	4075920353	legendary	jester's raw gbids
The Burning Axe of Sankis (Unique_Axe_1H_007)	4075920354	legendary	jester's raw gbids
Art of War Precision (Unique_Amulet_PvP_4v4_30_Prec)	4091422683	legendary	jester's raw gbids
Art of War Willpower (Unique_Amulet_PvP_4v4_30_Will)	4091664681	legendary	jester's raw gbids
Butcher's Carver (Unique_Axe_2H_001)	4115055741	legendary	jester's raw gbids
The Executioner (Unique_Axe_2H_003)	4115055743	legendary	jester's raw gbids
Skorn (Unique_Axe_2H_009)	4115055749	legendary	jester's raw gbids
Messerschmidt's Reaver (Unique_Axe_2H_011)	4115055774	legendary	jester's raw gbids
[TEMP] PvP Damage Powerup (PvP_DamagePowerUp)	4140589254	legendary	jester's raw gbids
Adria's Journal, Part 4 (x1_Bog_Lore_AdriaChokepoint)	4142471397	legendary	jester's raw gbids
The Undisputed Champion (P68_Unique_BarbBelt_006)	4151992550	legendary	jester's raw gbids
Rabid Strike (P71_Unique_Fist_003)	4154422933	legendary	jester's raw gbids
Small Backpack (Backpack_01)	4162635824	legendary	jester's raw gbids
Heavy Backpack (Backpack_02)	4162635825	legendary	jester's raw gbids
Sturdy Backpack (Backpack_03)	4162635826	legendary	jester's raw gbids
Adventurer's Backpack (Backpack_04)	4162635827	legendary	jester's raw gbids
Stronghide Gloves (Gloves_Crafted_001)	4166395768	legendary	jester's raw gbids
Imbued Rune Dust (Crafting_Rune_Dust_Rank_01)	4172754097	legendary	jester's raw gbids
Glinting Rune Dust (Crafting_Rune_Dust_Rank_02)	4172754098	legendary	jester's raw gbids
Purified Rune Dust (Crafting_Rune_Dust_Rank_03)	4172754099	legendary	jester's raw gbids
Haunting Rune Dust (Crafting_Rune_Dust_Rank_04)	4172754100	legendary	jester's raw gbids
Dreaded Rune Dust (Crafting_Rune_Dust_Rank_05)	4172754101	legendary	jester's raw gbids
Forceful Rune Dust (Crafting_Rune_Dust_Rank_06)	4172754102	legendary	jester's raw gbids
Transcendent Rune Dust (Crafting_Rune_Dust_Rank_07)	4172754103	legendary	jester's raw gbids
The Dagger of Darts (P65_CeremonialDagger_norm_unique_02)	4184749013	legendary	jester's raw gbids
Horadric Mantle (Shoulders_ps3_promo_b)	4194979035	legendary	jester's raw gbids
Ivory Tower (Unique_Shield_002)	4230314816	legendary	jester's raw gbids
Centurion (Unique_Shield_004)	4230314818	legendary	jester's raw gbids
Denial (Unique_Shield_007)	4230314821	legendary	jester's raw gbids
Lidless Wall (Unique_Shield_008)	4230314822	legendary	jester's raw gbids
Stormshield (Unique_Shield_009)	4230314823	legendary	jester's raw gbids
Gazing Demise (Unique_Mojo_003)	4231359197	legendary	jester's raw gbids
Homunculus (Unique_Mojo_004)	4231359198	legendary	jester's raw gbids
Uhkapian Serpent (Unique_Mojo_008)	4231359202	legendary	jester's raw gbids
Thing of the Deep (Unique_Mojo_009)	4231359203	legendary	jester's raw gbids
Dagger (Dagger_004a)	4231935486	legendary	jester's raw gbids
Medium Mana Potion (ManaPotionMedium)	4236027383	legendary	jester's raw gbids
Bellows (TriuneBellows)	4261403471	legendary	jester's raw gbids
Demon Scepter (DemonScepter)	4263334121	legendary	jester's raw gbids
Khassett's Vengeance Wraps (P42_DemonHunter_SpikeTrap_Bracer)	4268881790	legendary	jester's raw gbids
Plan: Apprentice Wanderer Hat (CraftingPlan_Smith_T01_Armor_WizardHat)	4270999902	legendary	jester's raw gbids
Light Club (LightClub)	4281478814	legendary	jester's raw gbids
Rod (Rod)	127909	legendary	jester's raw gbids
Girdle of Giants (P42_Unique_BarbBelt_EQ)	22283902	legendary	jester's raw gbids
Rejuvenation Potion (RejuvenationPotion)	25536371	legendary	jester's raw gbids
x1_Cloak_207 (Cloak_207)	40857602	legendary	jester's raw gbids
Plan: Resplendent Sinister Mask (CraftingPlan_Smith_T08_Armor_WizardHat)	42432357	legendary	jester's raw gbids
Plan: Glorious Exquisite Knife (CraftingPlan_Smith_T09_Weapon_CeremonialKnife)	46615181	legendary	jester's raw gbids
Telranden's Hand (Gloves_Unique_001)	48771286	legendary	jester's raw gbids
WARNING: Socketing an item will bind it to your account.  Continue? (SocketSoulBindWarning)	75700607	legendary	jester's raw gbids
Chipped Sapphire (Sapphire_01)	113457980	legendary	jester's raw gbids
Flawed Sapphire (Sapphire_02)	113457981	legendary	jester's raw gbids
Sapphire (Sapphire_03)	113457982	legendary	jester's raw gbids
Flawless Sapphire (Sapphire_04)	113457983	legendary	jester's raw gbids
Radiant Sapphire (Sapphire_05)	113457984	legendary	jester's raw gbids
Square Sapphire (Sapphire_06)	113457985	legendary	jester's raw gbids
Flawless Square Sapphire (Sapphire_07)	113457986	legendary	jester's raw gbids
Radiant Square Sapphire (Sapphire_08)	113457987	legendary	jester's raw gbids
Round Sapphire (Sapphire_09)	113457988	legendary	jester's raw gbids
Flawless Round Sapphire (Sapphire_10)	113458012	legendary	jester's raw gbids
Radiant Round Sapphire (Sapphire_11)	113458013	legendary	jester's raw gbids
Star Sapphire (Sapphire_12)	113458014	legendary	jester's raw gbids
Flawless Star Sapphire (Sapphire_13)	113458015	legendary	jester's raw gbids
Radiant Star Sapphire (Sapphire_14)	113458016	legendary	jester's raw gbids
Adria's Journal, Part 1 (x1_Bog_Lore_AdriasNote)	122497978	legendary	jester's raw gbids
Essence of Strength (Crafting_Common_01)	127831830	legendary	jester's raw gbids
Essence of Dexterity (Crafting_Common_02)	127831831	legendary	jester's raw gbids
Essence of Intelligence (Crafting_Common_03)	127831832	legendary	jester's raw gbids
Essence of Vitality (Crafting_Common_04)	127831833	legendary	jester's raw gbids
Essence of Destruction (Crafting_Common_05)	127831834	legendary	jester's raw gbids
Essence of Protection (Crafting_Common_06)	127831835	legendary	jester's raw gbids
Essence of Valor (Crafting_Common_07)	127831836	legendary	jester's raw gbids
Medium Restoration Potion (RestorationPotionMediumPvP)	130278538	legendary	jester's raw gbids
Adria's Journal, Part 9 (x1_Bog_Lore_AdriaCave)	133273648	legendary	jester's raw gbids
Flesh Tearer (Unique_Axe_1H_001_104)	134813872	legendary	jester's raw gbids
Flesh Tearer (Unique_Axe_1H_001_1xx)	134816316	legendary	jester's raw gbids
Genzaniku (Unique_Axe_1H_003_104)	137185714	legendary	jester's raw gbids
Genzaniku (Unique_Axe_1H_003_1xx)	137188158	legendary	jester's raw gbids
El (Rune1)	139522795	legendary	jester's raw gbids
Eld (Rune2)	139522796	legendary	jester's raw gbids
Tir (Rune3)	139522797	legendary	jester's raw gbids
Nef (Rune4)	139522798	legendary	jester's raw gbids
Eth (Rune5)	139522799	legendary	jester's raw gbids
Ith (Rune6)	139522800	legendary	jester's raw gbids
Tal (Rune7)	139522801	legendary	jester's raw gbids
Ral (Rune8)	139522802	legendary	jester's raw gbids
Ort (Rune9)	139522803	legendary	jester's raw gbids
Sky Splitter (Unique_Axe_1H_005_104)	139557556	legendary	jester's raw gbids
Sky Splitter (Unique_Axe_1H_005_1xx)	139560000	legendary	jester's raw gbids
The Butcher's Sickle (Unique_Axe_1H_006_104)	140743477	legendary	jester's raw gbids
The Butcher's Sickle (Unique_Axe_1H_006_1xx)	140745921	legendary	jester's raw gbids
The Burning Axe of Sankis (Unique_Axe_1H_007_104)	141929398	legendary	jester's raw gbids
The Burning Axe of Sankis (Unique_Axe_1H_007_1xx)	141931842	legendary	jester's raw gbids
Scroll of Salvage (ScrollSalvage)	142861874	legendary	jester's raw gbids
Plan: Resplendent Wicker Man (CraftingPlan_Smith_T08_Weapon_Mojo)	143165653	legendary	jester's raw gbids
Plan: Journeyman Thought Mirror (CraftingPlan_Smith_T02_Armor_SpiritStone)	158276917	legendary	jester's raw gbids
Gesture of Orpheus (Unique_Wand_002)	161873425	legendary	jester's raw gbids
Starfire (Unique_Wand_003)	161873426	legendary	jester's raw gbids
Blackhand Key (Unique_Wand_006)	161873429	legendary	jester's raw gbids
Fragment of Destiny (Unique_Wand_010)	161873456	legendary	jester's raw gbids
Slorak's Madness (Unique_Wand_013)	161873459	legendary	jester's raw gbids
x1_flail2H_norm_unique_05 (Unique_Flail_2H_105_x1)	163260852	legendary	jester's raw gbids
x1_flail2H_norm_unique_06 (Unique_Flail_2H_106_x1)	163296789	legendary	jester's raw gbids
x1_flail2H_norm_unique_07 (Unique_Flail_2H_107_x1)	163332726	legendary	jester's raw gbids
Goldskin (Unique_Chest_001)	172016957	legendary	jester's raw gbids
Tyrael's Might (Unique_Chest_002)	172016958	legendary	jester's raw gbids
Cindercoat (Unique_Chest_006)	172016962	legendary	jester's raw gbids
Chaingmail (Unique_Chest_010)	172016989	legendary	jester's raw gbids
Aquila Cuirass (Unique_Chest_012)	172016991	legendary	jester's raw gbids
Heart of Iron (Unique_Chest_018)	172016997	legendary	jester's raw gbids
Butcher's Carver (Unique_Axe_2H_001_104)	202615249	legendary	jester's raw gbids
Butcher's Carver (Unique_Axe_2H_001_1xx)	202617693	legendary	jester's raw gbids
The Executioner (Unique_Axe_2H_003_104)	204987091	legendary	jester's raw gbids
The Executioner (Unique_Axe_2H_003_1xx)	204989535	legendary	jester's raw gbids
Enchantment 'o Death (EnchantmentODeath)	211207722	legendary	jester's raw gbids
Swamp Land Waders (Unique_Pants_001_104)	211580896	legendary	jester's raw gbids
Swamp Land Waders (Unique_Pants_001_1xx)	211583340	legendary	jester's raw gbids
Skorn (Unique_Axe_2H_009_104)	212102617	legendary	jester's raw gbids
Skorn (Unique_Axe_2H_009_1xx)	212105061	legendary	jester's raw gbids
Hammer Jammers (Unique_Pants_002_104)	212766817	legendary	jester's raw gbids
Hammer Jammers (Unique_Pants_002_1xx)	212769261	legendary	jester's raw gbids
The Oculus (Unique_Orb_001)	215441097	legendary	jester's raw gbids
Triumvirate (Unique_Orb_003)	215441099	legendary	jester's raw gbids
Winter Flurry (Unique_Orb_005)	215441101	legendary	jester's raw gbids
Gehennas (Unique_Pants_005_1xx)	216327024	legendary	jester's raw gbids
Depth Diggers (Unique_Pants_006_104)	217510501	legendary	jester's raw gbids
Depth Diggers (Unique_Pants_006_1xx)	217512945	legendary	jester's raw gbids
Pox Faulds (Unique_Pants_007_104)	218696422	legendary	jester's raw gbids
Pox Faulds (Unique_Pants_007_1xx)	218698866	legendary	jester's raw gbids
Kamyr's Key (ZakarwaKey)	219249498	legendary	jester's raw gbids
Leather Boots (Boots_Pvp_001)	219361068	legendary	jester's raw gbids
Mighty Chain Boots (Boots_Pvp_002)	219361069	legendary	jester's raw gbids
Heroic Plate Boots (Boots_Pvp_003)	219361070	legendary	jester's raw gbids
Inna's Temperance (Unique_Pants_008_104)	219882343	legendary	jester's raw gbids
Inna's Temperance (Unique_Pants_008_1xx)	219884787	legendary	jester's raw gbids
Sankekur's Sorrow (Unique_Sword_1H_Promo_03_x1)	229319315	legendary	jester's raw gbids
Malevolence (Unique_Sword_1H_Promo_04_x1)	229355252	legendary	jester's raw gbids
Spine of the Father (Unique_Sword_1H_Promo_05_x1)	229391189	legendary	jester's raw gbids
Rancor (Unique_Sword_1H_Promo_06_x1)	229427126	legendary	jester's raw gbids
Death Watch Mantle (Unique_Shoulder_002)	238734029	legendary	jester's raw gbids
Vile Ward (Unique_Shoulder_003)	238734030	legendary	jester's raw gbids
Messerschmidt's Reaver (Unique_Axe_2H_011_104)	241750642	legendary	jester's raw gbids
Messerschmidt's Reaver (Unique_Axe_2H_011_1xx)	241753086	legendary	jester's raw gbids
Blackthorne's Jousting Mail (Unique_Pants_013_104)	253088131	legendary	jester's raw gbids
Blackthorne's Jousting Mail (Unique_Pants_013_1xx)	253090575	legendary	jester's raw gbids
Boj Anglers (Unique_Boots_001)	261789197	legendary	jester's raw gbids
Fire Walkers (Unique_Boots_007)	261789203	legendary	jester's raw gbids
Ice Climbers (Unique_Boots_008)	261789204	legendary	jester's raw gbids
Lut Socks (Unique_Boots_009)	261789205	legendary	jester's raw gbids
The Crudest Boots (Unique_Boots_010)	261789229	legendary	jester's raw gbids
Tiklandian Visage (Unique_VoodooMask_001)	270555848	legendary	jester's raw gbids
The Grin Reaper (Unique_VoodooMask_002)	270555849	legendary	jester's raw gbids
Quetzalcoatl (Unique_VoodooMask_005)	270555852	legendary	jester's raw gbids
Split Tusk (Unique_VoodooMask_006)	270555853	legendary	jester's raw gbids
Visage of Giyua (Unique_VoodooMask_008)	270555855	legendary	jester's raw gbids
Etrayu (Unique_Bow_001_104)	270591874	legendary	jester's raw gbids
Etrayu (Unique_Bow_001_1xx)	270594318	legendary	jester's raw gbids
Minor Indigo Runestone (SpellRune_MultiMissile_01)	273622938	legendary	jester's raw gbids
Uskang (Unique_Bow_005_104)	275335558	legendary	jester's raw gbids
Uskang (Unique_Bow_005_1xx)	275338002	legendary	jester's raw gbids
Longshot (Unique_Bow_007_104)	277707400	legendary	jester's raw gbids
Longshot (Unique_Bow_007_1xx)	277709844	legendary	jester's raw gbids
The Raven's Wing (Unique_Bow_008_104)	278893321	legendary	jester's raw gbids
The Raven's Wing (Unique_Bow_008_1xx)	278895765	legendary	jester's raw gbids
Windforce (Unique_Bow_009_104)	280079242	legendary	jester's raw gbids
Windforce (Unique_Bow_009_1xx)	280081686	legendary	jester's raw gbids
Jekangbord (P65_Unique_CruShield_102_x1)	283157133	legendary	jester's raw gbids
Frost Bite (UniqueWarSword_PvP)	286538693	legendary	jester's raw gbids
Kraken Rod (KrakenRod)	287242305	legendary	jester's raw gbids
The Broken Staff (Unique_Staff_001)	300184986	legendary	jester's raw gbids
The Magi (Unique_Staff_002)	300184987	legendary	jester's raw gbids
Wormwood (Unique_Staff_003)	300184988	legendary	jester's raw gbids
Maloth's Focus (Unique_Staff_006)	300184991	legendary	jester's raw gbids
The Tormentor (Unique_Staff_007)	300184992	legendary	jester's raw gbids
Autumn's Call (Unique_Staff_008)	300184993	legendary	jester's raw gbids
The Grand Vizier (Unique_Staff_009)	300184994	legendary	jester's raw gbids
Large Restoration Potion (RestorationPotionLarge)	304130270	legendary	jester's raw gbids
Plan: Resplendent Lock (CraftingPlan_Smith_T08_Armor_ChampionsBelt)	306184480	legendary	jester's raw gbids
Thul (Rune10)	309284987	legendary	jester's raw gbids
Amn (Rune11)	309284988	legendary	jester's raw gbids
Sol (Rune12)	309284989	legendary	jester's raw gbids
Shael (Rune13)	309284990	legendary	jester's raw gbids
Dol (Rune14)	309284991	legendary	jester's raw gbids
Hel (Rune15)	309284992	legendary	jester's raw gbids
Io (Rune16)	309284993	legendary	jester's raw gbids
Lum (Rune17)	309284994	legendary	jester's raw gbids
Ko (Rune18)	309284995	legendary	jester's raw gbids
Fal (Rune19)	309284996	legendary	jester's raw gbids
Lem (Rune20)	309285020	legendary	jester's raw gbids
Pul (Rune21)	309285021	legendary	jester's raw gbids
Um (Rune22)	309285022	legendary	jester's raw gbids
Mal (Rune23)	309285023	legendary	jester's raw gbids
Ist (Rune24)	309285024	legendary	jester's raw gbids
Gul (Rune25)	309285025	legendary	jester's raw gbids
Vex (Rune26)	309285026	legendary	jester's raw gbids
Ohm (Rune27)	309285027	legendary	jester's raw gbids
Lo (Rune28)	309285028	legendary	jester's raw gbids
Sur (Rune29)	309285029	legendary	jester's raw gbids
Ber (Rune30)	309285053	legendary	jester's raw gbids
Jah (Rune31)	309285054	legendary	jester's raw gbids
Cham (Rune32)	309285055	legendary	jester's raw gbids
Zod (Rune33)	309285056	legendary	jester's raw gbids
Small Restoration Potion (RestorationPotionSmall)	312844620	legendary	jester's raw gbids
Cluckeye (Unique_Bow_015_104)	314470951	legendary	jester's raw gbids
Cluckeye (Unique_Bow_015_1xx)	314473395	legendary	jester's raw gbids
Griswold's Worn Edge (Unique_Sword_1H_001_104)	316028769	legendary	jester's raw gbids
Griswold's Worn Edge (Unique_Sword_1H_001_1xx)	316031213	legendary	jester's raw gbids
Wildwood (Unique_Sword_1H_002_104)	317214690	legendary	jester's raw gbids
Wildwood (Unique_Sword_1H_002_1xx)	317217134	legendary	jester's raw gbids
The Ancient Bonesaber of Zumakalis (Unique_Sword_1H_003_104)	318400611	legendary	jester's raw gbids
The Ancient Bonesaber of Zumakalis (Unique_Sword_1H_003_1xx)	318403055	legendary	jester's raw gbids
Skycutter (Unique_Sword_1H_004_104)	319586532	legendary	jester's raw gbids
Skycutter (Unique_Sword_1H_004_1xx)	319588976	legendary	jester's raw gbids
Sever (Unique_Sword_1H_007_104)	323144295	legendary	jester's raw gbids
Sever (Unique_Sword_1H_007_1xx)	323146739	legendary	jester's raw gbids
Plan: Resplendent Death Shroud (CraftingPlan_Smith_T08_Armor_Cloak)	350680161	legendary	jester's raw gbids
Rakanishu's Blade (Unique_Sword_1H_010_104)	353978241	legendary	jester's raw gbids
Rakanishu's Blade (Unique_Sword_1H_010_1xx)	353980685	legendary	jester's raw gbids
Devil Tongue (Unique_Sword_1H_011_104)	355164162	legendary	jester's raw gbids
Devil Tongue (Unique_Sword_1H_011_1xx)	355166606	legendary	jester's raw gbids
Azurewrath (Unique_Sword_1H_012_1xx)	356352527	legendary	jester's raw gbids
Doombringer (Unique_Sword_1H_014_104)	358721925	legendary	jester's raw gbids
Doombringer (Unique_Sword_1H_014_1xx)	358724369	legendary	jester's raw gbids
Monster Hunter (Unique_Sword_1H_017_104)	362279688	legendary	jester's raw gbids
Monster Hunter (Unique_Sword_1H_017_1xx)	362282132	legendary	jester's raw gbids
Plan: Resplendent Poleyns (CraftingPlan_Smith_T08_Armor_Pants)	365701373	legendary	jester's raw gbids
Spite (P66_Unique_Mojo_002)	370939127	legendary	jester's raw gbids
Ghost Face Mask (Unique_Helm_101_x1)	373297173	legendary	jester's raw gbids
Plan: Apprentice Hide Belt (CraftingPlan_Smith_T01_Armor_Belt)	378869015	legendary	jester's raw gbids
The Grandfather (Unique_Sword_2H_001_104)	383830146	legendary	jester's raw gbids
The Grandfather (Unique_Sword_2H_001_1xx)	383832590	legendary	jester's raw gbids
The Zweihander (Unique_Sword_2H_002_104)	385016067	legendary	jester's raw gbids
The Zweihander (Unique_Sword_2H_002_1xx)	385018511	legendary	jester's raw gbids
Warmonger (Unique_Sword_2H_003_104)	386201988	legendary	jester's raw gbids
Warmonger (Unique_Sword_2H_003_1xx)	386204432	legendary	jester's raw gbids
Scourge (Unique_Sword_2H_004_104)	387387909	legendary	jester's raw gbids
Scourge (Unique_Sword_2H_004_1xx)	387390353	legendary	jester's raw gbids
Blade of Prophecy (Unique_Sword_2H_007_104)	390945672	legendary	jester's raw gbids
Blade of Prophecy (Unique_Sword_2H_007_1xx)	390948116	legendary	jester's raw gbids
The Sultan of Blinding Sand (Unique_Sword_2H_008_104)	392131593	legendary	jester's raw gbids
The Sultan of Blinding Sand (Unique_Sword_2H_008_1xx)	392134037	legendary	jester's raw gbids
Spectrum (Unique_Sword_1H_021_104)	394299555	legendary	jester's raw gbids
Spectrum (Unique_Sword_1H_021_1xx)	394301999	legendary	jester's raw gbids
Anessazi Edge (Unique_CeremonialDagger_001)	394684207	legendary	jester's raw gbids
The Gidbinn (Unique_CeremonialDagger_002)	394684208	legendary	jester's raw gbids
Umbral Oath (Unique_CeremonialDagger_006)	394684212	legendary	jester's raw gbids
Last Breath (Unique_CeremonialDagger_008)	394684214	legendary	jester's raw gbids
Promise of Glory (Unique_Bracer_002_104)	399013386	legendary	jester's raw gbids
Promise of Glory (Unique_Bracer_002_1xx)	399015830	legendary	jester's raw gbids
Slave Bonds (Unique_Bracer_003_104)	400199307	legendary	jester's raw gbids
Slave Bonds (Unique_Bracer_003_1xx)	400201751	legendary	jester's raw gbids
Steady Strikers (Unique_Bracer_004_104)	401385228	legendary	jester's raw gbids
Steady Strikers (Unique_Bracer_004_1xx)	401387672	legendary	jester's raw gbids
Lacuni Prowlers (Unique_Bracer_005_104)	402571149	legendary	jester's raw gbids
Winged Rod (WingedRod)	402571235	legendary	jester's raw gbids
Lacuni Prowlers (Unique_Bracer_005_1xx)	402573593	legendary	jester's raw gbids
Gungdo Gear (Unique_Bracer_006_104)	403757070	legendary	jester's raw gbids
Gungdo Gear (Unique_Bracer_006_1xx)	403759514	legendary	jester's raw gbids
Strongarm Bracers (Unique_Bracer_007_104)	404942991	legendary	jester's raw gbids
Strongarm Bracers (Unique_Bracer_007_1xx)	404945435	legendary	jester's raw gbids
The Flavor of Time (Unique_Amulet_001)	412126062	legendary	jester's raw gbids
Kymbo's Gold (Unique_Amulet_002)	412126063	legendary	jester's raw gbids
Moonlight Ward (Unique_Amulet_003)	412126064	legendary	jester's raw gbids
Xephirian Amulet (Unique_Amulet_004)	412126065	legendary	jester's raw gbids
Ouroboros (Unique_Amulet_005)	412126066	legendary	jester's raw gbids
The Star of Azkaranth (Unique_Amulet_006)	412126067	legendary	jester's raw gbids
Rondal's Locket (Unique_Amulet_009)	412126070	legendary	jester's raw gbids
Squirt's Necklace (Unique_Amulet_010)	412126094	legendary	jester's raw gbids
The Murlocket (Unique_Amulet_011)	412126095	legendary	jester's raw gbids
Talisman of Aranoch (Unique_Amulet_012)	412126096	legendary	jester's raw gbids
Holy Beacon (Unique_Amulet_013)	412126097	legendary	jester's raw gbids
Eye of Etlich (Unique_Amulet_014)	412126098	legendary	jester's raw gbids
Mara's Kaleidoscope (Unique_Amulet_015)	412126099	legendary	jester's raw gbids
Plan: Adept Eiku (CraftingPlan_Smith_T03_Weapon_CombatStaff)	417981573	legendary	jester's raw gbids
Maximus (Unique_Sword_2H_010_104)	421779618	legendary	jester's raw gbids
Maximus (Unique_Sword_2H_010_1xx)	421782062	legendary	jester's raw gbids
Blackguard (Unique_Sword_2H_011_104)	422965539	legendary	jester's raw gbids
Blackguard (Unique_Sword_2H_011_1xx)	422967983	legendary	jester's raw gbids
Faithful Memory (Unique_Sword_2H_012_104)	424151460	legendary	jester's raw gbids
Faithful Memory (Unique_Sword_2H_012_1xx)	424153904	legendary	jester's raw gbids
Splintered Oar (Unique_Sword_2H_014_104)	426523302	legendary	jester's raw gbids
Splintered Oar (Unique_Sword_2H_014_1xx)	426525746	legendary	jester's raw gbids
Dread Iron (Unique_BarbBelt_001_104)	428186904	legendary	jester's raw gbids
Dread Iron (Unique_BarbBelt_001_1xx)	428189348	legendary	jester's raw gbids
Design: Star Diamond (CraftingPlan_Jeweler_GemCombine_Diamond_10_11)	429280407	legendary	jester's raw gbids
Faded Recipe (CraftingPlan_Jeweler_GemCombine_Diamond_11_12)	429316345	legendary	jester's raw gbids
Faded Recipe (CraftingPlan_Jeweler_GemCombine_Diamond_12_13)	429352283	legendary	jester's raw gbids
Pride of Cassius (Unique_BarbBelt_002_104)	429372825	legendary	jester's raw gbids
Pride of Cassius (Unique_BarbBelt_002_1xx)	429375269	legendary	jester's raw gbids
Faded Recipe (CraftingPlan_Jeweler_GemCombine_Diamond_13_14)	429388221	legendary	jester's raw gbids
Girdle of Giants (Unique_BarbBelt_004_104)	431744667	legendary	jester's raw gbids
Girdle of Giants (Unique_BarbBelt_004_1xx)	431747111	legendary	jester's raw gbids
Lamentation (Unique_BarbBelt_005_104)	432930588	legendary	jester's raw gbids
Lamentation (Unique_BarbBelt_005_1xx)	432933032	legendary	jester's raw gbids
The Undisputed Champion (Unique_BarbBelt_006_104)	434116509	legendary	jester's raw gbids
The Undisputed Champion (Unique_BarbBelt_006_1xx)	434118953	legendary	jester's raw gbids
Kotuur's Brace (Unique_BarbBelt_007_104)	435302430	legendary	jester's raw gbids
Kotuur's Brace (Unique_BarbBelt_007_1xx)	435304874	legendary	jester's raw gbids
Ageless Might (Unique_BarbBelt_008_104)	436488351	legendary	jester's raw gbids
Ageless Might (Unique_BarbBelt_008_1xx)	436490795	legendary	jester's raw gbids
Immortal King's Tribal Binding (Unique_BarbBelt_009_104)	437674272	legendary	jester's raw gbids
Immortal King's Tribal Binding (Unique_BarbBelt_009_1xx)	437676716	legendary	jester's raw gbids
Plan: Grand Master Jade Wand (CraftingPlan_Smith_T05_Weapon_Wand)	443591943	legendary	jester's raw gbids
Plan: Adept Smoked Spheres (CraftingPlan_Smith_T03_Weapon_Orb)	453331358	legendary	jester's raw gbids
Rune of Minor Health (SpellRune_Health_01)	454859311	legendary	jester's raw gbids
Goldskin (Unique_Chest_001_104)	463473297	legendary	jester's raw gbids
Goldskin (Unique_Chest_001_1xx)	463475741	legendary	jester's raw gbids
Tyrael's Might (Unique_Chest_002_104)	464659218	legendary	jester's raw gbids
Tyrael's Might (Unique_Chest_002_1xx)	464661662	legendary	jester's raw gbids
Cindercoat (Unique_Chest_006_104)	469402902	legendary	jester's raw gbids
Cindercoat (Unique_Chest_006_1xx)	469405346	legendary	jester's raw gbids
x1_mightyWeapon_2H_norm_unique_12 (Unique_Mighty_2H_102_x1)	480933691	legendary	jester's raw gbids
Twin Scepter (TwinScepter)	486177560	legendary	jester's raw gbids
Blackthorne's Surcoat (Unique_ChestArmor_028_104)	488990459	legendary	jester's raw gbids
Blackthorne's Surcoat (Unique_ChestArmor_028_1xx)	488992903	legendary	jester's raw gbids
Chaingmail (Unique_Chest_010_104)	501422769	legendary	jester's raw gbids
Chaingmail (Unique_Chest_010_1xx)	501425213	legendary	jester's raw gbids
Aquila Cuirass (Unique_Chest_012_1xx)	503797055	legendary	jester's raw gbids
Immortal King's Eternal Reign (Unique_Chest_013_104)	504980532	legendary	jester's raw gbids
Immortal King's Eternal Reign (Unique_Chest_013_1xx)	504982976	legendary	jester's raw gbids
Tal Rasha's Relentless Pursuit (Unique_Chest_014_104)	506166453	legendary	jester's raw gbids
Tal Rasha's Relentless Pursuit (Unique_Chest_014_1xx)	506168897	legendary	jester's raw gbids
Inna's Vast Expanse (Unique_Chest_015_104)	507352374	legendary	jester's raw gbids
Inna's Vast Expanse (Unique_Chest_015_1xx)	507354818	legendary	jester's raw gbids
Zunimassa's Marrow (Unique_Chest_016_104)	508538295	legendary	jester's raw gbids
Zunimassa's Marrow (Unique_Chest_016_1xx)	508540739	legendary	jester's raw gbids
Heart of Iron (Unique_Chest_018_1xx)	510912581	legendary	jester's raw gbids
Etrayu (Unique_Bow_001)	513724846	legendary	jester's raw gbids
Uskang (Unique_Bow_005)	513724850	legendary	jester's raw gbids
Longshot (Unique_Bow_007)	513724852	legendary	jester's raw gbids
The Raven's Wing (Unique_Bow_008)	513724853	legendary	jester's raw gbids
Windforce (Unique_Bow_009)	513724854	legendary	jester's raw gbids
Cluckeye (Unique_Bow_015)	513724883	legendary	jester's raw gbids
Balefire Caster (Unique_HandXBow_004)	515789444	legendary	jester's raw gbids
Izzuccob (Unique_HandXBow_005)	515789445	legendary	jester's raw gbids
Deadeye (Unique_HandXBow_006)	515789446	legendary	jester's raw gbids
Dawn (Unique_HandXBow_007)	515789447	legendary	jester's raw gbids
Calamity (Unique_HandXBow_012)	515789475	legendary	jester's raw gbids
Design: Star Emerald (CraftingPlan_Jeweler_GemCombine_Emerald_10_11)	521707125	legendary	jester's raw gbids
Plan: Grand Master Blade Harness (CraftingPlan_Smith_T05_Armor_ChampionsBelt)	521736605	legendary	jester's raw gbids
Giyua's Chewed Leathers (Set_001_Bracers)	523533181	legendary	jester's raw gbids
Linked Rod (LinkedRod)	536512348	legendary	jester's raw gbids
Scroll of Wealth (ScrollWealth)	555660404	legendary	jester's raw gbids
Danetta's Spite (Unique_HandXBow_001_104)	585800149	legendary	jester's raw gbids
Danetta's Spite (Unique_HandXBow_001_1xx)	585802593	legendary	jester's raw gbids
Danetta's Revenge (Unique_HandXBow_002_104)	586986070	legendary	jester's raw gbids
Danetta's Revenge (Unique_HandXBow_002_1xx)	586988514	legendary	jester's raw gbids
Natalya's Slayer (Unique_HandXBow_003_104)	588171991	legendary	jester's raw gbids
Natalya's Slayer (Unique_HandXBow_003_1xx)	588174435	legendary	jester's raw gbids
Balefire Caster (Unique_HandXBow_004_104)	589357912	legendary	jester's raw gbids
Balefire Caster (Unique_HandXBow_004_1xx)	589360356	legendary	jester's raw gbids
Izzuccob (Unique_HandXBow_005_104)	590543833	legendary	jester's raw gbids
Izzuccob (Unique_HandXBow_005_1xx)	590546277	legendary	jester's raw gbids
Plan: Magnificent Brimstone Sword (CraftingPlan_Smith_T07_Weapon_Sword_2H)	590770727	legendary	jester's raw gbids
Deadeye (Unique_HandXBow_006_104)	591729754	legendary	jester's raw gbids
Deadeye (Unique_HandXBow_006_1xx)	591732198	legendary	jester's raw gbids
Dawn (Unique_HandXBow_007_104)	592915675	legendary	jester's raw gbids
Dawn (Unique_HandXBow_007_1xx)	592918119	legendary	jester's raw gbids
Mykehn's Ball of Hate (Orb_Unique_001)	599942537	legendary	jester's raw gbids
Griswold's Worn Edge (Unique_Sword_1H_001)	608242189	legendary	jester's raw gbids
Wildwood (Unique_Sword_1H_002)	608242190	legendary	jester's raw gbids
The Ancient Bonesaber of Zumakalis (Unique_Sword_1H_003)	608242191	legendary	jester's raw gbids
Skycutter (Unique_Sword_1H_004)	608242192	legendary	jester's raw gbids
Sever (Unique_Sword_1H_007)	608242195	legendary	jester's raw gbids
Rakanishu's Blade (Unique_Sword_1H_010)	608242221	legendary	jester's raw gbids
Azurewrath (Unique_Sword_1H_012)	608242223	legendary	jester's raw gbids
Doombringer (Unique_Sword_1H_014)	608242225	legendary	jester's raw gbids
Monster Hunter (Unique_Sword_1H_017)	608242228	legendary	jester's raw gbids
Spectrum (Unique_Sword_1H_021)	608242255	legendary	jester's raw gbids
Ophidian Crown (VoodooMask_301)	620037333	legendary	jester's raw gbids
Petwo Mask (VoodooMask_302)	620037334	legendary	jester's raw gbids
Calamity (Unique_HandXBow_012_104)	626121463	legendary	jester's raw gbids
Calamity (Unique_HandXBow_012_1xx)	626123907	legendary	jester's raw gbids
Plan: Adept Hunting Quiver (CraftingPlan_Smith_T03_Weapon_Quiver)	640270775	legendary	jester's raw gbids
The Grandfather (Unique_Sword_2H_001)	647377582	legendary	jester's raw gbids
The Zweihander (Unique_Sword_2H_002)	647377583	legendary	jester's raw gbids
Warmonger (Unique_Sword_2H_003)	647377584	legendary	jester's raw gbids
Scourge (Unique_Sword_2H_004)	647377585	legendary	jester's raw gbids
Blade of Prophecy (Unique_Sword_2H_007)	647377588	legendary	jester's raw gbids
The Sultan of Blinding Sand (Unique_Sword_2H_008)	647377589	legendary	jester's raw gbids
Maximus (Unique_Sword_2H_010)	647377614	legendary	jester's raw gbids
Blackguard (Unique_Sword_2H_011)	647377615	legendary	jester's raw gbids
Faithful Memory (Unique_Sword_2H_012)	647377616	legendary	jester's raw gbids
Splintered Oar (Unique_Sword_2H_014)	647377618	legendary	jester's raw gbids
Plan: Grand Master Shroud (CraftingPlan_Smith_T05_Armor_Cloak)	650762206	legendary	jester's raw gbids
The Mandala Stone (Unique_SpiritStone_104_x1)	674823254	legendary	jester's raw gbids
Dark Mage's Shade (Unique_WizardHat_001)	703827188	legendary	jester's raw gbids
The Swami (Unique_WizardHat_003)	703827190	legendary	jester's raw gbids
Storm Crow (Unique_WizardHat_004)	703827191	legendary	jester's raw gbids
Echoing Fury (Unique_Mace_1H_001)	713325108	legendary	jester's raw gbids
Odyn Son (Unique_Mace_1H_002)	713325109	legendary	jester's raw gbids
Neanderthal (Unique_Mace_1H_003)	713325110	legendary	jester's raw gbids
Nutcracker (Unique_Mace_1H_005)	713325112	legendary	jester's raw gbids
Dai Bachi (Unique_Mace_1H_006)	713325113	legendary	jester's raw gbids
Telranden's Hand (Unique_Mace_1H_007)	713325114	legendary	jester's raw gbids
Nailbiter (Unique_Mace_1H_008)	713325115	legendary	jester's raw gbids
Wirt's Original Leg (Unique_Mace_1H_010)	713325140	legendary	jester's raw gbids
Sun Keeper (Unique_Mace_1H_011)	713325141	legendary	jester's raw gbids
Art of War 3v3 (Unique_Amulet_PvP_3v3_30)	714520304	legendary	jester's raw gbids
Plan: Journeyman Harness (CraftingPlan_Smith_T02_Armor_ChampionsBelt)	737288730	legendary	jester's raw gbids
Oracle Scepter (OracleScepter)	738147308	legendary	jester's raw gbids
Holy Point Shot (P69_Unique_Quiver_004)	745679139	legendary	jester's raw gbids
Stronghide Pants (Pants_Crafted_001)	745919566	legendary	jester's raw gbids
Crushbane (Unique_Mace_2H_001)	752460501	legendary	jester's raw gbids
Sledge of Athskeleng (Unique_Mace_2H_002)	752460502	legendary	jester's raw gbids
Schaefer's Hammer (Unique_Mace_2H_009)	752460509	legendary	jester's raw gbids
Skywarden (Unique_Mace_2H_010)	752460533	legendary	jester's raw gbids
Wrath of the Bone King (Unique_Mace_2H_012)	752460535	legendary	jester's raw gbids
Law Scepter (LawScepter)	753996058	legendary	jester's raw gbids
Plan: Master War Staff (CraftingPlan_Smith_T04_Weapon_Staff)	755492560	legendary	jester's raw gbids
[temp] Face Puzzle Key (Caliphate's Tomb Key)	776975936	legendary	jester's raw gbids
Plan: Resplendent Meditator (CraftingPlan_Smith_T08_Armor_SpiritStone)	781025979	legendary	jester's raw gbids
Grounding Potion (LightningImmunityPotionPvP)	798745615	legendary	jester's raw gbids
Plan: Journeyman Shaman Mask (CraftingPlan_Smith_T02_Armor_VoodooMask)	800493203	legendary	jester's raw gbids
Unknown Amulet (Gambling_Amulet)	808607080	legendary	jester's raw gbids
Plan: Resplendent Valaska (CraftingPlan_Smith_T08_Weapon_Axe_2H)	829426679	legendary	jester's raw gbids
Albrecht's Remains (AlbrechtsRemainsItem)	830876086	legendary	jester's raw gbids
Item enhancement (EnhancedFor)	862880541	legendary	jester's raw gbids
Design: Star Topaz (CraftingPlan_Jeweler_GemCombine_Topaz_10_11)	872575785	legendary	jester's raw gbids
Tasker and Theo (Unique_Gloves_003)	880593656	legendary	jester's raw gbids
Stone Gauntlets (Unique_Gloves_007)	880593660	legendary	jester's raw gbids
Gladiator Gauntlets (Unique_Gloves_011)	880593687	legendary	jester's raw gbids
Magefist (Unique_Gloves_014)	880593690	legendary	jester's raw gbids
Tome of Knowledge (TomeOfKnowledge1)	895805851	legendary	jester's raw gbids
Tome of Greater Knowledge (TomeOfKnowledge2)	895805852	legendary	jester's raw gbids
Tome of Mystic Knowledge (TomeOfKnowledge3)	895805853	legendary	jester's raw gbids
Scroll of Detection (DetectionScroll)	898794126	legendary	jester's raw gbids
Swamp Land Waders (Unique_Pants_001)	903144204	legendary	jester's raw gbids
Hammer Jammers (Unique_Pants_002)	903144205	legendary	jester's raw gbids
Gehennas (Unique_Pants_005)	903144208	legendary	jester's raw gbids
Depth Diggers (Unique_Pants_006)	903144209	legendary	jester's raw gbids
Pox Faulds (Unique_Pants_007)	903144210	legendary	jester's raw gbids
Aughild's Search (Unique_Bracer_009_x1)	923398885	legendary	jester's raw gbids
Dented Shield (Shield_Pvp_001)	942988958	legendary	jester's raw gbids
Mighty Shield (Shield_Pvp_002)	942988959	legendary	jester's raw gbids
Heroic Wall Shield (Shield_Pvp_003)	942988960	legendary	jester's raw gbids
Plan: Journeyman Shroud (CraftingPlan_Smith_T02_Armor_Cloak)	950844251	legendary	jester's raw gbids
Scroll of Calling (ScrollCalling)	953860425	legendary	jester's raw gbids
Promise of Glory (Unique_Bracer_002)	955538486	legendary	jester's raw gbids
Slave Bonds (Unique_Bracer_003)	955538487	legendary	jester's raw gbids
Steady Strikers (Unique_Bracer_004)	955538488	legendary	jester's raw gbids
Lacuni Prowlers (Unique_Bracer_005)	955538489	legendary	jester's raw gbids
Gungdo Gear (Unique_Bracer_006)	955538490	legendary	jester's raw gbids
Strongarm Bracers (Unique_Bracer_007)	955538491	legendary	jester's raw gbids
Ancients' Discontent (Unique_BarbBelt_104_x1)	963274576	legendary	jester's raw gbids
Promise of the Doomed Forebearer (Unique_BarbBelt_105_x1)	963310513	legendary	jester's raw gbids
Scroll of Disenchanting (ScrollDisenchant)	979329008	legendary	jester's raw gbids
Rune of Minor Extension (SpellRune_Extension_01)	1001485462	legendary	jester's raw gbids
Ivory Tower (Unique_Shield_002_104)	1025903124	legendary	jester's raw gbids
Ivory Tower (Unique_Shield_002_1xx)	1025905568	legendary	jester's raw gbids
Centurion (Unique_Shield_004_104)	1028274966	legendary	jester's raw gbids
Centurion (Unique_Shield_004_1xx)	1028277410	legendary	jester's raw gbids
Vigilance (Unique_Polearm_001)	1031587766	legendary	jester's raw gbids
Pledge of Caldeum (Unique_Polearm_002)	1031587767	legendary	jester's raw gbids
Heart Slaughter (Unique_Polearm_003)	1031587768	legendary	jester's raw gbids
Standoff (Unique_Polearm_004)	1031587769	legendary	jester's raw gbids
Denial (Unique_Shield_007_104)	1031832729	legendary	jester's raw gbids
Denial (Unique_Shield_007_1xx)	1031835173	legendary	jester's raw gbids
Lidless Wall (Unique_Shield_008_104)	1033018650	legendary	jester's raw gbids
Lidless Wall (Unique_Shield_008_1xx)	1033021094	legendary	jester's raw gbids
Stormshield (Unique_Shield_009_104)	1034204571	legendary	jester's raw gbids
Stormshield (Unique_Shield_009_1xx)	1034207015	legendary	jester's raw gbids
Unknown Gloves (Gambling_Gloves)	1042028784	legendary	jester's raw gbids
Tome of Secrets (Crafting_Training_Tome)	1077197437	legendary	jester's raw gbids
Run Speed Potion (RunSpeedPotionPvP)	1082982645	legendary	jester's raw gbids
Plan: Glorious Sniper Bow (CraftingPlan_Smith_T09_Weapon_Bow)	1085882953	legendary	jester's raw gbids
Plan: Apprentice Voodoo Mask (CraftingPlan_Smith_T01_Armor_VoodooMask)	1101032562	legendary	jester's raw gbids
Bezoar Stone (Unique_SpiritStone_001)	1109225226	legendary	jester's raw gbids
The Mind's Eye (Unique_SpiritStone_002)	1109225227	legendary	jester's raw gbids
Erlang Shen (Unique_SpiritStone_003)	1109225228	legendary	jester's raw gbids
Gyana Na Kashu (Unique_SpiritStone_004)	1109225229	legendary	jester's raw gbids
See No Evil (Unique_SpiritStone_005)	1109225230	legendary	jester's raw gbids
The Eye of the Storm (Unique_SpiritStone_006)	1109225231	legendary	jester's raw gbids
Tzo Krin's Gaze (Unique_SpiritStone_007)	1109225232	legendary	jester's raw gbids
Madstone (Unique_SpiritStone_008)	1109225233	legendary	jester's raw gbids
Kill (Unique_Dagger_002)	1111092657	legendary	jester's raw gbids
The Barber (Unique_Dagger_003)	1111092658	legendary	jester's raw gbids
Pig Sticker (Unique_Dagger_007)	1111092662	legendary	jester's raw gbids
The Clipper (Unique_Dagger_008)	1111092663	legendary	jester's raw gbids
Wizardspike (Unique_Dagger_010)	1111092688	legendary	jester's raw gbids
Leather Helm (Helm_Pvp_001)	1126939275	legendary	jester's raw gbids
Mighty Chain Coif (Helm_Pvp_002)	1126939276	legendary	jester's raw gbids
Heroic Fullhelm (Helm_Pvp_003)	1126939277	legendary	jester's raw gbids
Assorted Parts (Crafting_AssortedParts)	1140988092	legendary	jester's raw gbids
Ring (Ring_26)	1146967351	legendary	jester's raw gbids
Ring (Ring_27)	1146967352	legendary	jester's raw gbids
Ring (Ring_28)	1146967353	legendary	jester's raw gbids
Plan: Illustrious Battle Gauntlets (CraftingPlan_Smith_T06_Armor_Gloves)	1150945477	legendary	jester's raw gbids
Scroll of Greed (ScrollGreed)	1169689462	legendary	jester's raw gbids
Demon Machine (Unique_XBow_001)	1183779302	legendary	jester's raw gbids
Hellrack (Unique_XBow_002)	1183779303	legendary	jester's raw gbids
Manticore (Unique_XBow_003)	1183779304	legendary	jester's raw gbids
Bakkan Caster (Unique_XBow_006)	1183779307	legendary	jester's raw gbids
Buriza-Do Kyanon (Unique_XBow_011)	1183779335	legendary	jester's raw gbids
Pus Spitter (Unique_XBow_012)	1183779336	legendary	jester's raw gbids
Plan: Journeyman Arming Cap (CraftingPlan_Smith_T02_Armor_Helm)	1200340151	legendary	jester's raw gbids
Garic's Mail Belt (GaricScaleMailBelt)	1214286392	legendary	jester's raw gbids
Garic's Mail Hood (GaricScaleMailHood)	1214512987	legendary	jester's raw gbids
Tall Scepter (TallScepter)	1224977283	legendary	jester's raw gbids
Gesture of Orpheus (Unique_Wand_002_104)	1239256421	legendary	jester's raw gbids
Gesture of Orpheus (Unique_Wand_002_1xx)	1239258865	legendary	jester's raw gbids
Starfire (Unique_Wand_003_104)	1240442342	legendary	jester's raw gbids
Starfire (Unique_Wand_003_1xx)	1240444786	legendary	jester's raw gbids
Plan: Grand Master Mystic Veil (CraftingPlan_Smith_T05_Armor_WizardHat)	1241108834	legendary	jester's raw gbids
Blackhand Key (Unique_Wand_006_104)	1244000105	legendary	jester's raw gbids
Blackhand Key (Unique_Wand_006_1xx)	1244002549	legendary	jester's raw gbids
Fragment of Destiny (Unique_Wand_010_104)	1276019972	legendary	jester's raw gbids
Fragment of Destiny (Unique_Wand_010_1xx)	1276022416	legendary	jester's raw gbids
Chantodo's Will (Unique_Wand_012_104)	1278391814	legendary	jester's raw gbids
Chantodo's Will (Unique_Wand_012_1xx)	1278394258	legendary	jester's raw gbids
Slorak's Madness (Unique_Wand_013_104)	1279577735	legendary	jester's raw gbids
Slorak's Madness (Unique_Wand_013_1xx)	1279580179	legendary	jester's raw gbids
Plan: Illustrious Gutwrench (CraftingPlan_Smith_T06_Weapon_MightyWeapon_1H)	1283645010	legendary	jester's raw gbids
Thawing Potion (ColdImmunityPotionPvP)	1285178029	legendary	jester's raw gbids
Plan: Glorious Armguards (CraftingPlan_Smith_T09_Armor_Bracers)	1304784058	legendary	jester's raw gbids
Devil Tongue (Unique_Sword_1H_011_x1)	1312270134	legendary	jester's raw gbids
Book of the Blind (p43_AD_HallsOfTheBlind)	1313064077	legendary	jester's raw gbids
Teleport Home Scroll (HearthScroll)	1322977867	legendary	jester's raw gbids
Glyph Of Healing (GlyphOfHealing)	1331326193	legendary	jester's raw gbids
Shi Mizu's Haori (Unique_Chest_101_p2)	1354687359	legendary	jester's raw gbids
PVP Main Hand Fist Weapon (PVP_FistWeapon_MH)	1359013545	legendary	jester's raw gbids
PVP Off-Hand Fist Weapon (PVP_FistWeapon_OH)	1359013611	legendary	jester's raw gbids
In-geom (p2_Sword_norm_unique_01)	1365506593	legendary	jester's raw gbids
Scroll of Reforging (ScrollReforgeA)	1379106330	legendary	jester's raw gbids
Scroll of Greater Reforging (ScrollReforgeB)	1379106331	legendary	jester's raw gbids
Scroll of Superior Reforging (ScrollReforgeC)	1379106332	legendary	jester's raw gbids
Plan: Master Heavy Stake Thrower (CraftingPlan_Smith_T04_Weapon_HandCrossbow)	1394086089	legendary	jester's raw gbids
Hunter's Journal (HuntersJournal)	1397920964	legendary	jester's raw gbids
The Oculus (Unique_Orb_001_104)	1405127197	legendary	jester's raw gbids
The Oculus (Unique_Orb_001_1xx)	1405129641	legendary	jester's raw gbids
Triumvirate (Unique_Orb_003_104)	1407499039	legendary	jester's raw gbids
Triumvirate (Unique_Orb_003_1xx)	1407501483	legendary	jester's raw gbids
Winter Flurry (Unique_Orb_005_104)	1409870881	legendary	jester's raw gbids
Winter Flurry (Unique_Orb_005_1xx)	1409873325	legendary	jester's raw gbids
Garic's Mail Boots (GaricScaleMailBoots)	1417108024	legendary	jester's raw gbids
Sacred Scepter (SacredScepter)	1426140680	legendary	jester's raw gbids
Plan: Glorious Conquest Staff (CraftingPlan_Smith_T09_Weapon_Staff)	1430849269	legendary	jester's raw gbids
Chantodo's Force (Unique_Orb_011_104)	1444262590	legendary	jester's raw gbids
Chantodo's Force (Unique_Orb_011_1xx)	1444265034	legendary	jester's raw gbids
Tal Rasha's Unwavering Glare (Unique_Orb_012_104)	1445448511	legendary	jester's raw gbids
Tal Rasha's Unwavering Glare (Unique_Orb_012_1xx)	1445450955	legendary	jester's raw gbids
Oathkeeper (P68_Unique_Mighty_1H_104)	1448931313	legendary	jester's raw gbids
Minor Elixir of Vitality (ElixirOfVitality_01)	1463188824	legendary	jester's raw gbids
Light Elixir of Vitality (ElixirOfVitality_02)	1463188825	legendary	jester's raw gbids
Elixir of Vitality (ElixirOfVitality_03)	1463188826	legendary	jester's raw gbids
Greater Elixir of Vitality (ElixirOfVitality_04)	1463188827	legendary	jester's raw gbids
Super Elixir of Vitality (ElixirOfVitality_05)	1463188828	legendary	jester's raw gbids
Plan: Apprentice Spirit Stone (CraftingPlan_Smith_T01_Armor_SpiritStone)	1486141172	legendary	jester's raw gbids
Bastion's Revered (P68_Unique_Mighty_2H_004)	1488065617	legendary	jester's raw gbids
Medium Restoration Potion (RestorationPotionMedium)	1489743092	legendary	jester's raw gbids
Gem Dust (Crafting_Gem_Dust)	1495497637	legendary	jester's raw gbids
Minor Impact Rune (SpellRune_Impact_01)	1501263511	legendary	jester's raw gbids
Unknown Shield (Gambling_Shield)	1506675897	legendary	jester's raw gbids
Plan: Journeyman Jagged Edge (CraftingPlan_Smith_T02_Weapon_CeremonialKnife)	1516571238	legendary	jester's raw gbids
Adria's Journal, Part 7 (x1_Bog_Lore_AdriaFirstRift)	1532944366	legendary	jester's raw gbids
Regal Scepter (RegalScepter)	1541090721	legendary	jester's raw gbids
Short Staff (StarterShortStaff)	1564275625	legendary	jester's raw gbids
Ghastly Seraph (X1_Lore_Bestiary_GhastlySerpah)	1571821178	legendary	jester's raw gbids
Chancellor's Mantle (ChancellorsMantle)	1575244239	legendary	jester's raw gbids
Crimson Runestone Rank 1 (Runestone_A_01)	1592352099	legendary	jester's raw gbids
Crimson Runestone Rank 2 (Runestone_A_02)	1592352100	legendary	jester's raw gbids
Crimson Runestone Rank 3 (Runestone_A_03)	1592352101	legendary	jester's raw gbids
Crimson Runestone Rank 4 (Runestone_A_04)	1592352102	legendary	jester's raw gbids
Crimson Runestone Rank 5 (Runestone_A_05)	1592352103	legendary	jester's raw gbids
Crimson Runestone Rank 6 (Runestone_A_06)	1592352104	legendary	jester's raw gbids
Crimson Runestone Rank 7 (Runestone_A_07)	1592352105	legendary	jester's raw gbids
Indigo Runestone Rank 1 (Runestone_B_01)	1592388036	legendary	jester's raw gbids
Indigo Runestone Rank 2 (Runestone_B_02)	1592388037	legendary	jester's raw gbids
Indigo Runestone Rank 3 (Runestone_B_03)	1592388038	legendary	jester's raw gbids
Indigo Runestone Rank 4 (Runestone_B_04)	1592388039	legendary	jester's raw gbids
Indigo Runestone Rank 5 (Runestone_B_05)	1592388040	legendary	jester's raw gbids
Indigo Runestone Rank 6 (Runestone_B_06)	1592388041	legendary	jester's raw gbids
Indigo Runestone Rank 7 (Runestone_B_07)	1592388042	legendary	jester's raw gbids
Obsidian Runestone Rank 1 (Runestone_C_01)	1592423973	legendary	jester's raw gbids
Obsidian Runestone Rank 2 (Runestone_C_02)	1592423974	legendary	jester's raw gbids
Obsidian Runestone Rank 3 (Runestone_C_03)	1592423975	legendary	jester's raw gbids
Obsidian Runestone Rank 4 (Runestone_C_04)	1592423976	legendary	jester's raw gbids
Obsidian Runestone Rank 5 (Runestone_C_05)	1592423977	legendary	jester's raw gbids
Obsidian Runestone Rank 6 (Runestone_C_06)	1592423978	legendary	jester's raw gbids
Obsidian Runestone Rank 7 (Runestone_C_07)	1592423979	legendary	jester's raw gbids
Golden Runestone Rank 1 (Runestone_D_01)	1592459910	legendary	jester's raw gbids
Golden Runestone Rank 2 (Runestone_D_02)	1592459911	legendary	jester's raw gbids
Golden Runestone Rank 3 (Runestone_D_03)	1592459912	legendary	jester's raw gbids
Golden Runestone Rank 4 (Runestone_D_04)	1592459913	legendary	jester's raw gbids
Golden Runestone Rank 5 (Runestone_D_05)	1592459914	legendary	jester's raw gbids
Golden Runestone Rank 6 (Runestone_D_06)	1592459915	legendary	jester's raw gbids
Golden Runestone Rank 7 (Runestone_D_07)	1592459916	legendary	jester's raw gbids
Alabaster Runestone Rank 1 (Runestone_E_01)	1592495847	legendary	jester's raw gbids
Alabaster Runestone Rank 2 (Runestone_E_02)	1592495848	legendary	jester's raw gbids
Alabaster Runestone Rank 3 (Runestone_E_03)	1592495849	legendary	jester's raw gbids
Alabaster Runestone Rank 4 (Runestone_E_04)	1592495850	legendary	jester's raw gbids
Alabaster Runestone Rank 5 (Runestone_E_05)	1592495851	legendary	jester's raw gbids
Alabaster Runestone Rank 6 (Runestone_E_06)	1592495852	legendary	jester's raw gbids
Alabaster Runestone Rank 7 (Runestone_E_07)	1592495853	legendary	jester's raw gbids
ChestArmor_213 (ChestArmor_213)	1612259917	legendary	jester's raw gbids
ChestArmor_214 (ChestArmor_214)	1612259918	legendary	jester's raw gbids
Aughild's Rule (P66_Unique_Chest_026)	1627173631	legendary	jester's raw gbids
Blade of the Warlord (Unique_Mighty_1H_005_104)	1630121032	legendary	jester's raw gbids
Blade of the Warlord (Unique_Mighty_1H_005_1xx)	1630123476	legendary	jester's raw gbids
Fjord Cutter (Unique_Mighty_1H_006_104)	1631306953	legendary	jester's raw gbids
Fjord Cutter (Unique_Mighty_1H_006_1xx)	1631309397	legendary	jester's raw gbids
Zoltun Kulle (Adria_ZoltunKulle)	1638472745	legendary	jester's raw gbids
Broken Crown (Unique_Helm_001)	1638662956	legendary	jester's raw gbids
Leoric's Crown (Unique_Helm_002)	1638662957	legendary	jester's raw gbids
Andariel's Visage (Unique_Helm_003)	1638662958	legendary	jester's raw gbids
Mempo of Twilight (Unique_Helm_006)	1638662961	legendary	jester's raw gbids
Blind Faith (Unique_Helm_007)	1638662962	legendary	jester's raw gbids
Cain's Scrivener (P66_Unique_Gloves_015)	1656121334	legendary	jester's raw gbids
Unknown Weapon (Gambling_Weapon)	1659384298	legendary	jester's raw gbids
Arbiter's Axe (Axe_1H_303)	1661415659	legendary	jester's raw gbids
Bul-Kathos's Solemn Vow (Unique_Mighty_1H_010_104)	1663326820	legendary	jester's raw gbids
Bul-Kathos's Solemn Vow (Unique_Mighty_1H_010_1xx)	1663329264	legendary	jester's raw gbids
Bul-Kathos's Warrior Blood (Unique_Mighty_1H_011_104)	1664512741	legendary	jester's raw gbids
Bul-Kathos's Warrior Blood (Unique_Mighty_1H_011_1xx)	1664515185	legendary	jester's raw gbids
ChestArmor_110a (ChestArmor_110a)	1664933770	legendary	jester's raw gbids
ChestArmor_111a (ChestArmor_111a)	1664933803	legendary	jester's raw gbids
ChestArmor_112a (ChestArmor_112a)	1664933836	legendary	jester's raw gbids
ChestArmor_113a (ChestArmor_113a)	1664933869	legendary	jester's raw gbids
ChestArmor_114a (ChestArmor_114a)	1664933902	legendary	jester's raw gbids
ChestArmor_201b (ChestArmor_201b)	1664968652	legendary	jester's raw gbids
ChestArmor_202b (ChestArmor_202b)	1664968685	legendary	jester's raw gbids
ChestArmor_203b (ChestArmor_203b)	1664968718	legendary	jester's raw gbids
ChestArmor_204b (ChestArmor_204b)	1664968751	legendary	jester's raw gbids
ChestArmor_205b (ChestArmor_205b)	1664968784	legendary	jester's raw gbids
ChestArmor_206b (ChestArmor_206b)	1664968817	legendary	jester's raw gbids
Ambo's Pride (Unique_Mighty_1H_012_104)	1665698662	legendary	jester's raw gbids
Ambo's Pride (Unique_Mighty_1H_012_1xx)	1665701106	legendary	jester's raw gbids
Plan: Illustrious Stabilizers (CraftingPlan_Smith_T06_Armor_Bracers)	1676616567	legendary	jester's raw gbids
Art of War All (Unique_Amulet_PvP_4v4_30_All)	1685772266	legendary	jester's raw gbids
Art of War Attack (Unique_Amulet_PvP_4v4_30_Att)	1685772538	legendary	jester's raw gbids
Art of War Defense (Unique_Amulet_PvP_4v4_30_Def)	1685775296	legendary	jester's raw gbids
Art of War Vitality (Unique_Amulet_PvP_4v4_30_Vit)	1685795044	legendary	jester's raw gbids
The Gavel of Judgment (Unique_Mighty_2H_001_104)	1693178725	legendary	jester's raw gbids
The Gavel of Judgment (Unique_Mighty_2H_001_1xx)	1693181169	legendary	jester's raw gbids
Plan: Magnificent Obsidian Edge (CraftingPlan_Smith_T07_Weapon_CeremonialKnife)	1693736139	legendary	jester's raw gbids
[TEMP] someone will fill this in ([Temp] Map Vendor Egg)	1694395949	legendary	jester's raw gbids
Bastion's Revered (Unique_Mighty_2H_004_104)	1696736488	legendary	jester's raw gbids
Bastion's Revered (Unique_Mighty_2H_004_1xx)	1696738932	legendary	jester's raw gbids
Plan: Glorious Schynbalds (CraftingPlan_Smith_T09_Armor_Pants)	1697329790	legendary	jester's raw gbids
Fury of the Vanished Peak (Unique_Mighty_2H_006_104)	1699108330	legendary	jester's raw gbids
Fury of the Vanished Peak (Unique_Mighty_2H_006_1xx)	1699110774	legendary	jester's raw gbids
Unknown Charm (Charm_Unknown)	1705097338	legendary	jester's raw gbids
Cain's Travelers (P66_Unique_Boots_015)	1716945837	legendary	jester's raw gbids
Tismay's Circlet (Helm_Unique_001)	1719633356	legendary	jester's raw gbids
The Tormenter (Helm_Unique_002)	1719633357	legendary	jester's raw gbids
Leather Gloves (Gloves_Pvp_001)	1720398293	legendary	jester's raw gbids
Mighty Chain Gloves (Gloves_Pvp_002)	1720398294	legendary	jester's raw gbids
Heroic Plate Gloves (Gloves_Pvp_003)	1720398295	legendary	jester's raw gbids
Chipped Skull (Skull_01)	1727316267	legendary	jester's raw gbids
Flawed Skull (Skull_02)	1727316268	legendary	jester's raw gbids
Skull (Skull_03)	1727316269	legendary	jester's raw gbids
Flawless Skull (Skull_04)	1727316270	legendary	jester's raw gbids
Radiant Skull (Skull_05)	1727316271	legendary	jester's raw gbids
Square Skull (Skull_06)	1727316272	legendary	jester's raw gbids
Flawless Square Skull (Skull_07)	1727316273	legendary	jester's raw gbids
Radiant Square Skull (Skull_08)	1727316274	legendary	jester's raw gbids
Round Skull (Skull_09)	1727316275	legendary	jester's raw gbids
Flawless Round Skull (Skull_10)	1727316299	legendary	jester's raw gbids
Radiant Round Skull (Skull_11)	1727316300	legendary	jester's raw gbids
Star Skull (Skull_12)	1727316301	legendary	jester's raw gbids
Flawless Star Skull (Skull_13)	1727316302	legendary	jester's raw gbids
Radiant Star Skull (Skull_14)	1727316303	legendary	jester's raw gbids
Immortal King's Boulder Breaker (Unique_Mighty_2H_010_104)	1731128197	legendary	jester's raw gbids
Immortal King's Boulder Breaker (Unique_Mighty_2H_010_1xx)	1731130641	legendary	jester's raw gbids
Arreat's Law (Unique_Spear_001_104)	1735685973	legendary	jester's raw gbids
Arreat's Law (Unique_Spear_001_1xx)	1735688417	legendary	jester's raw gbids
The Three Hundredth Spear (Unique_Spear_002_104)	1736871894	legendary	jester's raw gbids
The Three Hundredth Spear (Unique_Spear_002_1xx)	1736874338	legendary	jester's raw gbids
Empyrean Messenger (Unique_Spear_003_104)	1738057815	legendary	jester's raw gbids
Empyrean Messenger (Unique_Spear_003_1xx)	1738060259	legendary	jester's raw gbids
Scrimshaw (Unique_Spear_004_104)	1739243736	legendary	jester's raw gbids
Scrimshaw (Unique_Spear_004_1xx)	1739246180	legendary	jester's raw gbids
Plan: Illustrious Kastet (CraftingPlan_Smith_T06_Weapon_Fist)	1774618324	legendary	jester's raw gbids
Plan: Grand Master Ailettes (CraftingPlan_Smith_T05_Armor_Shoulders)	1799367469	legendary	jester's raw gbids
Blade of the Warlord (Unique_Mighty_1H_005)	1801986932	legendary	jester's raw gbids
Fjord Cutter (Unique_Mighty_1H_006)	1801986933	legendary	jester's raw gbids
Ambo's Pride (Unique_Mighty_1H_012)	1801986962	legendary	jester's raw gbids
Tasker and Theo (Unique_Gloves_003_104)	1804498380	legendary	jester's raw gbids
Tasker and Theo (Unique_Gloves_003_1xx)	1804500824	legendary	jester's raw gbids
Stronghide Tunic (ChestArmor_Crafted_001)	1808848352	legendary	jester's raw gbids
Stone Gauntlets (Unique_Gloves_007_104)	1809242064	legendary	jester's raw gbids
Stone Gauntlets (Unique_Gloves_007_1xx)	1809244508	legendary	jester's raw gbids
Immortal King's Irons (Unique_Gloves_008_104)	1810427985	legendary	jester's raw gbids
Immortal King's Irons (Unique_Gloves_008_1xx)	1810430429	legendary	jester's raw gbids
Plan: Resplendent Cincture (CraftingPlan_Smith_T08_Armor_Belt)	1832690366	legendary	jester's raw gbids
The Gavel of Judgment (Unique_Mighty_2H_001)	1841122321	legendary	jester's raw gbids
Bastion's Revered (Unique_Mighty_2H_004)	1841122324	legendary	jester's raw gbids
Fury of the Vanished Peak (Unique_Mighty_2H_006)	1841122326	legendary	jester's raw gbids
Gladiator Gauntlets (Unique_Gloves_011_104)	1841261931	legendary	jester's raw gbids
Gladiator Gauntlets (Unique_Gloves_011_1xx)	1841264375	legendary	jester's raw gbids
Magefist (Unique_Gloves_014_104)	1844819694	legendary	jester's raw gbids
Magefist (Unique_Gloves_014_1xx)	1844822138	legendary	jester's raw gbids
Inna's Reach (Unique_CombatStaff_2H_001_104)	1845044989	legendary	jester's raw gbids
Inna's Reach (Unique_CombatStaff_2H_001_1xx)	1845047433	legendary	jester's raw gbids
Balance (Unique_CombatStaff_2H_002_104)	1846230910	legendary	jester's raw gbids
Balance (Unique_CombatStaff_2H_002_1xx)	1846233354	legendary	jester's raw gbids
Incense Torch of the Grand Temple (Unique_CombatStaff_2H_003_104)	1847416831	legendary	jester's raw gbids
Incense Torch of the Grand Temple (Unique_CombatStaff_2H_003_1xx)	1847419275	legendary	jester's raw gbids
The Clouds and the Moon (Unique_CombatStaff_2H_005_1xx)	1849791117	legendary	jester's raw gbids
The Paddle (Unique_CombatStaff_2H_007_104)	1852160515	legendary	jester's raw gbids
The Paddle (Unique_CombatStaff_2H_007_1xx)	1852162959	legendary	jester's raw gbids
Flying Dragon (Unique_CombatStaff_2H_009_104)	1854532357	legendary	jester's raw gbids
Flying Dragon (Unique_CombatStaff_2H_009_1xx)	1854534801	legendary	jester's raw gbids
Plan: Apprentice Cudgel (CraftingPlan_Smith_T01_Weapon_Mace_1H)	1878099527	legendary	jester's raw gbids
Echoing Fury (Unique_Mace_1H_001_104)	1880318728	legendary	jester's raw gbids
Echoing Fury (Unique_Mace_1H_001_1xx)	1880321172	legendary	jester's raw gbids
Odyn Son (Unique_Mace_1H_002_104)	1881504649	legendary	jester's raw gbids
Odyn Son (Unique_Mace_1H_002_1xx)	1881507093	legendary	jester's raw gbids
Neanderthal (Unique_Mace_1H_003_104)	1882690570	legendary	jester's raw gbids
Neanderthal (Unique_Mace_1H_003_1xx)	1882693014	legendary	jester's raw gbids
Nutcracker (Unique_Mace_1H_005_104)	1885062412	legendary	jester's raw gbids
Nutcracker (Unique_Mace_1H_005_1xx)	1885064856	legendary	jester's raw gbids
Telranden's Hand (Unique_Mace_1H_007_104)	1887434254	legendary	jester's raw gbids
Telranden's Hand (Unique_Mace_1H_007_1xx)	1887436698	legendary	jester's raw gbids
Nailbiter (Unique_Mace_1H_008_104)	1888620175	legendary	jester's raw gbids
Nailbiter (Unique_Mace_1H_008_1xx)	1888622619	legendary	jester's raw gbids
Devil's Hand - Leoric (Unique_Wand_103_x1)	1898834235	legendary	jester's raw gbids
Wirt's Original Leg (Unique_Mace_1H_010_104)	1918268200	legendary	jester's raw gbids
Wirt's Original Leg (Unique_Mace_1H_010_1xx)	1918270644	legendary	jester's raw gbids
Sun Keeper (Unique_Mace_1H_011_104)	1919454121	legendary	jester's raw gbids
Sun Keeper (Unique_Mace_1H_011_1xx)	1919456565	legendary	jester's raw gbids
Minor Mana Potion (ManaPotion_01)	1927858358	legendary	jester's raw gbids
Light Mana Potion (ManaPotion_02)	1927858359	legendary	jester's raw gbids
Lesser Mana Potion (ManaPotion_03)	1927858360	legendary	jester's raw gbids
Mana Potion (ManaPotion_04)	1927858361	legendary	jester's raw gbids
Major Mana Potion (ManaPotion_05)	1927858362	legendary	jester's raw gbids
Plan: Born's Aegis (CraftingPlan_Smith_T04_Legendary_Set_BornsAegis)	1939354149	legendary	jester's raw gbids
Revenant Shield Guard (X1_Lore_Bestiary_RevenantShieldGuard)	1940841770	legendary	jester's raw gbids
Crushbane (Unique_Mace_2H_001_104)	1948120105	legendary	jester's raw gbids
Crushbane (Unique_Mace_2H_001_1xx)	1948122549	legendary	jester's raw gbids
Sledge of Athskeleng (Unique_Mace_2H_002_104)	1949306026	legendary	jester's raw gbids
Sledge of Athskeleng (Unique_Mace_2H_002_1xx)	1949308470	legendary	jester's raw gbids
Waters of Dahlgur (WatersOfDahlgur)	1953549746	legendary	jester's raw gbids
Schaefer's Hammer (Unique_Mace_2H_009_104)	1957607473	legendary	jester's raw gbids
Schaefer's Hammer (Unique_Mace_2H_009_1xx)	1957609917	legendary	jester's raw gbids
Eun-jang-do (P2_Dagger_norm_unique_01)	1960078588	legendary	jester's raw gbids
Speed of the Savior (Unique_Boots_101_x1)	1979237206	legendary	jester's raw gbids
Skywarden (Unique_Mace_2H_010_104)	1986069577	legendary	jester's raw gbids
Skywarden (Unique_Mace_2H_010_1xx)	1986072021	legendary	jester's raw gbids
Wrath of the Bone King (Unique_Mace_2H_012_104)	1988441419	legendary	jester's raw gbids
Wrath of the Bone King (Unique_Mace_2H_012_1xx)	1988443863	legendary	jester's raw gbids
Scroll of Superior Protection (SuperiorProtectionScroll)	2009386767	legendary	jester's raw gbids
Plan: Adept Helmet (CraftingPlan_Smith_T03_Armor_Helm)	2021595672	legendary	jester's raw gbids
Plan: Adept Bracelets (CraftingPlan_Smith_T03_Armor_Bracers)	2048449076	legendary	jester's raw gbids
Design: Star Sapphire (CraftingPlan_Jeweler_GemCombine_Sapphire_10_11)	2055787447	legendary	jester's raw gbids
Design: Flawless Star Sapphire (CraftingPlan_Jeweler_GemCombine_Sapphire_11_12)	2055823385	legendary	jester's raw gbids
Design: Perfect Star Sapphire (CraftingPlan_Jeweler_GemCombine_Sapphire_12_13)	2055859323	legendary	jester's raw gbids
Design: Radiant Star Sapphire (CraftingPlan_Jeweler_GemCombine_Sapphire_13_14)	2055895261	legendary	jester's raw gbids
Won Khim Lau (P67_Unique_Fist_006)	2057609341	legendary	jester's raw gbids
Abyss Scepter (AbyssScepter)	2061947640	legendary	jester's raw gbids
Crudest Boots (Boots_Unique_002)	2063254222	legendary	jester's raw gbids
Lut Socks (Boots_Unique_003)	2063254223	legendary	jester's raw gbids
Common Scrap (Crafting_Tier_01A)	2064572066	legendary	jester's raw gbids
Petrified Bark (Crafting_Tier_01D)	2064572069	legendary	jester's raw gbids
Assorted Fragment (Crafting_Tier_02A)	2064572099	legendary	jester's raw gbids
Corpse Ash (Crafting_Tier_02D)	2064572102	legendary	jester's raw gbids
Reusable Part (Crafting_Tier_03A)	2064572132	legendary	jester's raw gbids
Volcanic Coal (Crafting_Tier_03D)	2064572135	legendary	jester's raw gbids
Temp Caster PvP Armor (ChestArmor_Pvp_001)	2069818429	legendary	jester's raw gbids
Temp Melee PvP Armor (ChestArmor_Pvp_002)	2069818430	legendary	jester's raw gbids
Temp Ranged PvP Armor (ChestArmor_Pvp_003)	2069818431	legendary	jester's raw gbids
Cain's Insight (P66_Unique_Helm_012)	2073210217	legendary	jester's raw gbids
Aughild's Spike (P66_Unique_Helm_014)	2073210219	legendary	jester's raw gbids
Plan: Adept Caged Horror (CraftingPlan_Smith_T03_Weapon_Mojo)	2074958160	legendary	jester's raw gbids
Chancellor's Mantle (Chancellors_Shoulders)	2075796070	legendary	jester's raw gbids
Plan: Grand Master Redwood Tetsubo (CraftingPlan_Smith_T05_Weapon_MightyWeapon_2H)	2107205522	legendary	jester's raw gbids
Scourge (BarbBelt_105)	2112156499	legendary	jester's raw gbids
Great Harness (BarbBelt_207)	2112157590	legendary	jester's raw gbids
Rune of Minor Speed (SpellRune_Speed_01)	2134120650	legendary	jester's raw gbids
Horadric Amulet (Amulet_ps3_promo_b)	2135912266	legendary	jester's raw gbids
Boots_106 (Boots_106)	2140881245	legendary	jester's raw gbids
Boots_107 (Boots_107)	2140881246	legendary	jester's raw gbids
Boots_108 (Boots_108)	2140881247	legendary	jester's raw gbids
Design: Star Ruby (CraftingPlan_Jeweler_GemCombine_Ruby_10_11)	2147093245	legendary	jester's raw gbids
Plan: Demon Hand	999120591	legendary	Blacksmith Plan
Rotten Mushroom	992767729	legendary	Unknown
Pet: Bones (Patch 2.2.0)	988742338	legendary	Pets
Charm BandW (Patch 2.5.0)	988221558	legendary	Junk
Bazubands of Justice (Monk Set: Patterns of Justice)	985594254	legendary	Gloves
Gauntlets of Valor (Crusader Set: Aegis of Valor)	985594253	legendary	Gloves
Legendary: Soulsmasher	98279489	legendary	Maces, Two-Handed
Legendary: The Furnace	98243552	legendary	Maces, Two-Handed
Legendary: Reaver (Patch 2.3.0)	982296008	legendary	Mighty Weapons, One-Handed
Legendary: Eviscreator (Patch 2.3.0)	982295975	legendary	Mighty Weapons, One-Handed
Legendary: Black Iron Belt (Patch 2.3.0)	981651858	legendary	Belts
Slipka's Letter Opener	978821515	legendary	Scoundrel Token
Ribald Etchings	978821514	legendary	Scoundrel Token
Skeleton Key	978821513	legendary	Scoundrel Token
Legendary: Death Mask	974143057	legendary	Helms
Legendary: Hallowed Helm	974107120	legendary	Helms
Revival	973170287	legendary	Lore
Plan: Exalted Grand Ghost Sight	972140825	legendary	Blacksmith Plan
Legendary: Wodir Harness	963238639	legendary	Mighty Belts
Legendary: x1 BarbBelt norm unique 11	963202702	legendary	Mighty Belts
Legendary: Chilanik's Chain	963166765	legendary	Mighty Belts
Legendary: Lucky Bowman's Armscales WIZARD	962498341	legendary	Bracers
Legendary: Custerian Wristguards	962462404	legendary	Bracers
Legendary: Nemesis Bracers	962426467	legendary	Bracers
Legendary: Sanguinary Vambraces	962390530	legendary	Bracers
Legendary: Trag'Oul Coils	962354593	legendary	Bracers
Legendary: Reaper's Wraps	962318656	legendary	Bracers
Legendary: Ancient Parthan Defenders	962282719	legendary	Bracers
Legendary: Warzechian Armguards	962246782	legendary	Bracers
Legendary: Leger's Disdain (Patch 2.6.1)	959590515	legendary	Phylacteries
Legendary: Lost Time (Patch 2.6.1)	959590513	legendary	Phylacteries
Pet: The Stomach (Patch 2.4.0)	95923716	legendary	Pets
Plan: Fleeting Strap	957458384	legendary	Blacksmith Plan
Ahren's Hammer	956379400	legendary	Quest
Demon's Manacles (Set: Demon's Carapace)	955538518	legendary	Bracers
Guardian's Bands (Set: Guardian's Regalia)	955538517	legendary	Bracers
Aughild's Demands (Set: Aughild's Treasured)	955538493	legendary	Bracers
Wondrous Deflectors	955538485	legendary	Bracers
Adria's Purpose	954251807	legendary	Lore
Legendary: Belt Of The Trove (Patch 2.1.2) CRUSADER	949342869	legendary	Belts
Frame: Eternal Conflict - Guardian (Patch 2.4.0)	949147392	legendary	Portrait Frames
Frame: Eternal Conflict - Conqueror (Patch 2.4.0)	949147391	legendary	Portrait Frames
Frame: Eternal Conflict - Destroyer (Patch 2.4.0)	949147390	legendary	Portrait Frames
Frame: Eternal Conflict - Champion (Patch 2.4.0)	949147389	legendary	Portrait Frames
Frame: Eternal Conflict - Slayer (Patch 2.4.0)	949147388	legendary	Portrait Frames
Frame: Eternal Conflict (Patch 2.4.0)	949147387	legendary	Portrait Frames
Bonus Cache: Bonus_Act5_Bag_1-69	94599688	legendary	Caches
Broken Crown	944034263	legendary	NPC Items
Pet: The Bumble (Patch 2.5.0)	941170845	legendary	Pets
Legendary: Bakuli Jungle Wraps (Patch 2.4.1) WITCH DOCTOR	941141319	legendary	Belts
Pennant: Wizard Ascendant (Patch 2.4.0)	938200550	legendary	Pennants
Pennant: Crusader Ascendant (Patch 2.4.0)	938178597	legendary	Pennants
Pet: Cucco (Patch 2.6.4)	937125523	legendary	Pets
Frozen Blood	937036308	legendary	Crafting Components
Legendary: Fulminator (Patch 2.3.0)	935449203	legendary	Swords, One-Handed
Legendary: Azurewrath (Patch 2.3.0)	935448145	legendary	Swords, One-Handed
Greater Rift Keystone Rank 99	93346602	legendary	Keys
Greater Rift Keystone Rank 98	93346601	legendary	Keys
Greater Rift Keystone Rank 97	93346600	legendary	Keys
Greater Rift Keystone Rank 96	93346599	legendary	Keys
Greater Rift Keystone Rank 95	93346598	legendary	Keys
Greater Rift Keystone Rank 94	93346597	legendary	Keys
Greater Rift Keystone Rank 93	93346596	legendary	Keys
Greater Rift Keystone Rank 92	93346595	legendary	Keys
Greater Rift Keystone Rank 91	93346594	legendary	Keys
Greater Rift Keystone Rank 90	93346593	legendary	Keys
Greater Rift Keystone Rank 89	93346569	legendary	Keys
Greater Rift Keystone Rank 88	93346568	legendary	Keys
Greater Rift Keystone Rank 87	93346567	legendary	Keys
Greater Rift Keystone Rank 86	93346566	legendary	Keys
Greater Rift Keystone Rank 85	93346565	legendary	Keys
Greater Rift Keystone Rank 84	93346564	legendary	Keys
Greater Rift Keystone Rank 83	93346563	legendary	Keys
Greater Rift Keystone Rank 82	93346562	legendary	Keys
Greater Rift Keystone Rank 81	93346561	legendary	Keys
Greater Rift Keystone Rank 80	93346560	legendary	Keys
Greater Rift Keystone Rank 79	93346536	legendary	Keys
Greater Rift Keystone Rank 78	93346535	legendary	Keys
Greater Rift Keystone Rank 77	93346534	legendary	Keys
Greater Rift Keystone Rank 76	93346533	legendary	Keys
Greater Rift Keystone Rank 75	93346532	legendary	Keys
Greater Rift Keystone Rank 74	93346531	legendary	Keys
Greater Rift Keystone Rank 73	93346530	legendary	Keys
Greater Rift Keystone Rank 72	93346529	legendary	Keys
Greater Rift Keystone Rank 71	93346528	legendary	Keys
Greater Rift Keystone Rank 70	93346527	legendary	Keys
Greater Rift Keystone Rank 69	93346503	legendary	Keys
Greater Rift Keystone Rank 68	93346502	legendary	Keys
Greater Rift Keystone Rank 67	93346501	legendary	Keys
Greater Rift Keystone Rank 66	93346500	legendary	Keys
Greater Rift Keystone Rank 65	93346499	legendary	Keys
Greater Rift Keystone Rank 64	93346498	legendary	Keys
Greater Rift Keystone Rank 63	93346497	legendary	Keys
Greater Rift Keystone Rank 62	93346496	legendary	Keys
Greater Rift Keystone Rank 61	93346495	legendary	Keys
Greater Rift Keystone Rank 60	93346494	legendary	Keys
Greater Rift Keystone Rank 59	93346470	legendary	Keys
Greater Rift Keystone Rank 58	93346469	legendary	Keys
Greater Rift Keystone Rank 57	93346468	legendary	Keys
Greater Rift Keystone Rank 56	93346467	legendary	Keys
Greater Rift Keystone Rank 55	93346466	legendary	Keys
Greater Rift Keystone Rank 54	93346465	legendary	Keys
Greater Rift Keystone Rank 53	93346464	legendary	Keys
Greater Rift Keystone Rank 52	93346463	legendary	Keys
Greater Rift Keystone Rank 51	93346462	legendary	Keys
Greater Rift Keystone Rank 50	93346461	legendary	Keys
Greater Rift Keystone Rank 49	93346437	legendary	Keys
Greater Rift Keystone Rank 48	93346436	legendary	Keys
Greater Rift Keystone Rank 47	93346435	legendary	Keys
Greater Rift Keystone Rank 46	93346434	legendary	Keys
Greater Rift Keystone Rank 45	93346433	legendary	Keys
Greater Rift Keystone Rank 44	93346432	legendary	Keys
Greater Rift Keystone Rank 43	93346431	legendary	Keys
Greater Rift Keystone Rank 42	93346430	legendary	Keys
Greater Rift Keystone Rank 41	93346429	legendary	Keys
Greater Rift Keystone Rank 40	93346428	legendary	Keys
Greater Rift Keystone Rank 39	93346404	legendary	Keys
Greater Rift Keystone Rank 38	93346403	legendary	Keys
Greater Rift Keystone Rank 37	93346402	legendary	Keys
Greater Rift Keystone Rank 36	93346401	legendary	Keys
Greater Rift Keystone Rank 35	93346400	legendary	Keys
Greater Rift Keystone Rank 34	93346399	legendary	Keys
Greater Rift Keystone Rank 33	93346398	legendary	Keys
Greater Rift Keystone Rank 32	93346397	legendary	Keys
Greater Rift Keystone Rank 31	93346396	legendary	Keys
Greater Rift Keystone Rank 30	93346395	legendary	Keys
Greater Rift Keystone Rank 29	93346371	legendary	Keys
Greater Rift Keystone Rank 28	93346370	legendary	Keys
Greater Rift Keystone Rank 27	93346369	legendary	Keys
Greater Rift Keystone Rank 26	93346368	legendary	Keys
Greater Rift Keystone Rank 25	93346367	legendary	Keys
Greater Rift Keystone Rank 24	93346366	legendary	Keys
Greater Rift Keystone Rank 23	93346365	legendary	Keys
Greater Rift Keystone Rank 22	93346364	legendary	Keys
Greater Rift Keystone Rank 21	93346363	legendary	Keys
Greater Rift Keystone Rank 20	93346362	legendary	Keys
Greater Rift Keystone Rank 19	93346338	legendary	Keys
Greater Rift Keystone Rank 18	93346337	legendary	Keys
Greater Rift Keystone Rank 17	93346336	legendary	Keys
Greater Rift Keystone Rank 16	93346335	legendary	Keys
Greater Rift Keystone Rank 15	93346334	legendary	Keys
Greater Rift Keystone Rank 14	93346333	legendary	Keys
Greater Rift Keystone Rank 13	93346332	legendary	Keys
Greater Rift Keystone Rank 12	93346331	legendary	Keys
Greater Rift Keystone Rank 11	93346330	legendary	Keys
Greater Rift Keystone Rank 10	93346329	legendary	Keys
Art_Test_Boots_9	931997604	legendary	Testing: Art
Art_Test_Boots_8	931997603	legendary	Testing: Art
Art_Test_Boots_7	931997602	legendary	Testing: Art
Art_Test_Boots_6	931997601	legendary	Testing: Art
Art_Test_Boots_5	931997600	legendary	Testing: Art
Art_Test_Boots_4	931997599	legendary	Testing: Art
Art_Test_Boots_3	931997598	legendary	Testing: Art
Art_Test_Boots_2	931997597	legendary	Testing: Art
Art_Test_Boots_1	931997596	legendary	Testing: Art
Kamyr's Orders	925362070	legendary	Lore
Immortal King's Tribal Binding (Barbarian Set: Immortal King's Call)	924318868	legendary	Mighty Belts
Demon's Animus (Set: Demon's Hide)	924297310	legendary	Bracers
Legendary: Ageless Might	924282931	legendary	Mighty Belts
Guardian's Aversion (Set: Guardian's Jeopardy)	924261373	legendary	Bracers
Legendary: Kotuur's Brace	924246994	legendary	Mighty Belts
Legendary: The Undisputed Champion	924211057	legendary	Mighty Belts
Legendary: Lamentation BARBARIAN	924175120	legendary	Mighty Belts
Legendary: Lamentation (Patch 2.1.0) BARBARIAN	924174856	legendary	Mighty Belts
Legendary: Girdle of Giants	924139183	legendary	Mighty Belts
Legendary: Thundergod's Vigor	924103246	legendary	Belts
Legendary: Pride of Cassius BARBARIAN	924067309	legendary	Mighty Belts
Legendary: Dread Iron	924031372	legendary	Mighty Belts
Aughild's Power (Set: Aughild's Authority)	2974747246	legendary	Shoulders
Legendary: Strongarm Bracers	923327011	legendary	Bracers
Legendary: Gungdo Gear MONK	923291074	legendary	Bracers
Legendary: Lacuni Prowlers	923255137	legendary	Bracers
Legendary: Steady Strikers	923219200	legendary	Bracers
Legendary: Slave Bonds	923183263	legendary	Bracers
Legendary: Promise of Glory	923147326	legendary	Bracers
Legendary: Kethryes' Splint	923111389	legendary	Bracers
Summoner of the Dead	920539156	legendary	Lore
Legendary: Splint Mail Gloves (Patch 2.3.0)	920435716	legendary	Gloves
Chancellor's Mantle (Patch 2.6.6)	917826291	legendary	NPC Items
Legendary: The Dagger of Darts (Patch 2.1.0) WITCH DOCTOR	916911835	legendary	Ceremonial Knives
Legendary: Sacred Harvester (Patch 2.1.0) WITCH DOCTOR	916911834	legendary	Ceremonial Knives
The King's Journal, Part 2	913430383	legendary	Lore
The King's Journal, Part 1	913430382	legendary	Lore
Pet: Gruunk	909568905	legendary	Pets
Enraged Phantasm	90729293	legendary	Lore
Legendary: Fury of the Vanished Peak (Patch 2.6.1) CRUSADER	905710060	legendary	Mighty Weapons, Two-Handed
Legendary: The Gavel of Judgment (Patch 2.6.1) CRUSADER	905710055	legendary	Mighty Weapons, Two-Handed
Cartographer's Toolkit	903645542	legendary	Crafting Materials
Demon's Flesh (Set: Demon's Carapace)	903144240	legendary	Pants
Blackthorne's Breeches (Set: Blackthorne's Regalia)	903144239	legendary	Pants
Captain Crimson's Codpiece (Set: Captain Crimson's Attire)	903144238	legendary	Pants
Cain's Raiment (Set: Cain's Honor)	903144236	legendary	Pants
Asheara's Cradle (Set: Asheara's Bindings)	903144212	legendary	Pants
Inna's Glory (Set: Inna's Majesty)	903144211	legendary	Pants
A New Era	900358318	legendary	Lore
FacePuzzleSmallKey	899528155	legendary	NPC Items
Pennant: Monk Ascendant (Patch 2.4.0)	895493953	legendary	Pennants
Pennant: Barbarian Ascendant (Patch 2.4.0)	895083523	legendary	Pennants
AlbrechtsRemains	893398919	legendary	NPC Items
Zoltun Kulle's Rotting Head	892508204	legendary	NPC Items
Leah's Keep Journal, Part 4	891922975	legendary	Lore
Leah's Keep Journal, Part 3	891922974	legendary	Lore
Leah's Keep Journal, Part 2	891922973	legendary	Lore
Leah's Keep Journal, Part 1	891922972	legendary	Lore
Leah's Caldeum Journal, Part 5	891922971	legendary	Lore
Leah's Caldeum Journal, Part 4	891922970	legendary	Lore
Leah's Caldeum Journal, Part 3	891922969	legendary	Lore
Leah's Caldeum Journal, Part 2	891922968	legendary	Lore
Leah's Caldeum Journal, Part 1	891922967	legendary	Lore
Talisman of Akkhan (Crusader Set: Armor of Akkhan)	889637079	legendary	Amulets
PTR: Crusader Sets	887947226	legendary	PTR Packs
Base (Tier 23) Diabolic Wand	88668318	legendary	Wands
Base (Tier 22) Demon's Head Wand	88668317	legendary	Wands
Base (Tier 21) Desolator Wand	88667234	legendary	Wands
Base (Tier 20) Strike Wand	88667233	legendary	Wands
Base (Tier 19) Archmage Wand	88667232	legendary	Wands
Base (Tier 18) Spellbinder	88667231	legendary	Wands
Base (Tier 17) Magus Wand	88667230	legendary	Wands
Base (Tier 16) Guardian	88667229	legendary	Wands
Base (Tier 15) Greater Wand	88667228	legendary	Wands
Base (Tier 14) Silversteel Wand	88666145	legendary	Wands
Base (Tier 13) Sorcery Wand	88666144	legendary	Wands
Base (Tier 12) Divination Wand	88666143	legendary	Wands
Base (Tier 11) Battle Wand	88666142	legendary	Wands
Base (Tier 10) Jade Wand	88666141	legendary	Wands
Base (Tier 09) Duelist Wand	88666140	legendary	Wands
Base (Tier 08) Petrified Wand	88666139	legendary	Wands
Base (Tier 07) Grim Wand	88665056	legendary	Wands
Base (Tier 06) Enchanter Wand	88665055	legendary	Wands
Base (Tier 05) Mentor Wand	88665054	legendary	Wands
Base (Tier 04) Steel Wand	88665053	legendary	Wands
Base (Tier 03) Wand	88665052	legendary	Wands
Base (Tier 02) Oak Wand	88665051	legendary	Wands
Base (Tier 01) Lesser Wand	88665050	legendary	Wands
Base (Tier 00) Apprentice's Wand	88665049	legendary	Wands
Legendary: Conqueror's Cuirass (Patch 2.1.0)	883162595	legendary	Chest Armor
Sage's Grasp (Set: Sage's Wisdom)	880593693	legendary	Gloves
Cain's Warmers (Set: Cain's Honor)	880593691	legendary	Gloves
Asheara's Clasp (Set: Asheara's Bindings)	880593662	legendary	Gloves
Immortal King's Forge (Set: Immortal King)	880593661	legendary	Gloves
Frostburn Gauntlets	880593655	legendary	Gloves
Pendergrasps	880593654	legendary	Gloves
P2 TEST RING 050 (Patch 2.2.0) WIZARD	878388987	legendary	Developer Armor
P2 TEST RING 049 (Patch 2.2.0) MONK	878388963	legendary	Developer Armor
P2 TEST RING 048 (Patch 2.2.0) BARBARIAN	878388962	legendary	Developer Armor
P2 TEST RING 047 (Patch 2.2.0)	878388961	legendary	Developer Armor
P2 TEST RING 046 (Patch 2.2.0)	878388960	legendary	Developer Armor
P2 TEST RING 045 (Patch 2.2.0)	878388959	legendary	Developer Armor
P2 TEST RING 044 (Patch 2.2.0) WITCH DOCTOR	878388958	legendary	Developer Armor
P2 TEST RING 043 (Patch 2.2.0) BARBARIAN	878388957	legendary	Developer Armor
P2 TEST RING 042 (Patch 2.2.0)	878388956	legendary	Developer Armor
P2 TEST RING 041 (Patch 2.2.0) WITCH DOCTOR	878388955	legendary	Developer Armor
P2 TEST RING 040 (Patch 2.2.0)	878388954	legendary	Developer Armor
P2 TEST RING 039 (Patch 2.2.0)	878388930	legendary	Developer Armor
P2 TEST RING 038 (Patch 2.2.0)	878388929	legendary	Developer Armor
P2 TEST RING 037 (Patch 2.2.0) WIZARD	878388928	legendary	Developer Armor
P2 TEST RING 036 (Patch 2.2.0) WIZARD	878388927	legendary	Developer Armor
P2 TEST RING 035 (Patch 2.2.0) WITCH DOCTOR	878388926	legendary	Developer Armor
P2 TEST RING 034 (Patch 2.2.0) MONK	878388925	legendary	Developer Armor
P2 TEST RING 033 (Patch 2.2.0) MONK	878388924	legendary	Developer Armor
P2 TEST RING 032 (Patch 2.2.0) BARBARIAN	878388923	legendary	Developer Armor
P2 TEST RING 031 (Patch 2.2.0) DEMON HUNTER	878388922	legendary	Developer Armor
P2 TEST RING 030 (Patch 2.2.0) WITCH DOCTOR	878388921	legendary	Developer Armor
P2 TEST RING 029 (Patch 2.2.0) MONK MYSTIC ALLY RING	878388897	legendary	Developer Armor
P2 TEST RING 028 (Patch 2.2.0) WIZARD	878388896	legendary	Developer Armor
P2 TEST RING 027 (Patch 2.2.0) BARBARIAN	878388895	legendary	Developer Armor
P2 TEST RING 026 (Patch 2.2.0) BARBARIAN	878388894	legendary	Developer Armor
P2 TEST RING 025 (Patch 2.2.0) BARBARIAN	878388893	legendary	Developer Armor
P2 TEST RING 024 (Patch 2.2.0)	878388892	legendary	Developer Armor
P2 TEST RING 023 (Patch 2.2.0) DEMON HUNTER	878388891	legendary	Developer Armor
P2 TEST RING 022 (Patch 2.2.0) MONK	878388890	legendary	Developer Armor
P2 TEST RING 021 (Patch 2.2.0) MONK DASHING STRIKE RING	878388889	legendary	Developer Armor
P2 Test Ring 020 (Patch 2.1.2) DEMON HUNTER	878388888	legendary	Developer Armor
P2 Test Ring 019 (Patch 2.1.2) MONK	878388864	legendary	Developer Armor
P2 Test Ring 018 (Patch 2.1.2) MONK	878388863	legendary	Developer Armor
P2 Test Ring 017 (Patch 2.1.2) DEMON HUNTER	878388862	legendary	Developer Armor
P2 Test Ring 016 (Patch 2.1.2) WIZARD	878388861	legendary	Developer Armor
P2 Test Ring 015 (Patch 2.1.2) WIZARD	878388860	legendary	Developer Armor
P2 Test Ring 014 (Patch 2.1.2) WITCH DOCTOR	878388859	legendary	Developer Armor
P2 Test Ring 013 (Patch 2.1.2) WIZARD	878388858	legendary	Developer Armor
P2 Test Ring 012 (Patch 2.1.2) WIZARD	878388857	legendary	Developer Armor
P2 Test Ring 011 (Patch 2.1.2)	878388856	legendary	Developer Armor
P2 Test Ring 010 (Patch 2.1.2) WIZARD	878388855	legendary	Developer Armor
P2 Test Ring 009 (Patch 2.1.2) BARBARIAN	878388831	legendary	Developer Armor
P2 Test Ring 008 (Patch 2.1.2)	878388830	legendary	Developer Armor
P2 Test Ring 007 (Patch 2.1.2) DEMON HUNTER	878388829	legendary	Developer Armor
P2 Test Ring 006 (Patch 2.1.2) DEMON HUNTER	878388828	legendary	Developer Armor
P2 Test Ring 005 (Patch 2.1.2) DEMON HUNTER	878388827	legendary	Developer Armor
P2 Test Ring 004 (Patch 2.1.2) BARBARIAN	878388826	legendary	Developer Armor
P2 Test Ring 003 (Patch 2.1.2) BARBARIAN	878388825	legendary	Developer Armor
P2 Test Ring 002 (Patch 2.1.2) BARBARIAN	878388824	legendary	Developer Armor
Test Ring 001 (Patch 2.1.2) BARBARIAN	878388823	legendary	Developer Armor
px DevilsHand TestGlobe Dropped (Patch 2.2.0)	87458782	legendary	NPC Items
Journal of Hansan Haile, Captain	872964849	legendary	Lore
Design: Flawless Royal Topaz	872863289	legendary	Jeweler Design
Design: Royal Topaz	872827351	legendary	Jeweler Design
Faded Recipe	872719537	legendary	Jeweler Design
Faded Recipe	872683599	legendary	Jeweler Design
Faded Recipe	872647661	legendary	Jeweler Design
Faded Recipe	872611723	legendary	Jeweler Design
P41 Unique Ring 015 (Patch 2.4.1)	870187311	legendary	Developer Armor
P41 Unique Ring 012 (Patch 2.4.1) MONK	870187308	legendary	Developer Armor
P41 Unique Ring 011 (Patch 2.4.1) DEMON HUNTER	870187307	legendary	Developer Armor
P41 Unique Ring 010 (Patch 2.4.1) MONK	870187306	legendary	Developer Armor
P41 Unique Ring 009 (Patch 2.4.1)	870187282	legendary	Developer Armor
P41 Unique Ring 008 (Patch 2.4.1)	870187281	legendary	Developer Armor
P41 Unique Ring 007 (Patch 2.4.1) DEMON HUNTER	870187280	legendary	Developer Armor
P41 Unique Ring 006 (Patch 2.4.1) CRUSADER	870187279	legendary	Developer Armor
P41 Unique Ring 005 (Patch 2.4.1) WITCH DOCTOR	870187278	legendary	Developer Armor
P41 Unique Ring 004 (Patch 2.4.1) MONK	870187277	legendary	Developer Armor
P41 Unique Ring 003 (Patch 2.4.1) WITCH DOCTOR	870187276	legendary	Developer Armor
P41 Unique Ring 002 (Patch 2.4.1) BARBARIAN	870187275	legendary	Developer Armor
P41 Unique Ring 001 (Patch 2.4.1) WIZARD	870187274	legendary	Developer Armor
Panther's Claw (Patch 2.4.1)	868864648	legendary	Fist Weapons
Hand of Despair (Patch 2.4.1)	868864647	legendary	Fist Weapons
Markings of Savages (Barbarian Set: Horde of the Ninety Savages)	868571513	legendary	Chest Armor
Mundunugu's Robe (Witchdoctor Set: Mundunugu's Regalia)	868571512	legendary	Chest Armor
Typhon's Thorax (Wizard Set: The Typhon's Veil)	868571511	legendary	Chest Armor
Plan: Board Walkers	867919825	legendary	Blacksmith Plan
A2 MapVendor DungeonMap	867759243	legendary	Junk
Horadric Cache: HoradricCacheA2Expert	86683563	legendary	Caches
Common: Arkaine's Valor (Patch 2.4.3)	863594612	legendary	Chest Armor
Common: Godly Plate of the Whale (Patch 2.4.3)	863594611	legendary	Chest Armor
Pennant: Wizard Ascendant (Patch 2.4.0)	861238324	legendary	Pennants
Pennant: Crusader Ascendant (Patch 2.4.0)	861216371	legendary	Pennants
Professional Russian's Crossbow Pistol	860521450	legendary	Developer Weapons
The Drowned Temple	85406869	legendary	Lore
Plan: Exalted Grand Runic Quiver	844895418	legendary	Blacksmith Plan
Plan: Exalted Fine Runic Quiver	844895417	legendary	Blacksmith Plan
Plan: Exalted Runic Quiver	844895416	legendary	Blacksmith Plan
Legendary: Valla's Bequest (Patch 2.3.0) DEMON HUNTER	842995367	legendary	Hand Crossbows
Fallen Lunatic	84174677	legendary	Lore
Legendary: Denial (Patch 2.2.0)	841509030	legendary	Shields
Legendary: Ivory Tower (Patch 2.2.0)	841509025	legendary	Shields
Common: Veil of Steel (Patch 2.4.3)	8361882	legendary	Helms
Common: The Undead Crown (Patch 2.4.3)	8361881	legendary	Helms
Common: Harlequin Crest (Patch 2.4.3)	8361880	legendary	Helms
Shadowclone "Mighty Weapons, Two-Handed" (Inferno)	832184156	legendary	Developer Weapons
The Cult Shall Rise Again	831394876	legendary	Lore
Gillian's Diary, Part 1	829218340	legendary	Lore
An Abridged History of Caldeum, Part 6	828022516	legendary	Lore
An Abridged History of Caldeum, Part 5	828022515	legendary	Lore
An Abridged History of Caldeum, Part 4	828022514	legendary	Lore
An Abridged History of Caldeum, Part 3	828022513	legendary	Lore
An Abridged History of Caldeum, Part 2	828022512	legendary	Lore
An Abridged History of Caldeum, Part 1	828022511	legendary	Lore
Helltooth Leg Guards (Witchdoctor Set: Helltooth Harness)	827231509	legendary	Pants
Weight of the Earth (Barbarian Set: Might of the Earth)	827195572	legendary	Pants
The Shadow's Coil (Demon Hunter Set: The Shadow’s Mantle)	827159635	legendary	Pants
Vyr's Fantastic Finery (Wizard Set: Vyr's Amazing Arcana)	827123698	legendary	Pants
Renewal of the Invoker (Crusader Set: Thorns of the Invoker)	827087761	legendary	Pants
Sunwuko's Leggings (Monk Set: Monkey King's Garb)	827051824	legendary	Pants
Cuisses of Akkhan (Crusader Set: Armor of Akkhan)	827015887	legendary	Pants
Testing: Channeling Ring (Patch 2.4.0)	826688814	legendary	Rings
Legendary: Band of Might (Patch 2.4.0) BARBARIAN	826688813	legendary	Rings
Legendary: Ashnagarr's Blood Ring (Patch 2.4.0)	826688812	legendary	Rings
Legendary: Justice Lantern (Patch 2.4.0)	826688811	legendary	Rings
Legendary: Elusive Ring (Patch 2.4.0) DEMON HUNTER	826688810	legendary	Rings
Legendary: Ring of Emptiness (Patch 2.4.0) WITCH DOCTOR	826688809	legendary	Rings
Jade Harvester's Courage (Witchdoctor Set: Raiment of the Jade Harvester)	826153399	legendary	Pants
Scales of the Dancing Serpent (Monk Set: Raiment of a Thousand Storms)	826117462	legendary	Pants
Marauder's Encasement (Demon Hunter Set: Embodiment of the Marauder)	826081525	legendary	Pants
Firebird's Down (Wizard Set: Firebird's Finery)	826045588	legendary	Pants
Raekor's Breeches (Barbarian Set: The Legacy of Raekor)	826009651	legendary	Pants
Towers of the Light (Crusader Set: Seeker of the Light)	825937515	legendary	Pants
Unholy Plates (Demon Hunter Set: Unhallowed Essence)	825937514	legendary	Pants
Arachyr's Legs (Witchdoctor Set: Spirit of Arachyr)	825901578	legendary	Pants
Leg Guards of Mystery (Wizard Set: Delsere's Magnum Opus)	825901577	legendary	Pants
Uliana's Burden (Monk Set: Uliana's Stratagem)	825865641	legendary	Pants
Tasset of the Wastes (Barbarian Set: Wrath of the Wastes)	825865640	legendary	Pants
Roland's Determination (Crusader Set: Roland's Legacy)	825865639	legendary	Pants
Legendary: Yang's Recurve (Patch 2.6.1)	824617488	legendary	Bows
Torn Letter's Response	82422930	legendary	Lore
Torn Letter	82422929	legendary	Lore
Legendary: Hack	824198023	legendary	Axes, One-Handed
Legendary: Fenris Tooth	824162086	legendary	Axes, One-Handed
Common: Aidan's Revenge	824126149	legendary	Axes, One-Handed
Plan: Exalted Grand Mythical Staff	82340210	legendary	Blacksmith Plan
Plan: Exalted Fine Mythical Staff	82340209	legendary	Blacksmith Plan
Plan: Exalted Mythical Staff	82340208	legendary	Blacksmith Plan
Legendary: Frydehr's Wrath (Patch 2.6.1)	823119018	legendary	Crusader Shields
Inarius's Reticence (Necromancer Set: Grace of Inarius)	821646014	legendary	Pants
Legendary: Salvation CRUSADER	820751033	legendary	Crusader Shields
Legendary: The Final Witness CRUSADER	820715096	legendary	Crusader Shields
Legendary: Sublime Conviction CRUSADER	820679159	legendary	Crusader Shields
Legendary: Hellskull CRUSADER	820643222	legendary	Crusader Shields
Legendary: Akarat's Awakening CRUSADER	820607285	legendary	Crusader Shields
Legendary: Hallowed Bulwark CRUSADER	820571348	legendary	Crusader Shields
Legendary: Jekangbord	820535411	legendary	Crusader Shields
Legendary: Piro Marella	820499474	legendary	Crusader Shields
Last Will of Khan Dakab	815737414	legendary	Lore
PTR: Demon Hunter Sets	812705226	legendary	PTR Packs
Inarius's Conviction (Necromancer Set: Grace of Inarius)	806470767	legendary	Chest Armor
Inarius's Perseverance (Necromancer Set: Grace of Inarius)	805547327	legendary	Boots
Art_Test_CruShield_5	795980380	legendary	Testing: Art
Art_Test_CruShield_4	795980379	legendary	Testing: Art
Art_Test_CruShield_3	795980378	legendary	Testing: Art
Art_Test_CruShield_2	795980377	legendary	Testing: Art
Art_Test_CruShield_1	795980376	legendary	Testing: Art
PTR: Armament Pack	792617163	legendary	PTR Packs
Exarch	789563798	legendary	Lore
Frame: Call to Adventure - Guardian (Patch 2.4.0)	789315594	legendary	Portrait Frames
Frame: Call to Adventure - Conqueror (Patch 2.4.0)	789315593	legendary	Portrait Frames
Frame: Call to Adventure - Destroyer (Patch 2.4.0)	789315592	legendary	Portrait Frames
Frame: Call to Adventure - Champion (Patch 2.4.0)	789315591	legendary	Portrait Frames
Frame: Call to Adventure - Slayer (Patch 2.4.0)	789315590	legendary	Portrait Frames
Frame: Call to Adventure (Patch 2.4.0)	789315589	legendary	Portrait Frames
The Barber (Patch 2.5.0) WITCH DOCTOR	786688478	legendary	Ceremonial Knives
Hallowed Breach (Set: Hallowed Protectors)	786248551	legendary	Axe
Legendary: The Burning Axe of Sankis	785206378	legendary	Axes, One-Handed
Legendary: The Butcher's Sickle	785170441	legendary	Axes, One-Handed
Legendary: Sky Splitter	785134504	legendary	Axes, One-Handed
Legendary: Sky Splitter (Patch 2.2.0)	785134241	legendary	Axes, One-Handed
Legendary: Utar's Roar	785098567	legendary	Axes, One-Handed
Legendary: Genzaniku	785062630	legendary	Axes, One-Handed
Legendary: Flesh Tearer	784990756	legendary	Axes, One-Handed
Plan: Golden Scourge	780377031	legendary	Blacksmith Plan
Quaking Vial	778194127	legendary	Crafting Components
Legendary: Bryner's Journey (Patch 2.6.0) NECROMANCER	778057211	legendary	Boots
Legendary: Steuart's Greaves (Patch 2.6.0) NECROMANCER	778057210	legendary	Boots
New Tristram	775555921	legendary	Lore
Plan: Cain's Fate	769833298	legendary	Blacksmith Plan
Plan: Born's Defiance	769833297	legendary	Blacksmith Plan
Horadric Cache: HoradricCacheA3Torment	76937213	legendary	Caches
Large Horadric Chest: DoubleBountyBagAct4Expert	762947818	legendary	Misc
Testing: Heroic Crossbow	762151705	legendary	Crossbows
Testing: Mighty Crossbow	762151704	legendary	Crossbows
Testing: Heavy Crossbow	762151703	legendary	Crossbows
The Black Rock Ledger, Page 42	761573029	legendary	Lore
The Black Rock Ledger, Page 23	761573028	legendary	Lore
The Black Rock Ledger, Page 16	761573027	legendary	Lore
The Black Rock Ledger, Page 15	761573026	legendary	Lore
The Black Rock Ledger, Page 8	761573025	legendary	Lore
The Black Rock Ledger, Page 4	761573024	legendary	Lore
Legendary: Hellfire Amulet (Patch 2.1.0)	761548935	legendary	Amulets
Augur	761439029	legendary	Enchantress Focus
Anamorphosis	761439028	legendary	Enchantress Focus
Herb	761439027	legendary	Enchantress Focus
Cauldron	761439026	legendary	Enchantress Focus
Oculus	761439025	legendary	Enchantress Focus
Eternity Mirror	761439024	legendary	Enchantress Focus
Root	761437938	legendary	Enchantress Focus
Crucible	761437937	legendary	Enchantress Focus
Blink	761437936	legendary	Enchantress Focus
Scrying Glass	761437935	legendary	Enchantress Focus
Eye	761436847	legendary	Enchantress Focus
Mirror	761436846	legendary	Enchantress Focus
Legendary: Crystal Fist (Patch 2.4.1) MONK	761073719	legendary	Fist Weapons
Legendary: Fleshrake (Patch 2.4.1) MONK	761073718	legendary	Fist Weapons
Legendary: The Demon's Demise (Patch 2.4.2) DEMON HUNTER	760767651	legendary	Hand Crossbows
Last of the Barbarians, Part 5	759964080	legendary	Lore
Last of the Barbarians, Part 4	759964079	legendary	Lore
Last of the Barbarians, Part 3	759964078	legendary	Lore
Last of the Barbarians, Part 2	759964077	legendary	Lore
Last of the Barbarians, Part 1	759964076	legendary	Lore
Shadowclone Ceremonial Knife (Nightmare)	754127773	legendary	Developer Weapons
Skeleton King's Crown	753721399	legendary	NPC Items
Cataclysm	752460506	legendary	Maces, Two-Handed
Boneshatter	752460503	legendary	Maces, Two-Handed
Legendary: Vengeful Wind (Patch 2.4.0) MONK	746976661	legendary	Fist Weapons
Legendary: Leoric's Gauntlets (PS3 Promo)	742334711	legendary	Gloves
Large Horadric Chest: DoubleBountyBagAct5Hard	739488978	legendary	Misc
Horadric Cache: HoradricCacheA1Torment	739397179	legendary	Caches
Large Horadric Chest: DoubleBountyBagAct4Hard	738303057	legendary	Misc
Legendary: Halcyon's Ascent (Patch 2.1.0)	737941201	legendary	Amulets
Large Horadric Chest: DoubleBountyBagAct3Hard	737117136	legendary	Misc
Large Horadric Chest: DoubleBountyBagAct2Hard	735931215	legendary	Misc
Large Horadric Chest: DoubleBountyBagAct1Hard	734745294	legendary	Misc
Adria's Journal, Part 7	733368986	legendary	Lore
Notes of Urik the Seer, Part 3	732715823	legendary	Lore
Notes of Urik the Seer, Part 2	732715822	legendary	Lore
Notes of Urik the Seer, Part 1	732715821	legendary	Lore
Bonus Cache: BonusAct2BagT13	728398259	legendary	Caches
Bonus Cache: BonusAct2BagT12	728398258	legendary	Caches
Bonus Cache: BonusAct2BagT11	728398257	legendary	Caches
Bonus Cache: BonusAct2BagT10	728398256	legendary	Caches
Bottomless Regular Health Potion (Patch 2.2.0)	727989467	legendary	Potion
Adventurer's Journal	727152075	legendary	Crafting Materials
Wings of the Crypt Guardian (Patch 2.6.0)	726768249	legendary	Wings
Liquid Rainbow	725082635	legendary	Crafting Components
Wings: Trag'Oul Wings (Patch 2.6.0)	721772994	legendary	Wings
The Hanging Tree	721065374	legendary	Lore
Tome of Set Dungeons, page 130	720297758	legendary	Lore
Pet: Lamb (Patch 2.5.0)	719029307	legendary	Pets
Legendary: Fortress Ballista (Patch 2.4.0) DEMON HUNTER	717504149	legendary	Hand Crossbows
Legendary: Lianna's Wings (Patch 2.4.0) DEMON HUNTER	717504148	legendary	Hand Crossbows
Earthshatter	713325116	legendary	Mace
[TEMP] Test Ring 1000	708102766	legendary	Developer Armor
Andariel, the Maiden of Anguish	704654350	legendary	Lore
Scholarly Writings	704159709	legendary	Tome of Training
Art_Test_Pet_9	703352262	legendary	Testing: Art
Art_Test_Pet_8	703352261	legendary	Testing: Art
Art_Test_Pet_7	703352260	legendary	Testing: Art
Art_Test_Pet_6	703352259	legendary	Testing: Art
Art_Test_Pet_5	703352258	legendary	Testing: Art
Art_Test_Pet_4	703352257	legendary	Testing: Art
Art_Test_Pet_3	703352256	legendary	Testing: Art
Art_Test_Pet_2	703352255	legendary	Testing: Art
Art_Test_Pet_1	703352254	legendary	Testing: Art
Pet: Gluttony (Patch 2.5.0)	703053224	legendary	Pets
Wings: Skeletal (Patch 2.3.0)	702834906	legendary	Wings
Dread	702834905	legendary	Wings
Blue Horror	702834904	legendary	Wings
Dark Bat	702834903	legendary	Wings
Sulfuric Tide	702834902	legendary	Wings
Brimstone Ascendant	702834901	legendary	Wings
Testing: Art Test Orb 8 (Patch 2.6.0)	702613919	legendary	Testing: Art
Testing: Art Test Orb 7 (Patch 2.6.0)	702613918	legendary	Testing: Art
Testing: Art Test Orb 6 (Patch 2.6.0)	702613917	legendary	Testing: Art
Testing: Art Test Orb 5	702613916	legendary	Testing: Art
Testing: Art Test Orb 4	702613915	legendary	Testing: Art
Testing: Art Test Orb 3	702613914	legendary	Testing: Art
Testing: Art Test Orb 2	702613913	legendary	Testing: Art
Testing: Art Test Orb 1	702613912	legendary	Testing: Art
Treasure Goblin	692217017	legendary	Lore
Art_Test_Boots_15	691149649	legendary	Testing: Art
Art_Test_Boots_14	691149648	legendary	Testing: Art
Art_Test_Boots_13	691149647	legendary	Testing: Art
Art_Test_Boots_12	691149646	legendary	Testing: Art
Art_Test_Boots_11	691149645	legendary	Testing: Art
Art_Test_Boots_10	691149644	legendary	Testing: Art
Art_Test_Bow_5	687112001	legendary	Testing: Art
Art_Test_Bow_4	687112000	legendary	Testing: Art
Art_Test_Bow_3	687111999	legendary	Testing: Art
Art_Test_Bow_2	687111998	legendary	Testing: Art
Testing: Art Test Bow 1	687111997	legendary	Testing: Art
Bag of Phylacteries	686702215	legendary	PTR Packs
Orn trDun Incense Burner	684496620	legendary	NPC Items
Jail Gate Key	680369210	normal	Quest
Legendary: Eye of Peshkov	674787317	legendary	Spirit Stones
Legendary: Kekegi's Unbreakable Spirit	674751380	legendary	Spirit Stones
Legendary: The Laws of Seph	674715443	legendary	Spirit Stones
Pestilence Gloves (Necromancer Set: Pestilence Master's Shroud)	674149065	set	Gloves
Wings: Wings of the Dedicated (Patch 2.4.0)	671128753	normal	Wings
Pennant: Necromancer Ascendant (Patch 2.6.0)	671111717	normal	Pennants
Legendary: Nightmarish Staff of Herding	670723600	legendary	Staves
Liv Moore	664373032	normal	Pets
Battlefield Reports	66225719	normal	Lore
Boggit	661688183	normal	Lore
Tome of Set Dungeons, page 78	659541940	set	Lore
Horadric Cache: HoradricCacheA5Hard	650528853	normal	Caches
Horadric Cache: HoradricCacheA4Hard	649342932	normal	Caches
Missive from Imperius	648677458	normal	Lore
Horadric Cache: HoradricCacheA3Hard	648157011	normal	Caches
Horadric Cache: HoradricCacheA2Hard	646971090	normal	Caches
Horadric Cache: HoradricCacheA1Hard	645785169	normal	Caches
Plan: Nightmarish Staff of Herding	645585264	normal	Blacksmith Plan
Inna's Radiance (Monk Set: Inna's Mantra)	635867546	set	Spirit Stones
Legendary: Madstone	635831609	legendary	Spirit Stones
Legendary: Tzo Krin's Gaze	635795672	legendary	Spirit Stones
Legendary: The Eye of the Storm	635759735	legendary	Spirit Stones
Legendary: See No Evil	635723798	legendary	Spirit Stones
Legendary: Gyana Na Kashu MONK	635687861	legendary	Spirit Stones
Legendary: Erlang Shen	635651924	legendary	Spirit Stones
Legendary: The Mind's Eye	635615987	legendary	Spirit Stones
Legendary: Bezoar Stone	635580050	legendary	Spirit Stones
Hallowed Judgment (Set: Hallowed Defenders)	630867591	set	Hand Crossbows
Hallowed Judgment (Set: Hallowed Defenders)	630865147	set	Hand Crossbows
Leah's Tristram Journal, Part 4	629974535	normal	Lore
Leah's Tristram Journal, Part 5	629968021	normal	Lore
Testament of My Failure, Part 2	626164170	normal	Lore
Testament of My Failure, Part 1	626164169	normal	Lore
Journal of Rayeld the Younger, Part 5	626164168	normal	Lore
Journal of Rayeld the Younger, Part 4	626164167	normal	Lore
Journal of Rayeld the Younger, Part 3	626164166	normal	Lore
Journal of Rayeld the Younger, Part 2	626164165	normal	Lore
Journal of Rayeld the Younger, Part 1	626164164	normal	Lore
Plan: Exalted Grand Phantom Bow	623242822	normal	Blacksmith Plan
Plan: Exalted Fine Phantom Bow	623242821	normal	Blacksmith Plan
Plan: Exalted Phantom Bow	623242820	normal	Blacksmith Plan
Anarch	621163016	normal	Lore
Base (Tier 14) Ascended Mask	620036249	normal	Voodoo Masks
Base (Tier 13) Tribal Mask	620036248	normal	Voodoo Masks
Base (Tier 12) Deva	620036247	normal	Voodoo Masks
Base (Tier 11) Manitou Mask	620036246	normal	Voodoo Masks
Base (Tier 10) Underworld Mask	620036245	normal	Voodoo Masks
Base (Tier 09) Screaming Mask	620036244	normal	Voodoo Masks
Base (Tier 08) Umbra Mask	620035158	normal	Voodoo Masks
Base (Tier 07) Naga Mask	620035157	normal	Voodoo Masks
Base (Tier 06) Burial Mask	620035156	normal	Voodoo Masks
Base (Tier 05) Woodwraith Bark	620035155	normal	Voodoo Masks
Base (Tier 04) Spirit Mask	620034069	normal	Voodoo Masks
Base (Tier 03) Chieftain Mask	620034068	normal	Voodoo Masks
Base (Tier 02) Shaman Mask	620034067	normal	Voodoo Masks
Base (Tier 01) Tribal Mask	620034066	normal	Voodoo Masks
Legendary: Gloves of Worship	614421601	legendary	Gloves
Legendary: Alabaster Gloves MONK	614385664	legendary	Gloves
Legendary: St. Archew's Gage	614349727	legendary	Gloves
Legendary: St. Archew's Gage (Patch 2.2.0)	614349464	legendary	Gloves
Priest's Contemplations, Part 1	613068827	normal	Lore
Priest's Contemplations, Part 2	613068826	normal	Lore
Plan: Corruption	612002290	normal	Blacksmith Plan
Deceivers	610441837	normal	Lore
Zoltun Kulle's Blue Eye	609972295	normal	NPC Items
Griswold's Masterpiece	608242230	normal	Sword
Born's Seething Rage (Set: Born's Aegis)	608242229	set	Sword
Legendary: Devil Tongue  DEMON HUNTER	608242222	legendary	Swords, One-Handed
Frame: Overwatch (Patch 2.4.0)	604200072	normal	Portrait Frames
Legendary: Wrath of the Bone King	60258143	legendary	Maces, Two-Handed
Legendary: Wrath of the Bone King (Patch 2.1.0)	60257879	legendary	Maces, Two-Handed
Legendary: Skywarden CRUSADER	60186269	legendary	Maces, Two-Handed
Legendary: Sacrificer	595814643	legendary	Ceremonial Knives
Legendary: Messerschmidt's Reaver (Patch 2.6.6)	595616121	legendary	Axes, Two-Handed
Legendary: The Executioner (Patch 2.6.6)	595616090	legendary	Axes, Two-Handed
Legendary: Deathwish (Patch 2.6.1) WIZARD	594732942	legendary	Swords, One-Handed
High Cleric's Journal, Part 2	594680297	normal	Lore
High Cleric's Journal, Part 1	594680296	normal	Lore
Legendary: Schaefer's Hammer	59323781	legendary	Maces, Two-Handed
Legendary: Schaefer's Hammer (Patch 2.2.0)	59323518	legendary	Maces, Two-Handed
Legendary: Sunder	59215970	legendary	Maces, Two-Handed
Legendary: Arthef's Spark of Life	59108159	legendary	Maces, Two-Handed
Legendary: Sledge of Athskeleng	59072222	legendary	Maces, Two-Handed
Pennant: Goat (Patch 2.4.0)	590649887	normal	Pennants
Legendary: Crushbane	59036285	legendary	Maces, Two-Handed
Frame: Hell - Guardian (Patch 2.4.0)	586020315	normal	Portrait Frames
Frame: Hell - Conqueror (Patch 2.4.0)	586020314	normal	Portrait Frames
Frame: Hell - Destroyer (Patch 2.4.0)	586020313	normal	Portrait Frames
Frame: Hell - Champion (Patch 2.4.0)	586020312	normal	Portrait Frames
Frame: Hell - Slayer (Patch 2.4.0)	586020311	normal	Portrait Frames
Frame: Hell (Patch 2.4.0)	586020310	normal	Portrait Frames
Horadric Cache: HoradricCacheA2Torment9	584615637	normal	Caches
Horadric Cache: HoradricCacheA2Torment8	584615636	normal	Caches
Horadric Cache: HoradricCacheA2Torment7	584615635	normal	Caches
Horadric Cache: HoradricCacheA2Torment6	584615634	normal	Caches
Horadric Cache: HoradricCacheA2Torment5	584615633	normal	Caches
Horadric Cache: HoradricCacheA2Torment4	584615632	normal	Caches
Horadric Cache: HoradricCacheA2Torment3	584615631	normal	Caches
Horadric Cache: HoradricCacheA2Torment2	584615630	normal	Caches
Orn trDun Gargoyle 01	582933236	normal	NPC Items
Sage's Purchase (Set: Sage's Journey)	576615877	set	Gloves
Cain's Scrivener (Set: Cain's Destiny)	576544003	set	Gloves
Legendary: Magefist	576508066	legendary	Gloves
Legendary: Gladiator Gauntlets	576400255	legendary	Gloves
Asheara's Ward (Set: Asheara's Vestments)	575501830	set	Gloves
Immortal King's Irons (Barbarian Set: Immortal King's Call)	575465893	set	Gloves
Legendary: Stone Gauntlets	575429956	legendary	Gloves
Legendary: Tasker and Theo	575286208	legendary	Gloves
Legendary: Frostburn	575250271	legendary	Gloves
Legendary: Penders Purchase	575214334	legendary	Gloves
Legendary: Meditation Crystal (Patch 2.3.0)	574384344	legendary	Spirit Stones
Wings: Anguish's Grasp (Patch 2.4.0)	567892925	normal	Wings
Pet: Angelic Goblin(2.6.7) (S19)	567166426	normal	Pets
Pennant: cos pennant dhSigil 01 (Patch 2.3.0)	566077307	normal	Pennants
Testing: P3 Unique Shoulder 102 (Patch 2.3.0)	565941041	normal	Shoulders
Legendary: Fury of the Ancients (Patch 2.3.0)	565941040	ancient	Shoulders
Testing: P3 Unique Shoulder 100 (Patch 2.3.0) DEMON HUNTER	565941039	normal	Shoulders
Siegebreaker Assault Beast	56567324	normal	Lore
Legendary: Dead Man's Legacy (Patch 2.2.0) DEMON HUNTER	564938473	legendary	Quivers
Spiderling	564441124	normal	Lore
Testing: Blacksteel Shortsword	560809999	normal	Swords, One-Handed
Deckard Cain's Journal, Part 1	554362535	normal	Lore
Malthael's Plan	551638722	normal	Lore
Wings of Northern Skies	550271607	normal	Wings
Wings: Fiacla-G???ar (Patch 2.4.0)	550271606	normal	Wings
Demon's Heart (Set: Demon's Skin)	548862053	set	Chest Armor
Demon's Heart (Set: Demon's Skin)	548859609	set	Chest Armor
Aughild's Dominion (Set: Aughild's Victory)	547676132	set	Chest Armor
Aughild's Dominion (Set: Aughild's Victory)	547673688	set	Chest Armor
Born's Heart of Steel (Set: Born's Defiance)	546490211	set	Chest Armor
Born's Heart of Steel (Set: Born's Defiance)	546487767	set	Chest Armor
Wings: Galactic Wings (Patch 2.6.5)	546207131	normal	Wings
Plan: Exalted Grand Sovereign Mail	543691116	normal	Blacksmith Plan
Plan: Exalted Fine Sovereign Mail	543691115	normal	Blacksmith Plan
Plan: Exalted Sovereign Mail	543691114	normal	Blacksmith Plan
Gas Powered Automail Forearm (Demon Hunter Set: Gears of Dreadlands)	538414804	set	Gloves
Legendary: Fist Weapon of the Shattered Hand (Patch 2.1.0)	537275943	legendary	Fist Weapons
Legendary: Coils of the First Spider (Patch 2.3.0)	533836830	legendary	Bracers
Legendary: Jeram's Bracers (Patch 2.3.0)	533836829	legendary	Bracers
Legendary: Bracers of the First Men (Patch 2.3.0)	533836828	legendary	Bracers
Legendary: Bracers of Destruction (Patch 2.3.0)	533836827	legendary	Bracers
Legendary: Wraps of Clarity (Patch 2.3.0)	533836826	legendary	Bracers
Legendary: Binding Of the Lesser Gods (Patch 2.3.0) MONK	533836825	legendary	Bracers
Legendary: Gabriel's Vambraces (Patch 2.3.0)	533836824	legendary	Bracers
Plan: Exalted Grand Heavy Baldric	531375006	normal	Blacksmith Plan
Plan: Sunder	527593978	normal	Blacksmith Plan
Phial of Weakness	526997101	normal	Crafting Materials
A2C2SharkNecklace	524402999	normal	NPC Items
Monk Staff Pvp 003	522407591	normal	Developer Weapons
Monk Staff Pvp 002	522407590	normal	Developer Weapons
Monk Staff Pvp 001	522407589	normal	Developer Weapons
Pennant: cos pennant cdrSigil 01 (Patch 2.3.0)	522011784	normal	Pennants
Design: Flawless Royal Emerald	521994629	normal	Jeweler Design
Design: Royal Emerald	521958691	normal	Jeweler Design
Faded Recipe	521850877	normal	Jeweler Design
Faded Recipe	521814939	normal	Jeweler Design
Faded Recipe	521779001	normal	Jeweler Design
Faded Recipe	521743063	normal	Jeweler Design
Pet: Probe (Patch 2.2.0)	517654224	normal	Pets
Hallowed Avenger (Set: Hallowed Armaments)	515789479	set	Hand Crossbows
Natalya's Redemption (Set: Natalya's Wrath)	515789443	set	Hand Crossbows
Danetta's Fury (Set: Danetta's Oath)	515789442	set	Hand Crossbows
Danetta's Rage (Set: Danetta's Oath)	515789441	set	Hand Crossbows
Armored Destroyer	515122494	normal	Lore
Venomhusk	513724878	normal	Bows
Robes of the Rydraelm	512098502	normal	Chest Armor
Robes of the Rydraelm	512096058	normal	Chest Armor
Bottomless Potion of Rejuvenation	510979313	normal	Potion
Legendary: Ox Bone Blade (Patch 2.3.0)	510940437	legendary	Daggers
Heart of Iron	510910137	normal	Chest Armor
Legendary: Leoric's Gauntlets (PS3 Promo)	509897201	legendary	Gloves
Sand Dweller	507308136	normal	Lore
Legendary: Infernal Pauldrons	507255184	legendary	Shoulders
Legendary: Orb of Infinite Depth (Patch 2.6.1)	506065954	legendary	Sources
Legendary: Triumvirate (Patch 2.6.1)	506065953	legendary	Sources
Legendary: Etched Sigil (Patch 2.6.1)	506065952	legendary	Sources
Adenah's Jottings	504852499	normal	Lore
Blackened Journal	504121446	normal	NPC Items
Aquila Cuirass	503794611	normal	Chest Armor
The Angiris Council	501220619	normal	Lore
Tome of Blacksmithing	494826242	normal	Tome of Training
Skeletal Crawler	494193920	normal	Lore
Arcana Obscurum	493907862	normal	Quest
Tome of Set Dungeons, page 97	492972658	set	Lore
Legendary: Nilfur's Boast (Patch 2.6.1)	488016499	legendary	Boots
Wizardspike (Daggers)	486613622	normal	_2.6.10
Legendary: Warstaff of General Quang MONK	485535699	legendary	Daibos
Legendary: Staff of Kyro	485499762	legendary	Daibos
Key of Bones	483403932	normal	Crafting Materials
Legendary: Madawc's Sorrow	480897754	legendary	Mighty Weapons, Two-Handed
The Archangel Malthael	478898578	normal	Lore
Demonic Hell Bearer	478100232	normal	Lore
Professional Russian's Stun Proc Bow	476722551	normal	Developer Weapons
Pet: Beagle's Vision (Patch 2.4.0)	471039390	normal	Pets
Pet: Dream of Piers (Patch 2.4.0)	471039389	normal	Pets
Scroll of Companion	468192851	normal	NPC Items
Frame: Eternal Woods - Guardian (Patch 2.4.0)	466824276	normal	Portrait Frames
Frame: Eternal Woods - Conqueror (Patch 2.4.0)	466824275	normal	Portrait Frames
Frame: Eternal Woods - Destroyer (Patch 2.4.0)	466824274	normal	Portrait Frames
Frame: Eternal Woods - Champion (Patch 2.4.0)	466824273	normal	Portrait Frames
Frame: Eternal Woods - Slayer (Patch 2.4.0)	466824272	normal	Portrait Frames
Frame: Eternal Woods (Patch 2.4.0)	466824271	normal	Portrait Frames
Wandering Tinker's Diary	464105835	normal	Lore
Forboding Tome	463155324	normal	Quest
Tome of Set Dungeons, page 63	461159688	set	Lore
Hilt of the Silver Wolf	460247356	normal	Crafting Components
Sword Piece	457400460	normal	NPC Items
Challenge Rift Cache	456652071	normal	Caches
Testing: Elderwood Wand	456527018	normal	Wands
Pennant: Rooster (Patch 2.4.0)	455845058	normal	Pennants
Power-Up Invulnerability	455273651	normal	Junk
Aperture Key	452865871	normal	Keys
Greater Rift Progress Orb	450956006	normal	Drop Items
Belt of the Trove (Belts)	447055002	normal	_2.6.10
Legendary: Flying Dragon	446651865	legendary	Daibos
Legendary: Lai Yui's Persuader MONK	446615928	legendary	Daibos
Legendary: The Paddle	446579991	legendary	Daibos
Legendary: The Flow of Eternity MONK	446508117	legendary	Daibos
Legendary: Rozpedin's Force	446472180	legendary	Daibos
Legendary: Incense Torch of the Grand Temple MONK	446436243	legendary	Daibos
Legendary: Balance	446400306	legendary	Daibos
Inna's Reach (Monk Set: Inna's Mantra)	446364369	set	Daibos
Legendary: War of the Dead	442984219	legendary	Mighty Weapons, Two-Handed
Immortal King's Boulder Breaker (Barbarian Set: Immortal King's Call)	442912345	set	Mighty Weapons, Two-Handed
Legendary: Fury of the Vanished Peak BARBARIAN	441942046	legendary	Mighty Weapons, Two-Handed
Legendary: Bastion's Revered BARBARIAN	441870172	legendary	Mighty Weapons, Two-Handed
Legendary: Bastion's Revered (Patch 2.1.0) BARBARIAN	441869908	legendary	Mighty Weapons, Two-Handed
Legendary: The Gavel of Judgment	441762361	legendary	Mighty Weapons, Two-Handed
Element of Celerity	437938885	normal	Crafting Components
Sword Blade	437383090	normal	NPC Items
ZakarumTotem	437221476	normal	NPC Items
Demon's Revenge (Set: Demon's Skin)	436965302	set	Bracers
Demon's Revenge (Set: Demon's Skin)	436962858	set	Bracers
Guardian's Deflector (Set: Guardian's Contingency)	435779381	set	Bracers
Guardian's Deflector (Set: Guardian's Contingency)	435776937	set	Bracers
Plan: Exalted Grand Sovereign Tassets	435695963	normal	Blacksmith Plan
Plan: Exalted Fine Sovereign Tassets	435695962	normal	Blacksmith Plan
Thunder God's Vigor	430561190	normal	Mighty Belts
Thunder God's Vigor	430558746	normal	Mighty Belts
Warrior's Rest	429729842	normal	Lore
Design: Flawless Royal Diamond	429567911	normal	Jeweler Design
Design: Royal Diamond	429531973	normal	Jeweler Design
PTR: Bag of Fortune	428787908	normal	PTR Packs
Legendary: Halo Of Arlyse (Patch 2.1.2) WIZARD	425752007	legendary	Rings
Larus's Log	425198027	normal	Lore
Frame: Monk (Patch 2.4.0)	423580970	normal	Portrait Frames
Plan: Deadeye	421386501	normal	Blacksmith Plan
Legendary: Convention Of Elements (Patch 2.2.0)	417069418	legendary	Rings
Legendary: Arcstone (Patch 2.2.0)	417069417	legendary	Rings
Legendary: The Short Man's Finger (Patch 2.2.0) WITCH DOCTOR	417069416	legendary	Rings
Legendary: Skull Grasp (Patch 2.2.0) BARBARIAN	417069415	legendary	Rings
Zoltun Kulle's Tome of the Nephalem	414825604	normal	NPC Items
Legendary: Mask of Lies	414599680	legendary	Wizard Hats
Legendary: The Magistrate	414563743	legendary	Wizard Hats
Legendary: Velvet Camaral	414527806	legendary	Wizard Hats
Legendary: Archmage's Vicalyke WIZARD	414491869	legendary	Wizard Hats
Shadowclone Daibo (Hell)	413641572	normal	Developer Weapons
Plan: Harvest Moon	412214125	normal	Blacksmith Plan
Amulet PvP (Patch 2.5.0)	412198131	normal	Developer Armor
Blackthorne's Medal (Set: Blackthorne's Regalia)	412126100	set	Amulets
Spirit of Adventure (Set: Endless Journey)	412126069	set	Amulets
Tal Rasha's Adjudication (Set: Tal Rasha's Wrappings)	412126068	set	Amulets
Frame: Heaven - Guardian (Patch 2.4.0)	409592468	normal	Portrait Frames
Frame: Heaven - Conqueror (Patch 2.4.0)	409592467	normal	Portrait Frames
Frame: Heaven - Destroyer (Patch 2.4.0)	409592466	normal	Portrait Frames
Frame: Heaven - Champion (Patch 2.4.0)	409592465	normal	Portrait Frames
Frame: Heaven - Slayer (Patch 2.4.0)	409592464	normal	Portrait Frames
Frame: Heaven (Patch 2.4.0)	409592463	normal	Portrait Frames
Base (Tier 14) Ascended Cloak	40857601	normal	Cloaks
Base (Tier 13) Rakkisgard Cloak	40857600	normal	Cloaks
Base (Tier 12) Dread Cloak	40857599	normal	Cloaks
Base (Tier 11) Stalker Cape	40857598	normal	Cloaks
Base (Tier 10) Death Shroud	40857597	normal	Cloaks
Base (Tier 09) Veteran Cloak	40857596	normal	Cloaks
Base (Tier 08) Cardinal	40856510	normal	Cloaks
Base (Tier 07) Talma	40856509	normal	Cloaks
Base (Tier 06) Lurker Shroud	40856508	normal	Cloaks
Base (Tier 05) Wrap	40856507	normal	Cloaks
Base (Tier 04) Tabard	40855421	normal	Cloaks
Base (Tier 03) Cape	40855420	normal	Cloaks
Base (Tier 02) Shroud	40855419	normal	Cloaks
Base (Tier 01) Hunter Cloak	40855418	normal	Cloaks
Horadric Cache: HoradricCacheA2Torment	408167196	normal	Caches
Aughild's Ultimatum (Set: Aughild's Victory)	407317277	set	Bracers
Aughild's Ultimatum (Set: Aughild's Victory)	407314833	set	Bracers
Legendary: Bracer of Destruction(Patch 2.6.7)	403202961	legendary	Bracers
Lady Morthanlu	402823953	normal	Pets
Legendary: Binding of the Lost (Patch 2.6.1) MONK	400756501	legendary	Belts
Legendary: Dayntee's Binding (Patch 2.6.1)	400756499	legendary	Belts
Plan: Exalted Grand Unspeakable Thing	398631475	normal	Blacksmith Plan
Plan: Exalted Fine Unspeakable Thing	398631474	normal	Blacksmith Plan
Plan: Exalted Unspeakable Thing	398631473	normal	Blacksmith Plan
The Archangel Itherael	397935128	normal	Lore
Wondrous Deflectors	397829909	normal	Bracers
Wondrous Deflectors	397827465	normal	Bracers
Testing: Heroic Staff	397178771	normal	Staves
Testing: Mighty Staff	397178770	normal	Staves
Testing: Staff	397178769	normal	Staves
Tome of Set Dungeons, page 112	396828036	set	Lore
Zoltun Kulle's Completed Head	395877111	normal	NPC Items
Legendary: Fury of the Ancients(Patch 2.6.7)	39586090	ancient	Shoulders
Hallowed Sacrifice (Set: Hallowed Armaments)	394684240	set	Ceremonial Knife
Manajuma's Ritual Cutter (Set: Manajuma's Ritual)	394684215	set	Ceremonial Knife
Ziggurat Tooth	394684210	normal	Ceremonial Knife
Moon Slayer	394684209	normal	Ceremonial Knife
Art_Test_Pennant_9	393991537	normal	Testing: Art
Art_Test_Pennant_8	393991536	normal	Testing: Art
Art_Test_Pennant_7	393991535	normal	Testing: Art
Art_Test_Pennant_6	393991534	normal	Testing: Art
Art_Test_Pennant_5	393991533	normal	Testing: Art
Art_Test_Pennant_4	393991532	normal	Testing: Art
Art_Test_Pennant_3	393991531	normal	Testing: Art
Art_Test_Pennant_2	393991530	normal	Testing: Art
Art_Test_Pennant_1	393991529	normal	Testing: Art
Gold	3826054	normal	_2.6.10
Larra's Diary	378673143	normal	Lore
Testing: P2 Crossbow norm Legendary 02	376423603	legendary	Crossbows
Testing: P2 Crossbow norm Legendary 01	376423602	legendary	Crossbows
Art_Test_WizardHat_5	376117319	normal	Testing: Art
Art_Test_WizardHat_4	376117318	normal	Testing: Art
Art_Test_WizardHat_3	376117317	normal	Testing: Art
Art_Test_WizardHat_2	376117316	normal	Testing: Art
Art_Test_WizardHat_1	376117315	normal	Testing: Art
Legendary: Storm Crow	375464287	legendary	Wizard Hats
Legendary: The Swami	375428350	legendary	Wizard Hats
Legendary: Dark Mage's Shade	375356476	legendary	Wizard Hats
Legendary: Pride's Fall	373369047	legendary	Helms
Legendary: Deathseer's Cowl	373333110	legendary	Helms
Horadric Cache: HoradricCacheA2Master	372614239	normal	Caches
Plan: Exalted Grand Piercer	368302888	normal	Blacksmith Plan
Plan: Exalted Fine Piercer	368302887	normal	Blacksmith Plan
Plan: Exalted Piercer	368302886	normal	Blacksmith Plan
Pennant: Demon Hunter (Patch 2.4.0)	367285961	normal	Pennants
Base (Tier 19) Ascended Pauldrons	365492434	normal	Shoulders
Base (Tier 18) Rakkisgard Pauldrons	365492433	normal	Shoulders
Base (Tier 17) Archon Spaulders	365492432	normal	Shoulders
Base (Tier 16) Pallium	365492431	normal	Shoulders
Base (Tier 15) Doom Pauldrons	365492430	normal	Shoulders
Base (Tier 14) Warlord Spaulders	365492429	normal	Shoulders
Base (Tier 13) Espaliers	365492428	normal	Shoulders
Base (Tier 12) Balor Pauldrons	365492427	normal	Shoulders
Base (Tier 11) Epaulets	365491342	normal	Shoulders
Base (Tier 10) Sode	365491341	normal	Shoulders
Base (Tier 09) Pauldrons	365491340	normal	Shoulders
Base (Tier 08) Ailettes	365491339	normal	Shoulders
Base (Tier 07) Etched Mantle	365491338	normal	Shoulders
Base (Tier 06) Shoulder Plates	365490254	normal	Shoulders
Base (Tier 05) Spaulders	365490253	normal	Shoulders
Base (Tier 04) Amice	365490252	normal	Shoulders
Base (Tier 03) Shoulder Guards	365490251	normal	Shoulders
Base (Tier 02) Leather Mantle	365490250	normal	Shoulders
Plan: Exalted Grand Impellor	364927531	normal	Blacksmith Plan
Plan: Exalted Fine Impellor	364927530	normal	Blacksmith Plan
Plan: Exalted Impellor	364927529	normal	Blacksmith Plan
Griswold's Masterpiece	364653974	normal	Sword
Griswold's Masterpiece	364651530	normal	Sword
Born's Searing Spite (Set: Born's Defiance)	363468053	set	Sword
Born's Searing Spite (Set: Born's Defiance)	363465609	set	Sword
Art_Test_Talisman_2	363382543	normal	Testing: Art
Art_Test_Talisman_1	363382542	normal	Testing: Art
Frame: Soulstone - Guardian (Patch 2.4.0)	360887080	normal	Portrait Frames
Frame: Soulstone - Conqueror (Patch 2.4.0)	360887079	normal	Portrait Frames
Frame: Soulstone - Destroyer (Patch 2.4.0)	360887078	normal	Portrait Frames
Frame: Soulstone - Champion (Patch 2.4.0)	360887077	normal	Portrait Frames
Frame: Soulstone - Slayer (Patch 2.4.0)	360887076	normal	Portrait Frames
Frame: Soulstone (Patch 2.4.0)	360887075	normal	Portrait Frames
Legendary: Azurewrath 730k Damage (Legacy)	356350083	legendary	Swords, One-Handed
Pet: Malifence (Patch 2.4.0)	347688656	normal	Pets
Steak5	346908589	normal	Consumables
Tome of Set Dungeons, page 101	346501957	set	Lore
The Musings of Caliphate Sardar	344927641	normal	Lore
Battle Rod (Pennant)	342526049	normal	_2.6.10
Leoric's Relic	342313869	normal	Quest
Legendary: Bakuli Jungle Wraps (Patch 2.6.1) WITCH DOCTOR	340062601	legendary	Belts
Sage's Apogee (Set: Sage's Journey)	335527386	set	Helms
Guardian's Gaze (Set: Guardian's Jeopardy)	335491449	set	Helms
Aughild's Spike (Set: Aughild's Authority)	335455512	set	Helms
Cain's Insight (Set: Cain's Destiny)	335383638	set	Helms
Legendary: The Helm of Rule	335347701	legendary	Helms
Tal Rasha's Guise of Wisdom (Wizard Set: Tal Rasha's Elements)	335311764	set	Helms
Natalya's Sight (Demon Hunter Set: Natalya's Vengeance)	334449276	set	Helms
Immortal King's Triumph (Barbarian Set: Immortal King's Call)	334413339	set	Helms
Legendary: Blind Faith	334377402	legendary	Helms
Legendary: Mempo of Twilight	334341465	legendary	Helms
Legendary: Skull of Resonance BARBARIAN	334269591	legendary	Helms
Legendary: Andariel's Visage	334233654	legendary	Helms
Legendary: Andariel's Visage (Patch 2.2.0)	334233391	legendary	Helms
Legendary: Leoric's Crown	334197717	legendary	Helms
Legendary: Leoric's Crown (Patch 2.3.0)	334197455	legendary	Helms
Legendary: Leoric's Crown (Patch 2.1.0)	334197453	legendary	Helms
Legendary: Broken Crown	334161780	legendary	Helms
Plan: Griswold's Masterpiece	331434522	normal	Blacksmith Plan
Gungdo Gear (Bracers)	331059424	normal	_2.6.10
Base (Tier 14) Steppes Smasher	329205162	normal	Mighty Weapons, Two-Handed
Base (Tier 13) Hassan Chopper	329205161	normal	Mighty Weapons, Two-Handed
Base (Tier 12) Titan Axe	329204075	normal	Mighty Weapons, Two-Handed
Base (Tier 11) Behemoth	329204074	normal	Mighty Weapons, Two-Handed
Base (Tier 10) Titan Sword	329204073	normal	Mighty Weapons, Two-Handed
Base (Tier 09) Battersmash	329204072	normal	Mighty Weapons, Two-Handed
Base (Tier 08) Colossus Axe	329202986	normal	Mighty Weapons, Two-Handed
Base (Tier 07) Crusher	329202985	normal	Mighty Weapons, Two-Handed
Base (Tier 06) Colossus Sword	329202984	normal	Mighty Weapons, Two-Handed
Base (Tier 05) Redwood War Club	329202983	normal	Mighty Weapons, Two-Handed
Base (Tier 04) Giant Axe	329201897	normal	Mighty Weapons, Two-Handed
Base (Tier 03) Giant Hammer	329201896	normal	Mighty Weapons, Two-Handed
Base (Tier 02) Giant Sword	329201895	normal	Mighty Weapons, Two-Handed
Base (Tier 01) Petrified Trunk	329201894	normal	Mighty Weapons, Two-Handed
Art_Test_BarbBelt_5	325816759	normal	Testing: Art
Art_Test_BarbBelt_4	325816758	normal	Testing: Art
Art_Test_BarbBelt_3	325816757	normal	Testing: Art
Art_Test_BarbBelt_2	325816756	normal	Testing: Art
Art_Test_BarbBelt_1	325816755	normal	Testing: Art
Shadowclone Staff (Hell)	318426510	normal	Developer Weapons
Old Diary	316278029	normal	Lore
Lost Journal	316278028	normal	Lore
Old Tristram Journal	316278027	normal	Lore
Human Cartilage	314328565	normal	Crafting Components
Venomhusk	308543790	normal	Bows
Venomhusk	308541346	normal	Bows
Bonus Cache: BonusAct5BagT13	307834870	normal	Caches
Bonus Cache: BonusAct5BagT12	307834869	normal	Caches
Bonus Cache: BonusAct5BagT11	307834868	normal	Caches
Bonus Cache: BonusAct5BagT10	307834867	normal	Caches
Elegant Pants (Necromancer Set: Masquerade of the Burning Carnival)	306845049	set	Pants
Essence of Ruby (Patch 2.3.0)	304756316	normal	Crafting Components
Heretic Text	301784336	normal	Quest
A2C2WantedPoster	297778632	normal	NPC Items
PTR: Off-Hand Pack	294153888	normal	PTR Packs
Lyekurn's Diary	291872615	normal	Crafting Components
Sophisticated Vest (Necromancer Set: Masquerade of the Burning Carnival)	291669802	set	Chest Armor
The Black Dog	291388179	normal	Pets
Pet: Bile Boy (Patch 2.3.0)	291388178	normal	Pets
Buddy	291388177	normal	Pets
Pet: Tiger Hound (Patch 2.3.0)	291388176	normal	Pets
Pet: Frost Hound (Patch 2.3.0)	291388175	normal	Pets
Pet: Spike (Patch 2.2.0)	291388174	normal	Pets
Extravagant Shoes (Necromancer Set: Masquerade of the Burning Carnival)	290746362	set	Boots
Base (Tier 14) Limb Cleaver	290069769	normal	Mighty Weapons, One-Handed
Base (Tier 13) Caldean Sword	290069768	normal	Mighty Weapons, One-Handed
Base (Tier 12) Slayer	290068682	normal	Mighty Weapons, One-Handed
Base (Tier 11) Massacre Axe	290068681	normal	Mighty Weapons, One-Handed
Base (Tier 10) Chopsword	290068680	normal	Mighty Weapons, One-Handed
Base (Tier 09) Reaper	290068679	normal	Mighty Weapons, One-Handed
Base (Tier 08) Rage Blade	290067593	normal	Mighty Weapons, One-Handed
Base (Tier 07) Gutwrench	290067592	normal	Mighty Weapons, One-Handed
Base (Tier 06) Machete	290067591	normal	Mighty Weapons, One-Handed
Base (Tier 05) Scythe	290067590	normal	Mighty Weapons, One-Handed
Base (Tier 04) War Blade	290066504	normal	Mighty Weapons, One-Handed
Base (Tier 03) Maw Axe	290066503	normal	Mighty Weapons, One-Handed
Base (Tier 02) Carver	290066502	normal	Mighty Weapons, One-Handed
Base (Tier 01) Sickle	290066501	normal	Mighty Weapons, One-Handed
Journal of Covetous Shen	28868489	normal	Lore
Pennant: Witch Doctor Ascendant (Patch 2.4.0)	28430311	normal	Pennants
Pennant: Demon Hunter Ascendant (Patch 2.4.0)	28429688	normal	Pennants
Rydraelm Tome	280425627	normal	Crafting Components
Plan: The Magi	274154411	normal	Blacksmith Plan
Legendary: Ranslor's Folly (Patch 2.6.1) WIZARD	27086075	legendary	Bracers
Pet: Buddy (Patch 2.5.0)	270653493	normal	Pets
Zunimassa's Attunement (Set: Zunimassa's Spirit)	270555854	set	Voodoo Masks
Plan: Lost Boys	269805368	normal	Blacksmith Plan
Realms of Fate	269359823	normal	Lore
Bonus Cache: Bonus_Act4_Bag_1-69	26798311	normal	Caches
Tome of Set Dungeons, page 92 (Patch 2.6.0)	264106779	set	Lore
Frame: Paragon 90 (Patch 2.2.0)	263765082	normal	Portrait Frames
Frame: Paragon 80 (Patch 2.2.0)	263765049	normal	Portrait Frames
Frame: Paragon 70 (Patch 2.2.0)	263765016	normal	Portrait Frames
Frame: Paragon 60 (Patch 2.2.0)	263764983	normal	Portrait Frames
Frame: Paragon 50 (Patch 2.2.0)	263764950	normal	Portrait Frames
Frame: Paragon 40 (Patch 2.2.0)	263764917	normal	Portrait Frames
Frame: Paragon 30 (Patch 2.2.0)	263764884	normal	Portrait Frames
Frame: Paragon 20 (Patch 2.2.0)	263764851	normal	Portrait Frames
Frame: Paragon 10 (Patch 2.2.0)	263764818	normal	Portrait Frames
Bogus Arcana Obscurum	263122102	normal	NPC Items
Wings: Heaven't Might (Patch 2.2.0)	262300867	normal	Wings
Blackthorne's Boots (Set: Blackthorne's Regalia)	261789238	set	Boots
Sage's Seekers (Set: Sage's Wisdom)	261789237	set	Boots
Captain Crimson's Deck Boots (Set: Captain Crimson's Attire)	261789236	set	Boots
Cain's Slippers (Set: Cain's Honor)	261789234	set	Boots
Asheara's Lock (Set: Asheara's Bindings)	261789233	set	Boots
Zunimassa's Journey (Set: Zunimassa's Spirit)	261789232	set	Boots
Immortal King's Pillar (Set: Immortal King)	261789231	set	Boots
Natalya's Soul (Set: Natalya's Wrath)	261789230	set	Boots
Lost Boys	261789201	normal	Boots
Legendary: Cloak of Deception DEMON HUNTER	260801338	legendary	Cloaks
Legendary: Blackfeather DEMON HUNTER	260765401	legendary	Cloaks
The Archangel Imperius	260686328	normal	Lore
Helltooth Tunic (Witchdoctor Set: Helltooth Harness)	260149254	set	Chest Armor
Spirit of the Earth (Barbarian Set: Might of the Earth)	260113317	set	Chest Armor
The Shadow's Bane (Demon Hunter Set: The Shadow’s Mantle)	260077380	set	Chest Armor
Vyr's Astonishing Aura (Wizard Set: Vyr's Amazing Arcana)	260041443	set	Chest Armor
Sunwuko's Soul (Monk Set: Monkey King's Garb)	259969569	set	Chest Armor
Breastplate of Akkhan (Crusader Set: Armor of Akkhan)	259933632	set	Chest Armor
Jade Harvester's Peace (Witchdoctor Set: Raiment of the Jade Harvester)	259071144	set	Chest Armor
Heart of the Crashing Wave (Monk Set: Raiment of a Thousand Storms)	259035207	set	Chest Armor
Marauder's Carapace (Demon Hunter Set: Embodiment of the Marauder)	258999270	set	Chest Armor
Firebird's Breast (Wizard Set: Firebird's Finery)	258963333	set	Chest Armor
Raekor's Heart (Barbarian Set: The Legacy of Raekor)	258927396	set	Chest Armor
Heart of the Light (Crusader Set: Seeker of the Light)	258855260	set	Chest Armor
Cage of the Hellborn (Demon Hunter Set: Unhallowed Essence)	258855259	set	Cloaks
Arachyr's Carapace (Witchdoctor Set: Spirit of Arachyr)	258819323	set	Chest Armor
Harness of Truth (Wizard Set: Delsere's Magnum Opus)	258819322	set	Chest Armor
Uliana's Heart (Monk Set: Uliana's Stratagem)	258783386	set	Chest Armor
Cuirass of the Wastes (Barbarian Set: Wrath of the Wastes)	258783385	set	Chest Armor
Roland's Bearing (Crusader Set: Roland's Legacy)	258783384	set	Chest Armor
Plan: Exalted Grand Pallium	255305006	normal	Blacksmith Plan
Plan: Exalted Fine Pallium	255305005	normal	Blacksmith Plan
Plan: Exalted Pallium	255305004	normal	Blacksmith Plan
Demon's Scale (Set: Demon's Skin)	254276496	set	Pants
Demon's Scale (Set: Demon's Skin)	254274052	set	Pants
Plan: Infernal Staff of Herding	253048194	normal	Blacksmith Plan
Captain Crimson's Bowsprit (Set: Captain Crimson's Finery)	251904654	set	Pants
Captain Crimson's Bowsprit (Set: Captain Crimson's Finery)	251902210	set	Pants
Cain's Robes (Set: Cain's Fate)	249532812	set	Pants
Cain's Robes (Set: Cain's Fate)	249530368	set	Pants
Plan: Mantle of the Rydraelm	244699910	normal	Blacksmith Plan
Tome of Set Dungeons, page 85 (Patch 2.6.0)	244347980	set	Lore
Fire Brand	240567165	normal	Axes, Two-Handed
Fire Brand	240564721	normal	Axes, Two-Handed
Asheara's Vigilance (Set: Asheara's Bindings)	238734067	set	Shoulders
Demon's Wings (Set: Demon's Carapace)	238734036	set	Shoulders
Aughild's Triumph (Set: Aughild's Treasured)	238734035	set	Shoulders
Seven Sins	238734034	normal	Shoulders
Born's Pauldrons (Set: Born's Aegis)	238734033	set	Shoulders
Barter Town Pads	238734028	normal	Shoulders
Legendary: Golden Flense (Patch 2.6.1)	237815937	legendary	Flails, Two-Handed
Angelic Wings	237118774	normal	Wings
Dystopian Goggles (Demon Hunter Set: Gears of Dreadlands)	234558410	set	Helms
Bile Crawler	231471423	normal	Lore
Pet: Humbart Wessel (Patch 2.5.0)	231126914	normal	Pets
Blaze	231126913	normal	Pets
Legendary: Shard of Hate	229283378	legendary	Swords, One-Handed
Legendary: Lifebane	229247441	legendary	Swords, One-Handed
Wings: Wings of the Dedicated (Patch 2.4.0)	224691469	normal	Wings
Legendary: Augustine's Panacea (Patch 2.4.1) DEMON HUNTER	223386198	legendary	Quivers
Natalya's Embrace (Demon Hunter Set: Natalya's Vengeance)	221809693	set	Cloaks
Legendary: Beckon Sail DEMON HUNTER	221773756	legendary	Cloaks
Legendary: The Cloak of the Garwulf	221665945	legendary	Cloaks
The Cloak of the Garwulf	221665681	normal	Cloaks
Legendary: Cape of the Dark Night DEMON HUNTER	221630008	legendary	Cloaks
Asheara's Gait (Set: Asheara's Uniform)	221070708	set	Pants
Asheara's Gait (Set: Asheara's Uniform)	221068264	set	Pants
Tomb Robber's Journal	220221847	normal	Lore
Pennant: Dragon (Patch 2.4.0)	218434287	normal	Pennants
Legendary: Gehennas	216324580	legendary	Pants
Tal Rasha's Lidless Eye (Set: Tal Rasha's Wrappings)	215441131	set	Sources
Chantodo's Elemental Seal (Set: Chantodo's Legacy)	215441130	set	Sources
Singularity	215441100	normal	Sources
Mystery Orb	215071258	normal	NPC Items
Design: Flawless Royal Ruby	2147380749	normal	Jeweler Design
Design: Royal Ruby	2147344811	normal	Jeweler Design
Faded Recipe	2147236997	normal	Jeweler Design
Faded Recipe	2147201059	normal	Jeweler Design
Faded Recipe	2147165121	normal	Jeweler Design
Faded Recipe	2147129183	normal	Jeweler Design
Lord Kertis's Journal	2145180345	normal	Lore
The Highlands	2145056291	normal	Lore
Demonic Tremor	2144349771	normal	Lore
Legendary: Grasps of Essence (Patch 2.6.9) NECROMANCER	2143837476	legendary	Gloves
Legendary: Moribund Gauntlets (Patch 2.6.0) NECROMANCER	2143837475	legendary	Gloves
Flail of the Charge (Crusader Set: Norvald's Fervor)	2141721069	set	Flails, One-Handed
Base (Tier 19) Ascended Greaves	2140882336	normal	Boots
Base (Tier 18) Rakkisgard Greaves	2140882335	normal	Boots
Base (Tier 17) Archon Greaves	2140882334	normal	Boots
Base (Tier 16) Sovereign Greaves	2140882333	normal	Boots
Base (Tier 15) Doom Treads	2140882332	normal	Boots
Base (Tier 14) Warlord Boots	2140882331	normal	Boots
Base (Tier 13) Astral Greaves	2140882330	normal	Boots
Base (Tier 12) Balor Treads	2140882329	normal	Boots
Base (Tier 11) Battle Greaves	2140881244	normal	Boots
Base (Tier 10) Heavy Sabatons	2140881243	normal	Boots
Base (Tier 09) Treads	2140881242	normal	Boots
Base (Tier 08) Brogans	2140881241	normal	Boots
Base (Tier 07) Silk Shoes	2140881240	normal	Boots
Base (Tier 06) Greaves	2140880156	normal	Boots
Base (Tier 05) Sabatons	2140880155	normal	Boots
Base (Tier 04) Chain Boots	2140880154	normal	Boots
Base (Tier 03) Heavy Boots	2140880153	normal	Boots
Base (Tier 02) Boots	2140880152	normal	Boots
Base (Tier 01) Shoes	2140880151	normal	Boots
Tome of Set Dungeons, page 60	2139425682	set	Lore
Tome of Set Dungeons, page 56	2139424591	set	Lore
Tome of Set Dungeons, page 52	2139416474	set	Lore
Risen Dead	2139220569	normal	Lore
Legendary: Scrimshaw WITCH DOCTOR	2135115084	legendary	Spears
Legendary: Scrimshaw (Patch 2.3.0)	2135114822	legendary	Spears
Legendary: Empyrean Messenger	2135079147	legendary	Spears
Legendary: The Three Hundredth Spear BARBARIAN	2135043210	legendary	Spears
Legendary: Arreat's Law BARBARIAN	2135007273	legendary	Spears
Scrimshaw (Spears)	213231594	normal	_2.6.10
Bogan Trapper	2132231168	normal	Lore
Plan: Exalted Grand Heaven Strand	2129978460	normal	Blacksmith Plan
Plan: Exalted Fine Heaven Strand	2129978459	normal	Blacksmith Plan
Frame: Pandemonium - Guardian (Patch 2.4.0)	2129557714	normal	Portrait Frames
Frame: Pandemonium - Conqueror (Patch 2.4.0)	2129557713	normal	Portrait Frames
Frame: Pandemonium - Destroyer (Patch 2.4.0)	2129557712	normal	Portrait Frames
Frame: Pandemonium - Champion (Patch 2.4.0)	2129557711	normal	Portrait Frames
Frame: Pandemonium - Slayer (Patch 2.4.0)	2129557710	normal	Portrait Frames
Frame: Pandemonium (Patch 2.4.0)	2129557709	normal	Portrait Frames
The Crusaders, Part 9	2125283579	normal	Lore
The Crusaders, Part 8	2125283578	normal	Lore
The Crusaders, Part 7	2125283577	normal	Lore
The Crusaders, Part 6	2125283576	normal	Lore
The Crusaders, Part 5	2125283575	normal	Lore
The Crusaders, Part 4	2125283574	normal	Lore
The Crusaders, Part 3	2125283573	normal	Lore
The Crusaders, Part 2	2125283572	normal	Lore
The Crusaders, Part 1	2125283571	normal	Lore
Legendary: The Gavel Of Judgement (Patch 2.2.0) BARBARIAN	2125089234	legendary	Mighty Weapons, Two-Handed
Legendary: Nayr's Black Death (Patch 2.6.0) NECROMANCER	2124238312	legendary	Scythes, Two-Handed
Legendary: Reilena's Shadowhook (Patch 2.6.0) NECROMANCER	2124238311	legendary	Scythes, Two-Handed
Legendary: Bloodtide Blade (Patch 2.6.0) NECROMANCER	2124238310	legendary	Scythes, Two-Handed
Legendary: Maltorius' Petrified Spike (Patch 2.6.0) NECROMANCER	2124238309	legendary	Scythes, Two-Handed
Revenant Soldier	2123300624	normal	Lore
Jesseth Skullscythe (Necromancer Set: Jesseth Arms)	2123052391	set	Scythes, One-Handed
Legendary: Scythe of the Cycle (Patch 2.6.0) NECROMANCER	2123052390	legendary	Scythes, One-Handed
Legendary: Trag'Oul's Corroded Fang (Patch 2.6.0) NECROMANCER	2123052389	legendary	Scythes, One-Handed
Legendary: Funerary Pick (Patch 2.6.0) NECROMANCER	2123052388	legendary	Scythes, One-Handed
Large Horadric Chest: DoubleBountyBagAct5	2116952115	normal	Misc
Large Horadric Chest: DoubleBountyBagAct4	2116952114	normal	Misc
Large Horadric Chest: DoubleBountyBagAct3	2116952113	normal	Misc
Large Horadric Chest: DoubleBountyBagAct2	2116952112	normal	Misc
Large Horadric Chest: DoubleBountyBagAct1	2116952111	normal	Misc
Plan: Demon's Hide	2113413150	normal	Blacksmith Plan
Pennant: Dog (Patch 2.4.0)	2113242414	normal	Pennants
Pestilence Incantations (Necromancer Set: Pestilence Master's Shroud)	2113113983	set	Pants
Wings: Harbinger of Destruction (Patch 2.2.0)	211305012	normal	Wings
Horadric Cache: HoradricCacheA2Torment13	2112446624	normal	Caches
Horadric Cache: HoradricCacheA2Torment12	2112446623	normal	Caches
Horadric Cache: HoradricCacheA2Torment11	2112446622	normal	Caches
Horadric Cache: HoradricCacheA2Torment10	2112446621	normal	Caches
Legendary: Burdens of the Brave Survivor	2112365407	legendary	Shoulders
Base (Tier 14) Mighty Scourge	2112157589	normal	Mighty Belts
Base (Tier 13) Platinum Lock	2112157588	normal	Mighty Belts
Base (Tier 12) Grand Chain	2112157587	normal	Mighty Belts
Base (Tier 11) Heavy Baldric	2112157586	normal	Mighty Belts
Base (Tier 10) Bronze Links	2112157585	normal	Mighty Belts
Base (Tier 09) Lock	2112157584	normal	Mighty Belts
Base (Tier 08) Steel Chain	2112156498	normal	Mighty Belts
Base (Tier 07) Iron Braid	2112156497	normal	Mighty Belts
Base (Tier 06) Blade Harness	2112156496	normal	Mighty Belts
Base (Tier 05) Baldric	2112156495	normal	Mighty Belts
Base (Tier 04) Grand Belt	2112155409	normal	Mighty Belts
Base (Tier 03) Braid	2112155408	normal	Mighty Belts
Base (Tier 02) Harness	2112155407	normal	Mighty Belts
Base (Tier 01) Warrior Belt	2112155406	normal	Mighty Belts
Design: Amulet of Vitality	2110615435	normal	Jeweler Design
Design: Amulet of Strength	2110612529	normal	Jeweler Design
Design: Amulet of Intelligence	2110601443	normal	Jeweler Design
Design: Amulet of Dexterity	2110595705	normal	Jeweler Design
Art_Test_Cloak_5	2105367875	normal	Testing: Art
Art_Test_Cloak_4	2105367874	normal	Testing: Art
Art_Test_Cloak_3	2105367873	normal	Testing: Art
Art_Test_Cloak_2	2105367872	normal	Testing: Art
Art_Test_Cloak_1	2105367871	normal	Testing: Art
Woven Plate	2103664575	normal	Crafting Components
Frame: Wizard (Patch 2.4.0)	2102838278	normal	Portrait Frames
Base (Teir 15) Mage Crown (Patch 2.3.0)	2100939138	normal	Wizard Hats
Pestilence Robe (Necromancer Set: Pestilence Master's Shroud)	2097938736	set	Chest Armor
Pestilence Battle Boots (Necromancer Set: Pestilence Master's Shroud)	2097015296	set	Boots
Tome of Set Dungeons, page 90 (Patch 2.6.0)	20933082	set	Lore
Second Quinquennial Sword (Patch 2.4.1)	2089009828	normal	Swords, One-Handed
Quinquennial Sword (Patch 2.4.1)	2089009827	normal	Swords, One-Handed
Ghoul King's Blade (Patch 2.4.1)	2089009826	normal	Swords, One-Handed
Amberwing (Patch 2.4.1)	2089009825	normal	Swords, One-Handed
God Butcher (Patch 2.4.1)	2089009824	normal	Swords, One-Handed
Death's Breath	2087837753	normal	Crafting Components
Axe 2H PvP 70 (Patch 2.5.0)	2086071858	normal	Developer Weapons
Axe 2H PvP 40 (Patch 2.5.0)	2086071759	normal	Developer Weapons
Axe 2H PvP 10 (Patch 2.5.0) [#1]	2086071660	normal	Developer Weapons
Wings: Pieces of Hatred (Patch 2.2.0)	208454467	normal	Wings
Wings: Eldritch Embrace (Patch 2.2.0)	208405024	normal	Wings
Testing: Echo Band Vitality	2082289199	normal	Rings
Testing: Echo Band Defense	2082269451	normal	Rings
Testing: Echo Band Attack	2082266693	normal	Rings
Testing: Echo Band All	2082266421	normal	Rings
Legendary: Vengeful Wind(Patch 2.6.7) MONK	2077255630	legendary	Fist Weapons
Jesseth Skullshield (Necromancer Set: Jesseth Arms)	2077105940	set	Shields
Trag'Oul's Heart (Necromancer Set: Trag'Oul's Avatar)	2075082288	set	Shoulders
Forgotten Soul	2073430088	normal	Crafting Components
Art_Test_Mighty_2H_5	2073062436	normal	Testing: Art
Art_Test_Mighty_2H_4	2073062435	normal	Testing: Art
Art_Test_Mighty_2H_3	2073062434	normal	Testing: Art
Art_Test_Mighty_2H_2	2073062433	normal	Testing: Art
Testing: Art Test Mighty Two-Handed 1	2073062432	normal	Testing: Art
Art_Test_Mighty_1H_5	2073026499	normal	Testing: Art
Art_Test_Mighty_1H_4	2073026498	normal	Testing: Art
Art_Test_Mighty_1H_3	2073026497	normal	Testing: Art
Art_Test_Mighty_1H_2	2073026496	normal	Testing: Art
Art_Test_Mighty_1H_1	2073026495	normal	Testing: Art
Scavenging Tunneler	2067382477	normal	Lore
Plan: Sydyru Crust	2067112046	normal	Blacksmith Plan
Pet: Galthrak the Unhinged (Patch 2.5.0)	2066480545	normal	Pets
Plan: Unbound Bolt	2066177684	normal	Blacksmith Plan
Testing: Elderwood Staff	2065442005	normal	Staves
Fiery Brimstone	2064572168	normal	Crafting Components
Iridescent Tear	2064572167	normal	Crafting Components
Exquisite Essence	2064572166	normal	Crafting Components
Common Debris	2064572165	normal	Crafting Materials
Encrusted Hoof	2064572134	normal	Crafting Materials
Wishful Essence	2064572133	normal	Crafting Materials
Lizard Eye (Vanilla)	2064572101	normal	Crafting Components
Shimmering Essence	2064572100	normal	Crafting Materials
Fallen Tooth (Vanilla)	2064572068	normal	Crafting Components
Subtle Essence	2064572067	normal	Crafting Materials
Legendary: Choy's Creeper (Patch 2.6.6)	2063254221	legendary	Boots
Helltooth Gauntlets (Witchdoctor Set: Helltooth Harness)	2059615359	set	Gloves
Pull of the Earth (Barbarian Set: Might of the Earth)	2059579422	set	Gloves
The Shadow's Grasp (Demon Hunter Set: The Shadow’s Mantle)	2059543485	set	Gloves
Vyr's Grasping Gauntlets (Wizard Set: Vyr's Amazing Arcana)	2059507548	set	Gloves
Pride of the Invoker (Crusader Set: Thorns of the Invoker)	2059471611	set	Gloves
Sunwuko's Paws (Monk Set: Monkey King's Garb)	2059435674	set	Gloves
Gauntlets of Akkhan (Crusader Set: Armor of Akkhan)	2059399737	set	Gloves
Topaz (Tier 19) Flawless Royal Topaz	2058771927	normal	Gems
Topaz (Tier 18) Royal Topaz	2058771926	normal	Gems
Topaz (Tier 17) Flawless Imperial Topaz	2058771925	normal	Gems
Topaz (Tier 16) Imperial Topaz	2058771924	normal	Gems
Topaz (Tier 15) Marquise Topaz	2058771923	normal	Gems
Topaz (Tier 14) Radiant Star Topaz	2058771922	normal	Gems
Topaz (Tier 13) Perfect Star Topaz	2058771921	normal	Gems
Topaz (Tier 12) Flawless Star Topaz	2058771920	normal	Gems
Topaz (Tier 11) Star Topaz	2058771919	normal	Gems
Topaz (Tier 10) Radiant Square Topaz	2058771918	normal	Gems
Topaz (Tier 09) Perfect Square Topaz	2058771894	normal	Gems
Topaz (Tier 08) Flawless Square Topaz	2058771893	normal	Gems
Topaz (Tier 07) Square Topaz	2058771892	normal	Gems
Topaz (Tier 06) Radiant Topaz	2058771891	normal	Gems
Topaz (Tier 05) Perfect Topaz	2058771890	normal	Gems
Topaz (Tier 04) Flawless Topaz	2058771889	normal	Gems
Topaz (Tier 03) Topaz	2058771888	normal	Gems
Topaz (Tier 02) Flawed Topaz	2058771887	normal	Gems
Topaz (Tier 01) Chipped Topaz	2058771886	normal	Gems
Jade Harvester's Mercy (Witchdoctor Set: Raiment of the Jade Harvester)	2058537249	set	Gloves
Fists of Thunder (Monk Set: Raiment of a Thousand Storms)	2058501312	set	Gloves
Marauder's Gloves (Demon Hunter Set: Embodiment of the Marauder)	2058465375	set	Gloves
Firebird's Talons (Wizard Set: Firebird's Finery)	2058429438	set	Gloves
Raekor's Wraps (Barbarian Set: The Legacy of Raekor)	2058393501	set	Gloves
Will of the Light (Crusader Set: Seeker of the Light)	2058321365	set	Gloves
Fiendish Grips (Demon Hunter Set: Unhallowed Essence)	2058321364	set	Gloves
Arachyr's Claws (Witchdoctor Set: Spirit of Arachyr)	2058285428	set	Gloves
Fierce Gauntlets (Wizard Set: Delsere's Magnum Opus)	2058285427	set	Gloves
Uliana's Fury (Monk Set: Uliana's Stratagem)	2058249491	set	Gloves
Gauntlet of the Wastes (Barbarian Set: Wrath of the Wastes)	2058249490	set	Gloves
Roland's Grasp (Crusader Set: Roland's Legacy)	2058249489	set	Gloves
Pet: Haunting Hannah (Patch 2.5.0)	2057463943	normal	Pets
Large Horadric Chest: DoubleBountyBagAct5Expert	2054415787	normal	Misc
Key of War	2050794135	normal	Crafting Materials
Mystery Gloves	2050033703	normal	NPC Items
Behistun Rune	2048505008	normal	Crafting Components
Art_Test_Wings_9	2046555717	normal	Testing: Art
Art_Test_Wings_8	2046555716	normal	Testing: Art
Art_Test_Wings_7	2046555715	normal	Testing: Art
Art_Test_Wings_6	2046555714	normal	Testing: Art
Art_Test_Wings_5	2046555713	normal	Testing: Art
Art_Test_Wings_4	2046555712	normal	Testing: Art
Art_Test_Wings_3	2046555711	normal	Testing: Art
Art_Test_Wings_2	2046555710	normal	Testing: Art
Art_Test_Wings_1	2046555709	normal	Testing: Art
Art_Test_XBow_5	2045161305	normal	Testing: Art
Art_Test_XBow_4	2045161304	normal	Testing: Art
Art_Test_XBow_3	2045161303	normal	Testing: Art
Testing: Art Test Crossbow 2	2045161302	normal	Testing: Art
Testing: Art Test Crossbow 1	2045161301	normal	Testing: Art
Horadric Cache: HoradricCacheA1Torment13	2044645247	normal	Caches
Horadric Cache: HoradricCacheA1Torment12	2044645246	normal	Caches
Horadric Cache: HoradricCacheA1Torment11	2044645245	normal	Caches
Horadric Cache: HoradricCacheA1Torment10	2044645244	normal	Caches
Legendary: Grips of Perilous Ascent	204261921	legendary	Gloves
Wings of Mastery	2036418836	normal	Wings
Butcher	2033922302	normal	Lore
Legendary: Deathreach	2032005920	legendary	Fist Weapons
Star Wings	2029657407	normal	Wings
Vial of Putridness	2029265596	normal	Crafting Components
Legendary: Gul'dan's Secret (Patch 2.1.0)	2028438506	legendary	Sources
Health Globe: HealthGlobe9	2022931384	normal	Misc
Health Globe: HealthGlobe8	2022931383	normal	Misc
Health Globe: HealthGlobe7	2022931382	normal	Misc
Health Globe: HealthGlobe6	2022931381	normal	Misc
Health Globe: HealthGlobe5	2022931380	normal	Misc
Health Globe: HealthGlobe4	2022931379	normal	Misc
Health Globe: HealthGlobe3	2022931378	normal	Misc
Health Globe: HealthGlobe2	2022931377	normal	Misc
Health Globe: HealthGlobe1	2022931376	normal	Misc
Cultist Missive	202222334	normal	Lore
Bonus Cache: BonusAct3BagT13	2019866228	normal	Caches
Bonus Cache: BonusAct3BagT12	2019866227	normal	Caches
Bonus Cache: BonusAct3BagT11	2019866226	normal	Caches
Bonus Cache: BonusAct3BagT10	2019866225	normal	Caches
100 DPS Axe	201941396	normal	Developer Weapons
Heaven's Might	2015178386	normal	Wings
Plan: Mark of The Magi	2012779291	normal	Blacksmith Plan
Shadowclone Ceremonial Knife (Inferno)	2012151919	normal	Developer Weapons
Legendary: Coven's Criterion	200555918	legendary	Shields
Legendary: Beastguard CRUSADER	200519981	legendary	Shields
Legendary: Wretchskin	200484044	legendary	Shields
Art_Test_Wand_5	2004783363	normal	Testing: Art
Art_Test_Wand_4	2004783362	normal	Testing: Art
Art_Test_Wand_3	2004783361	normal	Testing: Art
Art_Test_Wand_2	2004783360	normal	Testing: Art
Art_Test_Wand_1	2004783359	normal	Testing: Art
Legendary: Vo'Toyias Spiker	200448107	legendary	Shields
Legendary: Amazonian Parma	200412170	legendary	Shields
Legendary: Eberli Charo	200376233	legendary	Shields
Legendary: Defender of Westmarch	200340296	legendary	Shields
Legendary: Defender Of Westmarch (Patch 2.2.0)	200340033	legendary	Shields
Frame: Twitch (Patch 2.6.0)	2001444264	normal	Portrait Frames
Defiled Doll	2000469169	normal	Crafting Materials
Legendary: Amazonian Arch DEMON HUNTER	1999703162	legendary	Bows
Legendary: Leonine Bow of Hashir DEMON HUNTER	1999667225	legendary	Bows
Legendary: Odyssey's End DEMON HUNTER	1999631288	legendary	Bows
Legendary: Kridershot DEMON HUNTER	1999595351	legendary	Bows
Vengeful Eye	1998976972	normal	Crafting Components
HOTFIXED Professional Russian's 100 DPS Dagger	199216263	normal	Developer Weapons
PTR: Weapons Pack	1991200807	normal	PTR Packs
Legendary: Unrelenting Phalanx (Patch 2.1.0)	1983862517	legendary	Crusader Shields
Legendary: Frydehr's Wrath (Patch 2.1.0)	1983862516	legendary	Crusader Shields
Horadric Cache: HoradricCacheA4Torment9	198273239	normal	Caches
Horadric Cache: HoradricCacheA4Torment8	198273238	normal	Caches
Horadric Cache: HoradricCacheA4Torment7	198273237	normal	Caches
Horadric Cache: HoradricCacheA4Torment6	198273236	normal	Caches
Horadric Cache: HoradricCacheA4Torment5	198273235	normal	Caches
Horadric Cache: HoradricCacheA4Torment4	198273234	normal	Caches
Horadric Cache: HoradricCacheA4Torment3	198273233	normal	Caches
Horadric Cache: HoradricCacheA4Torment2	198273232	normal	Caches
Professional Russian's 100 DPS 2H Sword	198260805	normal	Developer Weapons
Professional Russian's 100 DPS 1H Sword	198260772	normal	Developer Weapons
Page of Useless Scribbling	197999857	normal	Lore
Legendary: Irontoe Mudsputters	1979345017	legendary	Boots
Legendary: Boots 104 p2 (Patch 2.2.0)	1979344754	legendary	Boots
Legendary: Illusory Boots	1979309080	legendary	Boots
Legendary: Boots of Disregard	1979273143	legendary	Boots
Restraint (Demon Hunter Set: Bastions of Will)	1978152170	set	Rings
Focus (Demon Hunter Set: Bastions of Will)	1978116233	set	Rings
Book of the Blind	1977848702	normal	Lore
Legendary: Fate's Vow (Patch 2.6.1)	1976308075	legendary	Helms
Decree of Justice (Monk Set: Patterns of Justice)	1974253316	set	Helms
Crown of Valor (Crusader Set: Aegis of Valor)	1974253315	set	Helms
Mechanical Pauldrons (Demon Hunter Set: Gears of Dreadlands)	1972287082	set	Shoulders
Dark Vessel	1971053797	normal	Lore
Pet: Randy (Patch 2.4.0)	1967180567	normal	Pets
Legendary: Leah's Ring (PS3 Promo)	1963121073	legendary	Rings
Legendary: Cluckeye	1961789627	legendary	Bows
Legendary: Sydyru Crust	1961609942	legendary	Bows
The Realmwalker	1960749072	normal	Lore
Legendary: Windforce	1960747454	legendary	Bows
Legendary: The Raven's Wing	1960711517	legendary	Bows
Legendary: Unbound Bolt	1960675580	legendary	Bows
Legendary: Uskang	1960603706	legendary	Bows
Legendary: Uskang (Patch 2.1.0)	1960603442	legendary	Bows
Legendary: Etrayu	1960459958	legendary	Bows
Legendary: Etrayu (Patch 2.1.0)	1960459694	legendary	Bows
Legendary: The Undisputed Champion (Patch 2.1.2) BARBARIAN	1958737386	legendary	Mighty Belts
Legendary: Dread Iron (Patch 2.2.0) BARBARIAN	1958737381	legendary	Mighty Belts
The Dahlgur Oasis	1958060101	normal	Unknown
Greater Rift Keystone Rank 9	1955086545	normal	Keys
Greater Rift Keystone Rank 8	1955086544	normal	Keys
Greater Rift Keystone Rank 7	1955086543	normal	Keys
Greater Rift Keystone Rank 6	1955086542	normal	Keys
Greater Rift Keystone Rank 5	1955086541	normal	Keys
Greater Rift Keystone Rank 4	1955086540	normal	Keys
Greater Rift Keystone Rank 3	1955086539	normal	Keys
Greater Rift Keystone Rank 2	1955086538	normal	Keys
Greater Rift Keystone Rank 1	1955086537	normal	Keys
Keystone of Trials	1955086536	normal	Keys
Cataclysm	1954052154	normal	Maces, Two-Handed
Cataclysm	1954049710	normal	Maces, Two-Handed
Legendary: Infernal Staff of Herding	1952916002	legendary	Staves
Boneshatter	1950494391	normal	Maces, Two-Handed
Boneshatter	1950491947	normal	Maces, Two-Handed
The Testament of Inarius, Part 7	194883970	normal	Lore
The Testament of Inarius, Part 6	194883969	normal	Lore
The Testament of Inarius, Part 5	194883968	normal	Lore
The Testament of Inarius, Part 4	194883967	normal	Lore
The Testament of Inarius, Part 3	194883966	normal	Lore
The Testament of Inarius, Part 2	194883965	normal	Lore
The Testament of Inarius, Part 1	194883964	normal	Lore
Westmarch Holy Water (Patch 2.3.0)	1948629092	normal	Crafting Components
Corrupted Angel Flesh (Patch 2.3.0)	1948629091	normal	Crafting Components
Arreat War Tapestry (Patch 2.3.0)	1948629090	normal	Crafting Components
Caldeum Nightshade (Patch 2.3.0)	1948629089	normal	Crafting Components
Khanduran Rune (Patch 2.3.0)	1948629088	normal	Crafting Components
Blackthorne's Spurs (Demon Hunter Set: Blackthorne's Battlegear)	1941575230	set	Boots
Sage's Passage (Set: Sage's Journey)	1941539293	set	Boots
Captain Crimson's Waders (Set: Captain Crimson's Trimmings)	1941503356	set	Boots
Cain's Travelers (Set: Cain's Destiny)	1941431482	set	Boots
Asheara's Finders (Set: Asheara's Vestments)	1941395545	set	Boots
Zunimassa's Trail (Witchdoctor Set: Zunimassa's Haunt)	1941359608	set	Boots
Immortal King's Stride (Barbarian Set: Immortal King's Call)	1941323671	set	Boots
Natalya's Bloody Footprints (Demon Hunter Set: Natalya's Vengeance)	1941287734	set	Boots
Legendary: The Crudest Boots MONK	1941251797	legendary	Boots
Legendary: Lut Socks	1940389309	legendary	Boots
Legendary: Ice Climbers	1940353372	legendary	Boots
Legendary: Fire Walkers	1940317435	legendary	Boots
Legendary: Fire Walkers (Patch 2.2.0)	1940317172	legendary	Boots
Legendary: Board Walkers	1940245561	legendary	Boots
Legendary: Boj Anglers	1940101813	legendary	Boots
Art_Test_Chest_9	1937623764	normal	Testing: Art
Art_Test_Chest_8	1937623763	normal	Testing: Art
Art_Test_Chest_7	1937623762	normal	Testing: Art
Art_Test_Chest_6	1937623761	normal	Testing: Art
Art_Test_Chest_5	1937623760	normal	Testing: Art
Art_Test_Chest_4	1937623759	normal	Testing: Art
Art_Test_Chest_3	1937623758	normal	Testing: Art
Art_Test_Chest_2	1937623757	normal	Testing: Art
Art_Test_Chest_1	1937623756	normal	Testing: Art
Legendary: Madstone (Patch 2.1.0)	1935108657	legendary	Spirit Stones
Common: Ring of Truth (Patch 2.4.3)	1933089187	normal	Rings
Common: Empyrean Band (Patch 2.4.3)	1933089186	normal	Rings
Plan: Asheara's Vestments	1930988128	normal	Blacksmith Plan
Platinum	1927699898	normal	Unknown
Legendary: Mantle of Channeling (Patch 2.4.0)	1925746098	legendary	Shoulders
Legendary: Lefebvre's Soliloquy (Patch 2.4.0) MONK	1925746096	legendary	Shoulders
Landus's Diary	192275875	normal	Lore
Power-Up Attack Speed	1921622363	normal	Junk
Pet: Stupendous Contraption (S21)	1920516661	normal	Pets
Common: King's Sword of Haste (Patch 2.4.3)	1918956665	normal	Swords, One-Handed
Vile Bat	191466402	normal	Lore
Wings: Cosmetic Wings bfly 07 (Patch 2.4.0)	1905890384	normal	Wings
Winds of Aldinach	1905890383	normal	Wings
Wings of Semyaz	1905890382	normal	Wings
Wings: Wings of Lempo (Patch 2.4.0)	1905890381	normal	Wings
Wings: Wings of Kokabiel (Patch 2.4.0)	1905890380	normal	Wings
Wings: Lady Gaki's Wings (Patch 2.4.0)	1905890379	normal	Wings
Lord Culsu's Wings	1905890378	normal	Wings
A Page from Lazarus's Grimoire	1905436671	normal	Lore
Base (Tier 14) Moschen Spheres	1905181658	normal	Sources
Base (Tier 13) Puzzle Box	1905181657	normal	Sources
Base (Tier 12) Demi Lich	1905181656	normal	Sources
Base (Tier 11) Orbit Stones	1905181655	normal	Sources
Base (Tier 10) Codex	1905181654	normal	Sources
Base (Tier 09) Power Sphere	1905181653	normal	Sources
Base (Tier 08) Screaming Skull	1905180567	normal	Sources
Base (Tier 07) Triad	1905180566	normal	Sources
Base (Tier 06) Fiendish Folio	1905180565	normal	Sources
Base (Tier 05) Sanctuary Globe	1905180564	normal	Sources
Base (Tier 04) Cursed Skull	1905179478	normal	Sources
Base (Tier 03) Smoked Spheres	1905179477	normal	Sources
Base (Tier 02) Spellbook	1905179476	normal	Sources
Base (Tier 01) Eagle Orb	1905179475	normal	Sources
Shrieking Terror	1905172061	normal	Lore
Legendary: Spear of Jairo (Patch 2.6.0) NECROMANCER	1903976182	legendary	Spears
Legendary: Conqueror's Pauldrons (Patch 2.1.0)	1902294393	legendary	Shoulders
Bonus Cache: BonusAct4BagHard	1899469308	normal	Caches
Frame: Tal Rasha - Guardian (Patch 2.4.0)	1898911884	normal	Portrait Frames
Frame: Tal Rasha - Conqueror (Patch 2.4.0)	1898911883	normal	Portrait Frames
Frame: Tal Rasha - Destroyer (Patch 2.4.0)	1898911882	normal	Portrait Frames
Frame: Tal Rasha - Champion (Patch 2.4.0)	1898911881	normal	Portrait Frames
Frame: Tal Rasha - Slayer (Patch 2.4.0)	1898911880	normal	Portrait Frames
Frame: Tal Rasha (Patch 2.4.0)	1898911879	normal	Portrait Frames
Legendary: Serpent's Sparker WIZARD	1898798298	legendary	Wands
Legendary: Wand of Woh WIZARD	1898762361	legendary	Wands
The Path of Wisdom, Part 6	18980878	normal	Lore
The Path of Wisdom, Part 5	18980877	normal	Lore
The Path of Wisdom, Part 4	18980876	normal	Lore
The Path of Wisdom, Part 3	18980875	normal	Lore
The Path of Wisdom, Part 2	18980874	normal	Lore
The Path of Wisdom, Part 1	18980873	normal	Lore
The Khazra Massacre	1895762821	normal	Lore
Researching the Khazra	1895762820	normal	Lore
Khazra Heads Wanted	1895762819	normal	Lore
Steel Tome (Patch 2.6.6)	1893209914	normal	Lore
Wood Wraith	1892963547	normal	Lore
Legendary: Hammer Jammers (Patch 2.4.0) CRUSADER	1891331216	legendary	Pants
Earthshatter	1889808540	normal	Mace
Earthshatter	1889806096	normal	Mace
Legendary: Wormwood (Patch 2.1.2) WITCH DOCTOR	1889450717	legendary	Staves
Legendary: Dayntee's Binding (Patch 2.6.0) NECROMANCER	1889210946	legendary	Belts
Summoned Soldier	1887856949	normal	Lore
Bloodied Parchment	1881837798	normal	Lore
Bloodied Scraps	1881837797	normal	Lore
Shadowclone "Mighty Weapons, Two-Handed" (Hell)	1875985680	normal	Developer Weapons
Bottled Smoke	1866876234	normal	Dye
Bottled Cloud	1866876233	normal	Dye
Spider	1866317050	normal	Lore
Colossal Golgor	1864365917	normal	Lore
Bloody Pincer	1864276820	normal	Crafting Materials
Plans: The Infernal Machine	186340431	normal	Blacksmith Plan
Legendary: Sin Seekers (Patch 2.4.3) DEMON HUNTER	1862624984	legendary	Quivers
Legendary: Drakon's Lesson (Patch 2.2.0)	1861701111	legendary	Bracers
Legendary: Spirit Guards (Patch 2.2.0) MONK	1861701087	legendary	Bracers
Legendary: Gungdo Gear (Patch 2.1.2) MONK	1861699995	legendary	Bracers
Legendary: Mortick's Brace (Patch 2.2.0) BARBARIAN	1861699992	legendary	Bracers
Hallowed Baton (Set: Hallowed Protectors)	1861064448	set	Wands
Legendary: Slorak's Madness WIZARD	1860884763	legendary	Wands
Chantodo's Will (Wizard Set: Chantodo's Resolve)	1860848826	set	Wands
Legendary: Fragment of Destiny WIZARD	1860776952	legendary	Wands
Legendary: Atrophy	1859914464	legendary	Wands
Legendary: Blackhand Key	1859806653	legendary	Wands
Legendary: Starfire WIZARD	1859698842	legendary	Wands
Legendary: Gesture of Orpheus WIZARD	1859662905	legendary	Wands
Lai Yui's Taiji	1853348880	normal	Daibos
Lai Yui's Taiji	1853346436	normal	Daibos
Fall of the Barbarians, Part 5	1850500837	normal	Lore
Fall of the Barbarians, Part 4	1850500836	normal	Lore
Fall of the Barbarians, Part 3	1850500835	normal	Lore
Fall of the Barbarians, Part 2	1850500834	normal	Lore
Fall of the Barbarians, Part 1	1850500833	normal	Lore
Legendary: The Clouds and the Moon	1849788673	legendary	Daibos
Rozpedin's Staff	1848605196	normal	Daibos
Rozpedin's Staff	1848602752	normal	Daibos
Sage's Gesture (Set: Sage's Plight)	1848379901	set	Gloves
Sage's Gesture (Set: Sage's Plight)	1848377457	set	Gloves
Plan: Asheara's Uniform	1846613104	normal	Blacksmith Plan
Cain's Scribe (Set: Cain's Fate)	1846008059	set	Gloves
Cain's Scribe (Set: Cain's Fate)	1846005615	set	Gloves
Ramaladni's Gift	1844495708	normal	Consumables
Unending War	1841122355	normal	Mighty Weapons, Two-Handed
Immortal King's Stone Crusher (Set: Immortal King)	1841122353	set	Mighty Weapons, Two-Handed
Scythe shadowClone Normal (Patch 2.6.0)	1840902926	normal	Developer Weapons
Maghda's Tormented Soul	1835813454	normal	Crafting Components
Frame: Demon Hunter (Patch 2.4.0)	1834718654	normal	Portrait Frames
Tome of Set Dungeons, page 40	183290123	set	Lore
Plan: Sage's Journey	1831860075	normal	Blacksmith Plan
Legendary: Rhen'ho Flayer WITCH DOCTOR	1823614361	legendary	Ceremonial Knives
Legendary: Starmetal Kukri WITCH DOCTOR	1823578424	legendary	Ceremonial Knives
Explorer's Log, Part 4	1823236169	normal	Lore
Explorer's Log, Part 3	1823236168	normal	Lore
Explorer's Log, Part 2	1823236167	normal	Lore
Explorer's Log, Part 1	1823236166	normal	Lore
Orn trDun Cath Candlestand	1823013658	normal	NPC Items
Heart of the Titans	1821181577	normal	Chest Armor
Blacksmith's Tome	1818884426	normal	NPC Items
Art_Test_Ring_5	1818597033	normal	Testing: Art
Art_Test_Ring_4	1818597032	normal	Testing: Art
Art_Test_Ring_3	1818597031	normal	Testing: Art
Art_Test_Ring_2	1818597030	normal	Testing: Art
Art_Test_Ring_1	1818597029	normal	Testing: Art
Vicious Hound	181747316	normal	Lore
Mystery Amulet	1816611999	normal	NPC Items
Base (Tier 23) Ascended Shield	1815809043	normal	Shields
Base (Tier 22) Rakkisgard Shield	1815809042	normal	Shields
Base (Tier 21) Sacred Shield	1815809041	normal	Shields
Base (Tier 20) Dread Shield	1815809040	normal	Shields
Base (Tier 19) Aegis	1815809039	normal	Shields
Base (Tier 18) Scutum	1815809038	normal	Shields
Base (Tier 17) Defender	1815809037	normal	Shields
Base (Tier 16) Hoplon	1815809036	normal	Shields
Base (Tier 15) Aspis	1815809035	normal	Shields
Base (Tier 14) Savior	1815807952	normal	Shields
Base (Tier 13) Bone Shield	1815807951	normal	Shields
Base (Tier 12) Pavise	1815807950	normal	Shields
Base (Tier 11) Ironwood Shield	1815807949	normal	Shields
Base (Tier 10) Knight Shield	1815807948	normal	Shields
Base (Tier 09) Rondache	1815807947	normal	Shields
Base (Tier 08) Pelta	1815807946	normal	Shields
Base (Tier 07) Tower Shield	1815806863	normal	Shields
Base (Tier 06) Gothic Shield	1815806862	normal	Shields
Base (Tier 05) Large Shield	1815806861	normal	Shields
Base (Tier 04) Kite Shield	1815806860	normal	Shields
Base (Tier 03) Heater Shield	1815806859	normal	Shields
Base (Tier 02) Targe Shield	1815806858	normal	Shields
Base (Tier 01) Buckler	1815806857	normal	Shields
Base (Tier 00) Buckler	1815806856	normal	Shields
Tristram Fields	1814333430	normal	Lore
Professional Russian's Fear Proc Bow	1812597803	normal	Developer Weapons
Asheara's Iron Fist (Set: Asheara's Uniform)	1811616350	set	Gloves
Asheara's Iron Fist (Set: Asheara's Uniform)	1811613906	set	Gloves
Base (Tier 23) Oxybeles	181035078	normal	Crossbows
Base (Tier 22) Rampart Bow	181035077	normal	Crossbows
Base (Tier 21) Hellion Crossbow	181033994	normal	Crossbows
Base (Tier 20) Doomcaster	181033993	normal	Crossbows
Base (Tier 19) Stonebow	181033992	normal	Crossbows
Base (Tier 18) Nayin	181033991	normal	Crossbows
Base (Tier 17) Dread Crossbow	181033990	normal	Crossbows
Base (Tier 16) Cranequin	181033989	normal	Crossbows
Base (Tier 15) Windlass	181033988	normal	Crossbows
Base (Tier 14) Scorpion	181032905	normal	Crossbows
Base (Tier 13) War Caster	181032904	normal	Crossbows
Base (Tier 12) Chokonu	181032903	normal	Crossbows
Base (Tier 11) Slingbow	181032902	normal	Crossbows
Base (Tier 10) Heavy Siege Crossbow	181032901	normal	Crossbows
Base (Tier 09) Quarrelbow	181032900	normal	Crossbows
Base (Tier 08) Siege Crossbow	181032899	normal	Crossbows
Base (Tier 07) Porcupine	181031816	normal	Crossbows
Base (Tier 06) War Crossbow	181031815	normal	Crossbows
Base (Tier 05) Lian Nu	181031814	normal	Crossbows
Base (Tier 04) Arbalest	181031813	normal	Crossbows
Base (Tier 03) Heavy Crossbow	181031812	normal	Crossbows
Base (Tier 02) Crossbow	181031811	normal	Crossbows
Base (Tier 01) Light Crossbow	181031810	normal	Crossbows
Legendary: Sebor's Nightmare	1810135389	legendary	Belts
Legendary: Sebor's Nightmare (Patch 2.2.0)	1810135126	legendary	Belts
Legendary: Hwoj Wrap WITCH DOCTOR	1810099452	legendary	Belts
Legendary: Jang's Envelopment WIZARD	1810063515	legendary	Belts
Legendary: Harrington Waistguard	1810027578	legendary	Belts
Legendary: Cord of the Sherma	1809991641	legendary	Belts
Legendary: Sherma of Corrosion (Patch 2.2.0)	1809991378	legendary	Belts
Legendary: Insatiable Belt	1809955704	legendary	Belts
Winged Assassin	1809929374	normal	Lore
Legendary: Sash of Knives DEMON HUNTER	1809919767	legendary	Belts
Legendary: Sash of Knives (Patch 2.2.0)	1809919504	legendary	Belts
Legendary: Sash of Knives (Patch 2.1.0)	1809919503	legendary	Belts
Legendary: Razor Strop	1809883830	legendary	Belts
Plan: Staff of Herding	1806898802	normal	Blacksmith Plan
Frostburn Gauntlets	1803314903	normal	Gloves
Frostburn Gauntlets	1803312459	normal	Gloves
Born for War Vitality	1803201223	normal	Amulets
Born for War Defense	1803181475	normal	Amulets
Born for War Attack	1803178717	normal	Amulets
Born for War All	1803178445	normal	Amulets
Greater Horadric Cache Torment	1802516147	normal	Caches
Pendergrasps	1802128982	normal	Gloves
Pendergrasps	1802126538	normal	Gloves
Hallowed Destroyer (Set: Hallowed Armaments)	1801986965	set	Mighty Weapon
Bul-Kathos's Tribal Guardian (Set: Bul-Kathos's Children)	1801986961	set	Mighty Weapon
Bul-Kathos's Sacred Charge (Set: Bul-Kathos's Children)	1801986960	set	Mighty Weapon
Harvest Moon	1801986928	normal	Mighty Weapon
Plan: Captain Crimson's Finery	179824936	normal	Blacksmith Plan
Grand Maester's Journal	1792637338	normal	Lore
Shadowclone Daibo (Inferno)	1791808816	normal	Developer Weapons
Duriel, the Lord of Pain	1791215219	normal	Lore
Mausoleum Key	1790135009	normal	Quest
Shackles of the Invoker (Crusader Set: Thorns of the Invoker)	1786138490	set	Bracers
Hallowed Sufferance (Set: Hallowed Protectors)	1785628952	set	Ceremonial Knife
Krelm's Buff Bracers (Demon Hunter Set: Krelm’s Buff Bulwark)	1784952569	set	Bracers
Manajuma's Carving Knife (Witchdoctor Set: Manajuma's Way)	1784730527	set	Ceremonial Knife
Legendary: Last Breath WITCH DOCTOR	1784694590	legendary	Ceremonial Knives
Legendary: Living Umbral Oath	1784622716	legendary	Ceremonial Knives
Legendary: The Spider Queen's Grasp WITCH DOCTOR	1784550842	legendary	Ceremonial Knives
Legendary: Deadly Rebirth WITCH DOCTOR	1784514905	legendary	Ceremonial Knives
Testing: P1 Flails1H norm Legendary 02 (Patch 2.1.1)	1784501907	legendary	Flails, Two-Handed
Testing: P1 Flails1H norm Legendary 01 (Patch 2.1.1) CRUSADER	1784501906	legendary	Flails, One-Handed
Legendary: The Gidbinn WITCH DOCTOR	1784478968	legendary	Ceremonial Knives
Legendary: Anessazi Edge WITCH DOCTOR	1784443031	legendary	Ceremonial Knives
Plan: Exalted Grand Stalker Cape	1784279615	normal	Blacksmith Plan
Lord of Destruction	177825852	normal	Pennants
Reaper of Souls	177825851	normal	Pennants
Diablo III	177825850	normal	Pennants
Diablo II	177825849	normal	Pennants
Diablo	177825848	normal	Pennants
Legendary: Akkhan's Leniency (Patch 2.4.0) CRUSADER	1777573174	legendary	Flails, Two-Handed
Diablo, the Lord of Terror	1776365849	normal	Lore
The Maester's Proclamation	1776052671	normal	Lore
Legendary: Wand of Woh (Patch 2.6.1)	1775640783	legendary	Wands
Art_Test_Sword_2H_5	1775039905	normal	Testing: Art
Art_Test_Sword_2H_4	1775039904	normal	Testing: Art
Art_Test_Sword_2H_3	1775039903	normal	Testing: Art
Art_Test_Sword_2H_2	1775039902	normal	Testing: Art
Art_Test_Sword_2H_1	1775039901	normal	Testing: Art
Art_Test_Sword_1H_9	1775003972	normal	Testing: Art
Testing: Art Test Sword 1H 8 (Patch 2.6.0)	1775003971	normal	Testing: Art
Testing: Art Test Sword 1H 7 (Patch 2.6.0)	1775003970	normal	Testing: Art
Testing: Art Test Sword 1H 6 (Patch 2.6.0)	1775003969	normal	Testing: Art
Testing: Art Test Sword One-Handed 5	1775003968	normal	Testing: Art
Testing: Art Test Sword One-Handed 4	1775003967	normal	Testing: Art
Testing: Art Test Sword One-Handed 3	1775003966	normal	Testing: Art
Testing: Art Test Sword One-Handed 2	1775003965	normal	Testing: Art
Testing: Art Test Sword One-Handed 1	1775003964	normal	Testing: Art
Nephalem Shard	1774254059	normal	NPC Items
Blackthorne's Notched Belt (Demon Hunter Set: Blackthorne's Battlegear)	1772078106	set	Belts
Demon's Restraint (Set: Demon's Hide)	1772042169	set	Belts
Guardian's Case (Set: Guardian's Jeopardy)	1772006232	set	Belts
Captain Crimson's Silk Girdle (Set: Captain Crimson's Trimmings)	1771970295	set	Belts
Legendary: Goldwrap	1771898421	legendary	Belts
Legendary: Gesture Of Orpheus (Patch 2.2.0) WIZARD	1771839282	legendary	Wands
Base (Tier 16) Whirlwind Staff	1771752119	normal	Daibos
Base (Tier 15) Iron Judgement	1771752118	normal	Daibos
Base (Tier 14) Guru Staff	1771751034	normal	Daibos
Base (Tier 13) Zhezl	1771751033	normal	Daibos
Base (Tier 12) Grand Taiji	1771751032	normal	Daibos
Base (Tier 11) Drevko	1771751031	normal	Daibos
Base (Tier 10) Silambam	1771751030	normal	Daibos
Base (Tier 09) Lathi	1771751029	normal	Daibos
Base (Tier 08) Svardstav	1771749943	normal	Daibos
Base (Tier 07) Trost	1771749942	normal	Daibos
Base (Tier 06) Sibat	1771749941	normal	Daibos
Base (Tier 05) Jodo Staff	1771749940	normal	Daibos
Base (Tier 04) Taiji	1771748854	normal	Daibos
Base (Tier 03) Eiku	1771748853	normal	Daibos
Base (Tier 02) Spade	1771748852	normal	Daibos
Base (Tier 01) Wooden Bo	1771748851	normal	Daibos
Legendary: The Witching Hour	1771035933	legendary	Belts
Legendary: String of Ears	1770999996	legendary	Belts
Inna's Favor (Monk Set: Inna's Mantra)	1770964059	set	Belts
Tal Rasha's Brace (Wizard Set: Tal Rasha's Elements)	1770928122	set	Belts
Legendary: Hellcat Waistguard DEMON HUNTER	1770892185	legendary	Belts
Legendary: Fleeting Strap	1770856248	legendary	Belts
Legendary: Angel Hair Braid	1770820311	legendary	Belts
Legendary: Angel Hair Braid (Patch 2.1.0) CRUSADER	1770820047	legendary	Belts
Legendary: Vigilante Belt	1770784374	legendary	Belts
Legendary: Saffron Wrap BARBARIAN	1770748437	legendary	Belts
Pennant: Ox (Patch 2.4.0)	1769352763	normal	Pennants
Hallowed Storm (Set: Hallowed Defenders)	176323551	set	Axe
Hallowed Storm (Set: Hallowed Defenders)	176321107	set	Axe
Plan: Aughild's Authority	1761387753	normal	Blacksmith Plan
The Promises of Fezuul al-Kazarr	1758275411	normal	Lore
Inarius's Martyrdom (Necromancer Set: Grace of Inarius)	17560433	set	Shoulders
Base (Tier 14) Ascended Headpiece	1755623813	normal	Wizard Hats
Base (Tier 13) Vizier Hat	1755623812	normal	Wizard Hats
Base (Tier 12) Elder Hat	1755623811	normal	Wizard Hats
Base (Tier 11) Archmage Headpiece	1755623810	normal	Wizard Hats
Base (Tier 10) Sinister Mask	1755623809	normal	Wizard Hats
Base (Tier 09) Sage Hat	1755623808	normal	Wizard Hats
Base (Tier 08) Traveler Hat	1755622722	normal	Wizard Hats
Base (Tier 07) Mentor Cap	1755622721	normal	Wizard Hats
Base (Tier 06) Mystic Shade	1755622720	normal	Wizard Hats
Base (Tier 05) Conjurer Shade	1755622719	normal	Wizard Hats
Base (Tier 04) Charlatan Cap	1755621633	normal	Wizard Hats
Base (Tier 03) Scholarly Fez	1755621632	normal	Wizard Hats
Base (Tier 02) Journey Mask	1755621631	normal	Wizard Hats
Base (Tier 01) Wanderer Hat	1755621630	normal	Wizard Hats
Professional Russian's Slow Proc Sword	1751317849	normal	Developer Weapons
Greater Horadric Cache	1749838250	normal	Caches
Legendary: Gyrfalcon's Foote (Patch 2.6.1)	1747207177	legendary	Flails, One-Handed
Hunter's Journal, Part 6	174686251	normal	Lore
Hunter's Journal, Part 5	174686250	normal	Lore
Hunter's Journal, Part 4	174686249	normal	Lore
Hunter's Journal, Part 3	174686248	normal	Lore
Hunter's Journal, Part 2	174686247	normal	Lore
Hunter's Journal, Part 1	174686246	normal	Lore
Plan: Night's Reaping	1744959696	normal	Blacksmith Plan
Pendent: Harvest (Patch 2.5.0)	1742926680	normal	Pennants
Iron Wolf Captain's Journal	1742022798	normal	Lore
Burial Wishes	1740306889	normal	Lore
Art_Test_Pet_17	1735787957	normal	Testing: Art
Art_Test_Pet_16	1735787956	normal	Testing: Art
Art_Test_Pet_15	1735787955	normal	Testing: Art
Art_Test_Pet_14	1735787954	normal	Testing: Art
Art_Test_Pet_13	1735787953	normal	Testing: Art
Art_Test_Pet_12	1735787952	normal	Testing: Art
Art_Test_Pet_11	1735787951	normal	Testing: Art
Art_Test_Pet_10	1735787950	normal	Testing: Art
Steffon's Heavy Lance (Patch 2.4.1)	173517644	normal	Spears
Unending War	1733502483	normal	Mighty Weapons, Two-Handed
Unending War	1733500039	normal	Mighty Weapons, Two-Handed
Pet: Royal Calf (Patch 2.4.3)	1729774130	normal	Pets
The Oppressors	1727215776	normal	Lore
Eyes of the Dead	1726149320	normal	Crafting Components
The Horrible Secret	172363859	normal	Lore
Demon's Cage (Set: Demon's Carapace)	172017029	set	Chest Armor
Aughild's Vestments (Set: Aughild's Treasured)	172017028	set	Chest Armor
Born's Carapace (Set: Born's Aegis)	172017027	set	Chest Armor
Robes of the Rydraelm	172016998	normal	Chest Armor
Zunimassa's Vessel (Set: Zunimassa's Spirit)	172016995	set	Chest Armor
Inna's Refuge (Set: Inna's Majesty)	172016994	set	Chest Armor
Tal Rasha's Guardianship (Set: Tal Rasha's Wrappings)	172016993	set	Chest Armor
Immortal King's Soul Cage (Set: Immortal King)	172016992	set	Chest Armor
Plan: Exalted Grand Sovereign Greaves	1717766204	normal	Blacksmith Plan
Plan: Exalted Fine Sovereign Greaves	1717766203	normal	Blacksmith Plan
Captain Crimson's Waders (Set: Captain Crimson's Trimmings)	1716945839	set	Boots
Legendary: Lord Greenstone's Fan (Patch 2.4.1) DEMON HUNTER	1714382	legendary	Daggers
Shadowclone Staff (Nightmare)	1714039048	normal	Developer Weapons
Mountains of Justice (Monk Set: Patterns of Justice)	1713692260	set	Pants
Chausses of Valor (Crusader Set: Aegis of Valor)	1713692259	set	Pants
Plan: Cinder Switch	1713442269	normal	Blacksmith Plan
Warriv's Journal	1708077021	normal	Lore
Base (Tier 17) Flesh Render	1700551051	normal	Axes, Two-Handed
Base (Tier 16) Dread Axe	1700551050	normal	Axes, Two-Handed
Base (Tier 15) Decapitator	1700549965	normal	Axes, Two-Handed
Base (Tier 14) Sagaris	1700549964	normal	Axes, Two-Handed
Base (Tier 13) Ripper Axe	1700549963	normal	Axes, Two-Handed
Base (Tier 12) Valaska	1700549962	normal	Axes, Two-Handed
Base (Tier 11) Fell Axe	1700549961	normal	Axes, Two-Handed
Base (Tier 10) Labrys	1700548876	normal	Axes, Two-Handed
Base (Tier 09) Parashu	1700548875	normal	Axes, Two-Handed
Base (Tier 08) Fang Axe	1700548874	normal	Axes, Two-Handed
Base (Tier 07) Francisca	1700548873	normal	Axes, Two-Handed
Base (Tier 06) Timber Axe	1700548872	normal	Axes, Two-Handed
Base (Tier 05) Great Axe	1700547787	normal	Axes, Two-Handed
Base (Tier 04) Military Axe	1700547786	normal	Axes, Two-Handed
Base (Tier 03) Tabarzin	1700547785	normal	Axes, Two-Handed
Base (Tier 02) War Axe	1700547784	normal	Axes, Two-Handed
Base (Tier 01) Lumber Axe	1700547783	normal	Axes, Two-Handed
Unburied	1695981553	normal	Lore
Belial, the Lord of Lies	1693753943	normal	Lore
Phalanx Flail (Patch 2.4.0) CRUSADER	1692870603	normal	Flails, Two-Handed
Legendary: Akkhan's Addendum (Patch 2.4.0) CRUSADER	1692870602	legendary	Flails, Two-Handed
PTR: Barbarian Sets	1690826136	set	PTR Packs
Base (Tier 17) Amulet	1682228656	normal	Amulets
Base (Tier 16) Amulet	1682228655	normal	Amulets
Base (Tier 15) Amulet	1682228654	normal	Amulets
Base (Tier 14) Amulet	1682228653	normal	Amulets
Base (Tier 13) Amulet	1682228652	normal	Amulets
Base (Tier 12) Amulet	1682228651	normal	Amulets
Base (Tier 11) Amulet	1682228650	normal	Amulets
Base (Tier 10) Amulet	1682228649	normal	Amulets
Base (Tier 09) Amulet	1682228625	normal	Amulets
Base (Tier 08) Amulet	1682228624	normal	Amulets
Base (Tier 07) Amulet	1682228623	normal	Amulets
Base (Tier 06) Amulet	1682228622	normal	Amulets
Base (Tier 05) Amulet	1682228621	normal	Amulets
Base (Tier 04) Amulet	1682228620	normal	Amulets
Base (Tier 03) Amulet	1682228619	normal	Amulets
Base (Tier 02) Amulet	1682228618	normal	Amulets
Base (Tier 01) Amulet	1682228617	normal	Amulets
Legendary: Blade of the Tribes (Patch 2.4.0) BARBARIAN	1677910869	legendary	Mighty Weapons, Two-Handed
Legendary: Fury of the Vanished Peak (Patch 2.4.0) BARBARIAN	1677909785	legendary	Mighty Weapons, Two-Handed
The Imperial Guard's Orders	1676339915	normal	Lore
Blood Hawk	1675805102	normal	Lore
Blood Clan Khazra	1675636673	normal	Lore
Pet: Butcher (Patch 2.4.3)	167459531	normal	Pets
Hallowed Reckoning (Set: Hallowed Defenders)	1669258869	set	Mighty Weapon
Hallowed Reckoning (Set: Hallowed Defenders)	1669256425	set	Mighty Weapon
The Skeleton King	1667935935	normal	Lore
Rathma's Macabre Vambraces (Necromancer Set: Bones of Rathma)	1667839014	set	Gloves
Frame: Crusader (Patch 2.4.0)	1666320302	normal	Portrait Frames
Legendary: Standoff (Patch 2.4.0) BARBARIAN	1665606857	legendary	Polearms
Legendary: Banded Cuirass (Patch 2.3.0)	1664896909	legendary	Chest Armor
Legendary: Hide Tunic (Patch 2.3.0)	1664896810	legendary	Chest Armor
Horadric Cache: HoradricCacheA3Master	1664082208	normal	Caches
Summoned Shield Guard	166255055	normal	Lore
Terror Demon	166186064	normal	Lore
Base (Tier 23) Dire Axe	1661415658	normal	Axes, One-Handed
Base (Tier 22) Executioner's Axe	1661415657	normal	Axes, One-Handed
Base (Tier 21) Arch Axe	1661414574	normal	Axes, One-Handed
Base (Tier 20) Galraki	1661414573	normal	Axes, One-Handed
Base (Tier 19) Skartaran Axe	1661414572	normal	Axes, One-Handed
Base (Tier 18) Balestarius	1661414571	normal	Axes, One-Handed
Base (Tier 17) Arreat Axe	1661414570	normal	Axes, One-Handed
Base (Tier 16) Crescent Axe	1661414569	normal	Axes, One-Handed
Base (Tier 15) Tomahawk	1661414568	normal	Axes, One-Handed
Base (Tier 14) Masakari	1661413485	normal	Axes, One-Handed
Base (Tier 13) Toporok	1661413484	normal	Axes, One-Handed
Base (Tier 12) Chopper	1661413483	normal	Axes, One-Handed
Base (Tier 11) Adze	1661413482	normal	Axes, One-Handed
Base (Tier 10) Bullova	1661413481	normal	Axes, One-Handed
Base (Tier 09) Ono	1661413480	normal	Axes, One-Handed
Base (Tier 08) Hatchet	1661413479	normal	Axes, One-Handed
Base (Tier 07) Soldier Axe	1661412396	normal	Axes, One-Handed
Base (Tier 06) Marauder Axe	1661412395	normal	Axes, One-Handed
Base (Tier 05) Battle Axe	1661412394	normal	Axes, One-Handed
Base (Tier 04) Heavy Axe	1661412393	normal	Axes, One-Handed
Base (Tier 03) Double Axe	1661412392	normal	Axes, One-Handed
Base (Tier 02) Broad Axe	1661412391	normal	Axes, One-Handed
Base (Tier 01) Hand Axe	1661412390	normal	Axes, One-Handed
Base (Tier 00) Weathered Hand Axe	1661412389	normal	Axes, One-Handed
Legendary: Defiler Cuisses (Patch 2.6.1)	1655219915	legendary	Pants
Legendary: Golemskin Breeches (Patch 2.6.1)	1655219914	legendary	Pants
Super Health Potion	1653966238	normal	Potion
Runic Health Potion	1652778256	normal	Potion
Gerudo Epaulette (Patch 2.6.4)	164868426	normal	Chest Armor
The Death of King Leoric	164674838	normal	Lore
Minor Health Potion	1646417620	normal	Potion
Major Health Potion	1646125768	normal	Potion
Dune Dervish	1641498900	normal	Lore
Legendary: Oathkeeper (Patch 2.4.0) BARBARIAN	1638775479	legendary	Mighty Weapons, One-Handed
Legendary: Blade of the Warlord (Patch 2.4.0) BARBARIAN	1638774391	legendary	Mighty Weapons, One-Handed
Sage's Stones (Set: Sage's Wisdom)	1638662994	set	Helms
Guardian's Watch (Set: Guardian's Regalia)	1638662993	set	Helms
Aughild's Brow (Set: Aughild's Treasured)	1638662992	set	Helms
Cain's Laurel (Set: Cain's Honor)	1638662990	set	Helms
The Helm of Command	1638662989	normal	Helms
Tal Rasha's Horadric Crest (Set: Tal Rasha's Wrappings)	1638662988	set	Helms
Natalya's Gaze (Set: Natalya's Wrath)	1638662964	set	Helms
Immortal King's Will (Set: Immortal King)	1638662963	set	Helms
Giant Skull	1638662959	normal	Helms
Fallen Grunt	163638005	normal	Lore
Legendary: Golden Flense CRUSADER	163224915	legendary	Flails, Two-Handed
Legendary: Fate of the Fell CRUSADER	163188978	legendary	Flails, Two-Handed
Legendary: Baleful Remnant CRUSADER	163153041	legendary	Flails, Two-Handed
Legendary: The Mortal Drama CRUSADER	163117104	legendary	Flails, Two-Handed
Art_Test_Mojo_5	1629900558	normal	Testing: Art
Art_Test_Mojo_4	1629900557	normal	Testing: Art
Testing: Art Test Mojo 3	1629900556	normal	Testing: Art
Testing: Art Test Mojo 2	1629900555	normal	Testing: Art
Art_Test_Mojo_1	1629900554	normal	Testing: Art
Talisman	1626390053	normal	Unknown
Harvest Moon	1625379792	normal	Mighty Weapon
Harvest Moon	1625377348	normal	Mighty Weapon
Hallowed Barricade (Set: Hallowed Protectors)	162426761	set	Shields
Legendary: Wall of Man	162390824	legendary	Shields
Legendary: Rough Hide Leggings (Patch 2.3.0)	1619447128	legendary	Pants
Legendary: Jekangbord (Patch 2.6.1)	1618957961	legendary	Crusader Shields
Hallowed Rod (Set: Hallowed Armaments)	161873464	set	Wands
Chantodo's Sacred Protector (Set: Chantodo's Legacy)	161873458	set	Wands
Ruinstoke	161873432	normal	Wands
Legendary: Stormshield	161492399	legendary	Shields
Legendary: Lidless Wall	161456462	legendary	Shields
Legendary: Denial CRUSADER	161420525	legendary	Shields
The Mallet Lords	1613832402	normal	Lore
Legendary: Freeze of Deflection	161312714	legendary	Shields
Legendary: Ivory Tower	161240840	legendary	Shields
Base (Tier 19) Ascended Armor	1612259889	normal	Chest Armor
Base (Tier 18) Rakkisgard Armor	1612259888	normal	Chest Armor
Base (Tier 17) Archon Armor	1612259887	normal	Chest Armor
Base (Tier 16) Sovereign Mail	1612259886	normal	Chest Armor
Base (Tier 15) Doom Armor	1612259885	normal	Chest Armor
Base (Tier 14) Warlord Plate	1612259884	normal	Chest Armor
Base (Tier 13) Astral Mail	1612259883	normal	Chest Armor
Base (Tier 12) Balor Armor	1612259882	normal	Chest Armor
Base (Tier 11) Boneweave Hauberk	1612258797	normal	Chest Armor
Base (Tier 10) Battle Armor	1612258796	normal	Chest Armor
Base (Tier 09) Jazeraint Mail	1612258795	normal	Chest Armor
Base (Tier 08) Etched Jacket	1612258794	normal	Chest Armor
Base (Tier 07) Stygian Harness	1612258793	normal	Chest Armor
Base (Tier 06) Plate Mail	1612257709	normal	Chest Armor
Base (Tier 05) Splint Cuirass	1612257708	normal	Chest Armor
Base (Tier 04) Chain Mail	1612257707	normal	Chest Armor
Base (Tier 03) Brigandine Coat	1612257706	normal	Chest Armor
Base (Tier 02) Leather Doublet	1612257705	normal	Chest Armor
Base (Tier 01) Cloth Tunic	1612257704	normal	Chest Armor
Testing: P2 WizardSet Scroll Test (Patch 2.2.0)	1608362283	normal	Sources
The Last Stand of the Ancients	1604771305	ancient	Lore
PowerGlobe v2 x1	1604670149	normal	Consumables
Ruby (Tier 19) Flawless Royal Ruby	1603007851	normal	Gems
Ruby (Tier 18) Royal Ruby	1603007850	normal	Gems
Ruby (Tier 17) Flawless Imperial Ruby	1603007849	normal	Gems
Ruby (Tier 16) Imperial Ruby	1603007848	normal	Gems
Ruby (Tier 15) Marquise Ruby	1603007847	normal	Gems
Ruby (Tier 14) Radiant Star Ruby	1603007846	normal	Gems
Ruby (Tier 13) Perfect Star Ruby	1603007845	normal	Gems
Ruby (Tier 12) Flawless Star Ruby	1603007844	normal	Gems
Ruby (Tier 11) Star Ruby	1603007843	normal	Gems
Ruby (Tier 10) Radiant Square Ruby	1603007842	normal	Gems
Ruby (Tier 09) Perfect Square Ruby	1603007818	normal	Gems
Ruby (Tier 08) Flawless Square Ruby	1603007817	normal	Gems
Ruby (Tier 07) Square Ruby	1603007816	normal	Gems
Ruby (Tier 06) Radiant Ruby	1603007815	normal	Gems
Ruby (Tier 05) Perfect Ruby	1603007814	normal	Gems
Ruby (Tier 04) Flawless Ruby	1603007813	normal	Gems
Ruby (Tier 03) Ruby	1603007812	normal	Gems
Ruby (Tier 02) Flawed Ruby	1603007811	normal	Gems
Ruby (Tier 01) Chipped Ruby	1603007810	normal	Gems
Shadowclone Hand Crossbow (Normal)	1598708505	normal	Developer Weapons
Gillian's Diary, Part 2	1594401494	normal	Lore
Art_Test_Staff_9	1590673393	normal	Testing: Art
Testing: Art Test Staff 8 (Patch 2.6.0)	1590673392	normal	Testing: Art
Testing: Art Test Staff 7 (Patch 2.6.0)	1590673391	normal	Testing: Art
Testing: Art Test Staff 6 (Patch 2.6.0)	1590673390	normal	Testing: Art
Testing: Art Test Staff 5	1590673389	normal	Testing: Art
Testing: Art Test Staff 4	1590673388	normal	Testing: Art
Testing: Art Test Staff 3	1590673387	normal	Testing: Art
Testing: Art Test Staff 2	1590673386	normal	Testing: Art
Testing: Art Test Staff 1	1590673385	normal	Testing: Art
Legendary: Orb of Infinite Depth (Patch 2.4.0) WIZARD	1584901007	legendary	Sources
Legendary: Triumvirate (Patch 2.4.0) WIZARD	1584901006	legendary	Sources
Legendary: Etched Sigil (Patch 2.4.0) WIZARD	1584901005	legendary	Sources
Legendary: Primordial Soul (Patch 2.4.0) WIZARD	1584901004	primal	Sources
Lacuni	1574383663	normal	Lore
Legendary: Balance (Patch 2.6.1) MONK	1571905343	legendary	Daibos
Legendary: Guardian Facade	1571690839	legendary	Helms
Bonus Cache: BonusAct5BagHard	1568239325	normal	Caches
Legendary: Halcyon's Ascent	1566583839	legendary	Amulets
Legendary: Rakoff's Glass of Life	1566547902	legendary	Amulets
Legendary: Dovu Energy Trap	1566511965	legendary	Amulets
Legendary: Overwhelming Desire	1566476028	legendary	Amulets
Legendary: Golden Gorget of Leoric	1566440091	legendary	Amulets
Legendary: The Ess of Johan	1566404154	legendary	Amulets
Legendary: Countess Julia's Cameo	1566368217	legendary	Amulets
Legendary: Ancestors' Grace	1566332280	legendary	Amulets
Legendary: Haunt of Vaxo	1566296343	legendary	Amulets
Professional Russian's 100 DPS Bow	1565754085	normal	Developer Weapons
Base (Tier 19) Ascended Crown	1565456767	normal	Helms
Base (Tier 18) Rakkisgard Helm	1565456766	normal	Helms
Base (Tier 17) Archon Crown	1565456765	normal	Helms
Base (Tier 16) Sovereign Helm	1565456764	normal	Helms
Base (Tier 15) Hellscape Mask	1565456763	normal	Helms
Base (Tier 14) Zischagge	1565456762	normal	Helms
Base (Tier 13) Stechhelm	1565456761	normal	Helms
Base (Tier 12) Hounskull	1565456760	normal	Helms
Base (Tier 11) Great Helm	1565455675	normal	Helms
Base (Tier 10) Casque	1565455674	normal	Helms
Base (Tier 09) Klappvisier	1565455673	normal	Helms
Base (Tier 08) Basinet	1565455672	normal	Helms
Base (Tier 07) Crown	1565455671	normal	Helms
Base (Tier 06) Plated Helm	1565454587	normal	Helms
Base (Tier 05) Helmet	1565454586	normal	Helms
Base (Tier 04) Arming Cap	1565454585	normal	Helms
Base (Tier 03) Coif	1565454584	normal	Helms
Base (Tier 02) Leather Hood	1565454583	normal	Helms
Withermoth	1562746110	normal	Lore
Fallen Shaman	1562132029	normal	Lore
Necromancer's Log	1561999134	normal	Lore
Leoric's Journal, Part 5	1561062721	normal	Lore
Leoric's Journal, Part 4	1561062720	normal	Lore
Leoric's Journal, Part 3	1561062719	normal	Lore
Leoric's Journal, Part 2	1561062718	normal	Lore
Leoric's Journal, Part 1	1561062717	normal	Lore
Hermit's Ravings	1555542539	normal	Lore
PowerGlobe v2 x1 NoFlippy	1554449877	normal	Consumables
The Last of the Ancients	1554177638	ancient	Lore
Guardian Facade	1549850925	normal	Consumables
Arma Haereticorum	1549850924	normal	Consumables
Arma Mortis	1549850923	normal	Consumables
Plan: Rozpedin's Staff	1548578205	normal	Blacksmith Plan
Khazra	1543483412	normal	Lore
Base (Tier 17) Ascended Quiver	1539238484	normal	Quivers
Base (Tier 16) Rakkisgard Quiver	1539238483	normal	Quivers
Base (Tier 15) Sanctified Quiver	1539238482	normal	Quivers
Base (Tier 14) Runic Quiver	1539238481	normal	Quivers
Base (Tier 13) Consecrated Quiver	1539238480	normal	Quivers
Base (Tier 12) Bonetooth Quiver	1539238479	normal	Quivers
Base (Tier 11) Deadeye Quiver	1539238478	normal	Quivers
Base (Tier 10) Razorspine Quiver	1539237393	normal	Quivers
Base (Tier 09) Stalker Quiver	1539237392	normal	Quivers
Base (Tier 08) Hallowed Quiver	1539237391	normal	Quivers
Base (Tier 07) Barbed Quiver	1539237390	normal	Quivers
Base (Tier 06) Heavy Quiver	1539237389	normal	Quivers
Base (Tier 05) Assassin Quiver	1539236304	normal	Quivers
Base (Tier 04) Hunting Quiver	1539236303	normal	Quivers
Base (Tier 03) Leather Quiver	1539236302	normal	Quivers
Base (Tier 02) Canvas Quiver	1539236301	normal	Quivers
Base (Tier 01) Quiver	1539236300	normal	Quivers
Pennant: Monk (Patch 2.4.0)	1534282706	normal	Pennants
Blackthorne's Duncraig Cross (Demon Hunter Set: Blackthorne's Battlegear)	1528526556	set	Amulets
Legendary: Mara's Kaleidoscope	1528490619	legendary	Amulets
Legendary: Eye of Etlich	1528454682	legendary	Amulets
Legendary: Holy Beacon	1528418745	legendary	Amulets
Legendary: Talisman of Aranoch	1528382808	legendary	Amulets
Legendary: The Murlocket	1528346871	legendary	Amulets
Legendary: Squirt's Necklace	1528310934	legendary	Amulets
Legendary: Rondal's Locket	1527448446	legendary	Amulets
The Traveler's Pledge (Demon Hunter Set: Endless Walk)	1527412509	set	Amulets
Tal Rasha's Allegiance (Wizard Set: Tal Rasha's Elements)	1527376572	set	Amulets
Legendary: The Star of Azkaranth	1527340635	legendary	Amulets
Legendary: Ouroboros	1527304698	legendary	Amulets
Legendary: Xephirian Amulet	1527268761	legendary	Amulets
Legendary: Moonlight Ward	1527232824	legendary	Amulets
Legendary: Kymbo's Gold	1527196887	legendary	Amulets
Legendary: Kymbo's Gold (Patch 2.1.0)	1527196623	legendary	Amulets
Legendary: The Flavor of Time	1527160950	legendary	Amulets
The Plague Tunnels	1526997743	normal	Lore
Large Horadric Chest: DoubleBountyBagAct5T16	152570702	normal	Misc
Large Horadric Chest: DoubleBountyBagAct5T15	152570701	normal	Misc
Large Horadric Chest: DoubleBountyBagAct5T14	152570700	normal	Misc
Large Horadric Chest: DoubleBountyBagAct5T13	152570699	normal	Misc
Large Horadric Chest: DoubleBountyBagAct5T12	152570698	normal	Misc
Large Horadric Chest: DoubleBountyBagAct5T11	152570697	normal	Misc
Large Horadric Chest: DoubleBountyBagAct5T10	152570696	normal	Misc
Large Horadric Chest: DoubleBountyBagAct4T16	152534765	normal	Misc
Large Horadric Chest: DoubleBountyBagAct4T15	152534764	normal	Misc
Large Horadric Chest: DoubleBountyBagAct4T14	152534763	normal	Misc
Large Horadric Chest: DoubleBountyBagAct4T13	152534762	normal	Misc
Large Horadric Chest: DoubleBountyBagAct4T12	152534761	normal	Misc
Large Horadric Chest: DoubleBountyBagAct4T11	152534760	normal	Misc
Large Horadric Chest: DoubleBountyBagAct4T10	152534759	normal	Misc
Large Horadric Chest: DoubleBountyBagAct3T16	152498828	normal	Misc
Large Horadric Chest: DoubleBountyBagAct3T15	152498827	normal	Misc
Large Horadric Chest: DoubleBountyBagAct3T14	152498826	normal	Misc
Large Horadric Chest: DoubleBountyBagAct3T13	152498825	normal	Misc
Large Horadric Chest: DoubleBountyBagAct3T12	152498824	normal	Misc
Large Horadric Chest: DoubleBountyBagAct3T11	152498823	normal	Misc
Large Horadric Chest: DoubleBountyBagAct3T10	152498822	normal	Misc
Orn VaseB caOut Props	1524684909	normal	NPC Items
Large Horadric Chest: DoubleBountyBagAct2T16	152462891	normal	Misc
Large Horadric Chest: DoubleBountyBagAct2T15	152462890	normal	Misc
Large Horadric Chest: DoubleBountyBagAct2T14	152462889	normal	Misc
Large Horadric Chest: DoubleBountyBagAct2T13	152462888	normal	Misc
Large Horadric Chest: DoubleBountyBagAct2T12	152462887	normal	Misc
Large Horadric Chest: DoubleBountyBagAct2T11	152462886	normal	Misc
Large Horadric Chest: DoubleBountyBagAct2T10	152462885	normal	Misc
NecromancerShadowShield 001 (Patch 2.6.0)	1524545436	normal	Developer Armor
Large Horadric Chest: DoubleBountyBagAct1T16	152426954	normal	Misc
Large Horadric Chest: DoubleBountyBagAct1T15	152426953	normal	Misc
Large Horadric Chest: DoubleBountyBagAct1T14	152426952	normal	Misc
Large Horadric Chest: DoubleBountyBagAct1T13	152426951	normal	Misc
Large Horadric Chest: DoubleBountyBagAct1T12	152426950	normal	Misc
Large Horadric Chest: DoubleBountyBagAct1T11	152426949	normal	Misc
Large Horadric Chest: DoubleBountyBagAct1T10	152426948	normal	Misc
Old Tristram Key	1524078078	normal	NPC Items
Pet: Mal' Ganis pet (Patch 2.6.6)	1514497706	normal	Pets
P4 Unique Ring 085 (Patch 2.4.0) WIZARD	1510927205	normal	Developer Armor
P4 Unique Ring 084 (Patch 2.4.0) WIZARD	1510927204	normal	Developer Armor
P4 Unique Ring 083 (Patch 2.4.0) BILLION DAMAGE RING	1510927203	normal	Developer Armor
Test Buff Ring (Patch 2.4.0)	1510927202	normal	Developer Armor
P4 Unique Ring 081 (Patch 2.4.0) CRUSADER	1510927201	normal	Developer Armor
P4 Unique Ring 080 (Patch 2.4.0) MONK MYSTIC ALLY RING	1510927200	normal	Developer Armor
P4 Unique Ring 079 (Patch 2.4.0) MONK	1510927176	normal	Developer Armor
P4 Unique Ring 078 (Patch 2.4.0) MONK	1510927175	normal	Developer Armor
P4 Unique Ring 077 (Patch 2.4.0) MONK	1510927174	normal	Developer Armor
P4 Unique Ring 076 (Patch 2.4.0) DEMON HUNTER	1510927173	normal	Developer Armor
P4 Unique Ring 075 (Patch 2.4.0)	1510927172	normal	Developer Armor
P4 Unique Ring 074 (Patch 2.4.0) WIZARD	1510927171	normal	Developer Armor
P4 Unique Ring 073 (Patch 2.4.0) CRUSADER	1510927170	normal	Developer Armor
P4 Unique Ring 072 (Patch 2.4.0) WIZARD	1510927169	normal	Developer Armor
P4 Unique Ring 071 (Patch 2.4.0) WIZARD	1510927168	normal	Developer Armor
P4 Unique Ring 070 (Patch 2.4.0) WIZARD	1510927167	normal	Developer Armor
P4 Unique Ring 069 (Patch 2.4.0) WIZARD	1510927143	normal	Developer Armor
P4 Unique Ring 068 (Patch 2.4.0) MONK	1510927142	normal	Developer Armor
P4 Unique Ring 067 (Patch 2.4.0) MONK	1510927141	normal	Developer Armor
P4 Unique Ring 066 (Patch 2.4.0) WIZARD	1510927140	normal	Developer Armor
P4 Unique Ring 065 (Patch 2.4.0) WIZARD	1510927139	normal	Developer Armor
P4 Unique Ring 064 (Patch 2.4.0) DEMON HUNTER	1510927138	normal	Developer Armor
P4 Unique Ring 063 (Patch 2.4.0) WITCH DOCTOR	1510927137	normal	Developer Armor
P4 Unique Ring 062 (Patch 2.4.0) BARBARIAN	1510927136	normal	Developer Armor
P4 Unique Ring 061 (Patch 2.4.0) DEMON HUNTER	1510927135	normal	Developer Armor
P4 Unique Ring 060 (Patch 2.4.0) DEMON HUNTER	1510927134	normal	Developer Armor
P4 Unique Ring 059 (Patch 2.4.0) CRUSADER	1510927110	normal	Developer Armor
P4 Unique Ring 058 (Patch 2.4.0)	1510927109	normal	Developer Armor
P4 Unique Ring 057 (Patch 2.4.0)	1510927108	normal	Developer Armor
P4 Unique Ring 056 (Patch 2.4.0) BARBARIAN	1510927107	normal	Developer Armor
P4 Unique Ring 055 (Patch 2.4.0)	1510927106	normal	Developer Armor
P4 Unique Ring 054 (Patch 2.4.0) MONK	1510927105	normal	Developer Armor
P4 Unique Ring 053 (Patch 2.4.0) MONK	1510927104	normal	Developer Armor
P4 Unique Ring 052 (Patch 2.4.0) CRUSADER	1510927103	normal	Developer Armor
P4 Unique Ring 051 (Patch 2.4.0) CRUSADER	1510927102	normal	Developer Armor
P4 Unique Ring 050 (Patch 2.4.0) MONK	1510927101	normal	Developer Armor
P4 Unique Ring 049 (Patch 2.4.0)	1510927077	normal	Developer Armor
P4 Unique Ring 048 (Patch 2.4.0) MONK	1510927076	normal	Developer Armor
P4 Unique Ring 047 (Patch 2.4.0) WITCH DOCTOR	1510927075	normal	Developer Armor
P4 Unique Ring 046 (Patch 2.4.0) WITCH DOCTOR	1510927074	normal	Developer Armor
P4 Unique Ring 045 (Patch 2.4.0) WITCH DOCTOR	1510927073	normal	Developer Armor
P4 Unique Ring 044 (Patch 2.4.0) MONK	1510927072	normal	Developer Armor
P4 Unique Ring 043 (Patch 2.4.0) MONK	1510927071	normal	Developer Armor
P4 Unique Ring 042 (Patch 2.4.0) WITCH DOCTOR	1510927070	normal	Developer Armor
P4 Unique Ring 041 (Patch 2.4.0) DEMON HUNTER	1510927069	normal	Developer Armor
P4 Unique Ring 040 (Patch 2.4.0) DEMON HUNTER	1510927068	normal	Developer Armor
P4 Unique Ring 039 (Patch 2.4.0)	1510927044	normal	Developer Armor
P4 Unique Ring 038 (Patch 2.4.0) DEMON HUNTER	1510927043	normal	Developer Armor
P4 Unique Ring 037 (Patch 2.4.0) BARBARIAN	1510927042	normal	Developer Armor
P4 Unique Ring 036 (Patch 2.4.0)	1510927041	normal	Developer Armor
P4 Unique Ring 035 (Patch 2.4.0) BARBARIAN	1510927040	normal	Developer Armor
P4 Unique Ring 034 (Patch 2.4.0)	1510927039	normal	Developer Armor
P4 Unique Ring 033 (Patch 2.4.0) MONK	1510927038	normal	Developer Armor
P4 Unique Ring 032 (Patch 2.4.0)	1510927037	normal	Developer Armor
P4 Unique Ring 031 (Patch 2.4.0) CRUSADER	1510927036	normal	Developer Armor
P4 Unique Ring 030 (Patch 2.4.0) CRUSADER	1510927035	normal	Developer Armor
P4 Unique Ring 029 (Patch 2.4.0) WITCH DOCTOR	1510927011	normal	Developer Armor
P4 Unique Ring 028 (Patch 2.4.0) DEMON HUNTER	1510927010	normal	Developer Armor
P4 Unique Ring 027 (Patch 2.4.0) WIZARD	1510927009	normal	Developer Armor
P4 Unique Ring 026 (Patch 2.4.0) DEMON HUNTER	1510927008	normal	Developer Armor
P4 Unique Ring 025 (Patch 2.4.0) CRUSADER	1510927007	normal	Developer Armor
P4 Unique Ring 023 (Patch 2.4.0) DEMON HUNTER	1510927005	normal	Developer Armor
P4 Unique Ring 022 (Patch 2.4.0) CRUSADER	1510927004	normal	Developer Armor
P4 Unique Ring 021 (Patch 2.4.0) CRUSADER	1510927003	normal	Developer Armor
P4 Unique Ring 020 (Patch 2.4.0) CRUSADER	1510927002	normal	Developer Armor
P4 Unique Ring 019 (Patch 2.4.0) CRUSADER	1510926978	normal	Developer Armor
P4 Unique Ring 018 (Patch 2.4.0) CRUSADER	1510926977	normal	Developer Armor
P4 Unique Ring 017 (Patch 2.4.0) WIZARD	1510926976	normal	Developer Armor
P4 Unique Ring 016 (Patch 2.4.0) CRUSADER	1510926975	normal	Developer Armor
P4 Unique Ring 015 (Patch 2.4.0)	1510926974	normal	Developer Armor
P4 Unique Ring 014 (Patch 2.4.0)	1510926973	normal	Developer Armor
P4 Unique Ring 013 (Patch 2.4.0) WITCH DOCTOR	1510926972	normal	Developer Armor
P4 Unique Ring 012 (Patch 2.4.0) WITCH DOCTOR	1510926971	normal	Developer Armor
P4 Unique Ring 011 (Patch 2.4.0) WITCH DOCTOR	1510926970	normal	Developer Armor
P4 Unique Ring 010 (Patch 2.4.0) CRUSADER	1510926969	normal	Developer Armor
P4 Unique Ring 009 (Patch 2.4.0) WIZARD	1510926945	normal	Developer Armor
P4 Unique Ring 008 (Patch 2.4.0) DEMON HUNTER	1510926944	normal	Developer Armor
P4 Unique Ring 007 (Patch 2.4.0) DEMON HUNTER	1510926943	normal	Developer Armor
P4 Unique Ring 006 (Patch 2.4.0) DEMON HUNTER	1510926942	normal	Developer Armor
P4 Unique Ring 004 (Patch 2.4.0)	1510926940	normal	Developer Armor
P4 Unique Ring 003 (Patch 2.4.0)	1510926939	normal	Developer Armor
P4 Unique Ring 002 (Patch 2.4.0)	1510926938	normal	Developer Armor
P4 Unique Ring 001 (Patch 2.4.0)	1510926937	normal	Developer Armor
Base (Tier 15) Sawtooth Scythe (Patch 2.6.0)	150867804	normal	Scythes, Two-Handed
Base (Tier 13) Kontos (Patch 2.6.0)	150867803	normal	Scythes, Two-Handed
Base (Tier 5) Usata Sudlice (Patch 2.6.0)	150867802	normal	Scythes, Two-Handed
Base (Tier 1) Kusa Scythe (Patch 2.6.0)	150867801	normal	Scythes, Two-Handed
Pet: Lord Morthanlu (Patch 2.3.0)	1508058349	normal	Pets
Pet: Lord Nedly (Patch 2.3.0)	1508058348	normal	Pets
A2C2NecromancerCrystal	1506900471	normal	NPC Items
Base (Tier 15) Incorruptible Soul (Patch 2.6.0)	1502365593	normal	Phylacteries
Base (Tier 13) Nephalem Heart (Patch 2.6.0)	1502365592	normal	Phylacteries
Base (Tier 5) Forbidden Cinerary (Patch 2.6.0)	1502365591	normal	Phylacteries
Base (Tier 1) Desiccated Heart (Patch 2.6.0)	1502365590	normal	Phylacteries
Pet: Captain Maraca (Patch 2.4.0)	1497375554	normal	Pets
Heel of Savages (Barbarian Set: Horde of the Ninety Savages)	1493121097	set	Boots
Mundunugu's Dance (Witchdoctor Set: Mundunugu's Regalia)	1493121096	set	Boots
Typhon's Tarsus (Wizard Set: The Typhon's Veil)	1493121095	set	Boots
Release Lever	1490502399	normal	NPC Items
Missive to Maghda, Part 2	1488385292	normal	Lore
Missive to Maghda, Part 1	1488385291	normal	Lore
Base (Tier 14) Sharp Scythe (Patch 2.6.0)	1487616192	normal	Scythes, Two-Handed
Base (Tier 12) Kwan Tou (Patch 2.6.0)	1487580261	normal	Scythes, Two-Handed
Base (Tier 11) Reaping Scythe (Patch 2.6.0)	1487580260	normal	Scythes, Two-Handed
Base (Tier 10) Gleaming Scythe (Patch 2.6.0)	1487580259	normal	Scythes, Two-Handed
Base (Tier 9) Sparr (Patch 2.6.0)	1487580258	normal	Scythes, Two-Handed
Base (Tier 8) Farmer's Scythe (Patch 2.6.0)	1487580257	normal	Scythes, Two-Handed
Base (Tier 7) Steel Scythe (Patch 2.6.0)	1487580256	normal	Scythes, Two-Handed
Base (Tier 6) Rhomphaia (Patch 2.6.0)	1487580255	normal	Scythes, Two-Handed
Base (Tier 4) Sudlice (Patch 2.6.0)	1487544320	normal	Scythes, Two-Handed
Base (Tier 3) Fauchard (Patch 2.6.0)	1487544319	normal	Scythes, Two-Handed
Base (Tier 2) Sharp Scythe (Patch 2.6.0)	1487544318	normal	Scythes, Two-Handed
A Love Letter	1487246296	normal	Lore
Legendary: The Flow of Eternity (Patch 2.4.1) MONK	1484349569	legendary	Daibos
Legendary: Hellcat Waistguard (Patch 2.4.3) DEMON HUNTER	1483432879	legendary	Belts
Legendary: Saffron Wrap (Patch 2.4.3) BARBARIAN	1483289131	legendary	Belts
Legendary: Ring of Emptiness (Patch 2.4.2) WITCH DOCTOR	1481522298	legendary	Rings
The Morlu	1481069442	normal	Lore
Legendary: Fazula's Improbable Chain (Patch 2.4.0) WIZARD	1479591558	legendary	Belts
Legendary: Hergbrash's Binding (Patch 2.4.0) WIZARD	1479591557	legendary	Belts
Legendary: Kyoshiro's Soul (Patch 2.4.0) MONK	1479591556	legendary	Belts
Legendary: Zoey's Secret (Patch 2.4.0) DEMON HUNTER	1479591555	legendary	Belts
Legendary: String of Ears (Patch 2.4.0)	1479591554	legendary	Belts
Legendary: The Shame of Delsere (Patch 2.4.0) WIZARD	1479591553	legendary	Belts
Legendary: Chain of Shadows (Patch 2.4.0) DEMON HUNTER	1479591552	legendary	Belts
Ancient Tome Page	1475923527	ancient	Lore
Ghoul	1473699378	normal	Visual Items (NPCs)
Ghost	1473699320	normal	Visual Items (NPCs)
Orn a2dun Zolt Centerpiece A (Lock-Hate Plate)	1472347958	normal	NPC Items
Wretched Mother	1470131000	normal	Lore
Large Horadric Chest: DoubleBountyBagAct1Master	1469441883	normal	Misc
Essence of Topaz (Patch 2.3.0)	1469194632	normal	Crafting Components
Beast	1467646658	normal	Lore
Medical Supplies	1465477567	normal	Unknown
Wings: Eternal Flame	1464439640	normal	Wings
Wings: Blade wings (Patch 2.2.0)	1464422747	normal	Wings
Wings: Demon Soaring (Patch 2.2.0)	1464422100	normal	Wings
Scroll	1462277166	normal	Lore
Frame: Murkgoblin 2015 (Patch 2.3.0)	1461474781	normal	Portrait Frames
The Reaper's Kiss (Patch 2.4.1)	1460786533	normal	Staves
Infernal Machine of Evil	1458185494	normal	Consumables
Crossbow PvP 70 (Patch 2.5.0)	1454751501	normal	Developer Weapons
Crossbow PvP 40 (Patch 2.5.0)	1454751402	normal	Developer Weapons
Crossbow PvP 10 (Patch 2.5.0)	1454751303	normal	Developer Weapons
Legendary: Magefist (Patch 2.4.1)	1445202926	legendary	Gloves
Legendary: Frostburn (Patch 2.4.1)	1445202891	legendary	Gloves
PTR Set: Jesseth Arms	1441161519	set	PTR Packs
Art_Test_Spear_5	1438708884	normal	Testing: Art
Art_Test_Spear_4	1438708883	normal	Testing: Art
Art_Test_Spear_3	1438708882	normal	Testing: Art
Art_Test_Spear_2	1438708881	normal	Testing: Art
Art_Test_Spear_1	1438708880	normal	Testing: Art
Orn trDun Weaponrack	1432424645	normal	NPC Items
Pennant: cos pennant barbSigil 01 (Patch 2.3.0)	1428615110	normal	Pennants
Art_Test_Helm_9	1422434083	normal	Testing: Art
Art_Test_Helm_8	1422434082	normal	Testing: Art
Art_Test_Helm_7	1422434081	normal	Testing: Art
Art_Test_Helm_6	1422434080	normal	Testing: Art
Art_Test_Helm_5	1422434079	normal	Testing: Art
Art_Test_Helm_4	1422434078	normal	Testing: Art
Art_Test_Helm_3	1422434077	normal	Testing: Art
Art_Test_Helm_2	1422434076	normal	Testing: Art
Art_Test_Helm_1	1422434075	normal	Testing: Art
Plan: Blitzbolter	1418151206	normal	Blacksmith Plan
Testing: P3 Unique Helm 102 (Patch 2.3.0)	1417415313	normal	Helms
Testing: P3 Unique Helm 101 (Patch 2.3.0)	1417415312	normal	Helms
Testing: P3 Unique Helm 100 (Patch 2.3.0)	1417415311	normal	Helms
Plan: Cain's Destiny	1416190745	normal	Blacksmith Plan
Testing: P2 mojo norm Legendary 03	1413644937	legendary	Mojos
Testing: P2 mojo norm Legendary 02	1413644936	legendary	Mojos
Testing: P2 mojo norm Legendary 01	1413644935	legendary	Mojos
Design: Flawless Royal Emerald	1413206340	normal	Jeweler Design
Design: Royal Emerald	1413170379	normal	Jeweler Design
Singularity	1408687404	normal	Sources
Singularity	1408684960	normal	Sources
Pet: Emerald Serpent (Patch 2.4.0)	1404174869	normal	Pets
Pet: Iron Serpent (Patch 2.4.0)	1404174868	normal	Pets
Pet: Jade Serpent (Patch 2.3.0)	1404174867	normal	Pets
Tome of Set Dungeons, page 37	140229676	set	Lore
Shard	140227858	normal	NPC Items
Damaged Chestpiece	1402040296	normal	Junk
Legendary: Kyoshiro's Blade (Patch 2.4.0) MONK	1401814465	legendary	Fist Weapons
A Gift	1401594517	normal	Consumables
History of Kanai's Cube, Part 2	1395969485	normal	Lore
History of Kanai's Cube, Part 1	1395969484	normal	Lore
The Lost Warrior	1390356236	normal	Lore
Exorcist	1389417324	normal	Lore
The Wedge	138374079	normal	Axe
The Wedge	138371635	normal	Axe
Cold Cathode Trousers (Demon Hunter Set: Gears of Dreadlands)	138335082	set	Pants
Horadric Cache: HoradricCacheA3Expert	1378151532	normal	Caches
Pet: Minaca the Feared (Patch 2.4.0)	1377380860	normal	Pets
Impossibilities	1375431349	normal	Lore
Pennant: Monkey (Patch 2.4.0)	1375359175	normal	Pennants
A Summoner's Journal	1372800103	normal	Lore
Diablo	1369935753	normal	Pets
Professional Russian's Knockback Proc Bow	1369510420	normal	Developer Weapons
A2C2EmptyCage	1366034119	normal	NPC Items
Ganondorf Plan (Patch 2.6.4)	1364866960	normal	Consumables
World Cache: WorldBonusBagHard	1363513400	normal	Caches
The Seven Lords of Hell	1361465018	normal	Lore
Orn caOut VendorStandB	1360506355	normal	NPC Items
Holy Point Shot (Patch 2.6.9)	1360210129	normal	Quivers
SwordOfJustice	1360078715	normal	NPC Items
Legendary: Armor of the Kind Regent CRUSADER	1354723559	legendary	Chest Armor
Legendary: Shi Mizu's Haori	1354687622	legendary	Chest Armor
The Writings of Lilith, Part 4	1354656266	normal	Lore
The Writings of Lilith, Part 3	1354656265	normal	Lore
The Writings of Lilith, Part 2	1354656264	normal	Lore
The Writings of Lilith, Part 1	1354656263	normal	Lore
Orn caOut Cauldron	1354327297	normal	NPC Items
Legendary: In-geom (Patch 2.2.0)	1351477401	legendary	Swords, One-Handed
Legendary: Deathwish WIZARD	1351441464	legendary	Swords, One-Handed
Legendary: Amberwing	1351405527	legendary	Swords, One-Handed
Legendary: Rancor	1351369590	legendary	Swords, One-Handed
Legendary: Rimeheart	1350507102	legendary	Swords, One-Handed
Legendary: Incinerator	1350471165	legendary	Swords, One-Handed
Legendary: Nazim's Greatness WIZARD	1350435228	legendary	Swords, One-Handed
Legendary: Ghoul King's Blade	1350399291	legendary	Swords, One-Handed
Legendary: God Butcher	1350363354	legendary	Swords, One-Handed
Legendary: Fulminator	1350327417	legendary	Swords, One-Handed
Legendary: Gift of Silaria	1350291480	legendary	Swords, One-Handed
Legendary: Exarian	1350255543	legendary	Swords, One-Handed
Legendary: Thunderfury, Blessed Blade of the Windseeker	1350219606	legendary	Swords, One-Handed
Art_Test_Fist_5	1349166159	normal	Testing: Art
Testing: Art Test Fist 4	1349166158	normal	Testing: Art
Testing: Art Test Fist 3 MONK	1349166157	normal	Testing: Art
Testing: Art Test Fist 2	1349166156	normal	Testing: Art
Testing: Art Test Fist 1	1349166155	normal	Testing: Art
Legendary: Mantle (Patch 2.3.0)	1348228990	legendary	Cloaks
Legendary: Nayr's Black Death (Patch 2.6.1)	1346980665	legendary	Scythes, Two-Handed
Legendary: Bloodtide Blade (Patch 2.6.1)	1346980663	legendary	Scythes, Two-Handed
Legendary: Maltorius' Petrified Spike (Patch 2.6.1)	1346980662	legendary	Scythes, Two-Handed
Sungjae's Fury (Patch 2.4.1)	1345846546	normal	Axes, Two-Handed
Kanai's Skorn (Patch 2.4.1)	1345846545	normal	Axes, Two-Handed
King Maker (Patch 2.4.1)	1345846544	normal	Axes, Two-Handed
Aidan's Revenge (Patch 2.4.1)	1345846543	normal	Axes, One-Handed
Legendary: Scythe of the Cycle (Patch 2.6.1)	1345794743	legendary	Scythes, One-Handed
Plan: Wirt's Leg	1343837617	normal	Blacksmith Plan
Non-Set Legendary Armaments II	1336930178	legendary	PTR Packs
Non-Set Legendary Armaments I	1336930177	legendary	PTR Packs
Trag'Oul's Claws (Necromancer Set: Trag'Oul's Avatar)	1336609031	set	Gloves
Pet: Humbart Wessel (Patch 2.4.0)	1336361310	normal	Pets
Pet: Blaze (Patch 2.4.0)	1336361309	normal	Pets
Adria's Journal, Part 9	133600747	normal	Lore
Wings: Mercy's Gaze (Patch 2.4.0)	1335990173	normal	Wings
Adria's Journal, Part 4	133390039	normal	Lore
Adria's Journal, Part 3	133385135	normal	Lore
Weaves of Justice (Monk Set: Patterns of Justice)	133316037	set	Boots
Greaves of Valor (Crusader Set: Aegis of Valor)	133316036	set	Boots
Adria's Note	133313247	normal	Lore
Greater Shard	1331402556	normal	Greater Shard
Pennant: Snake (Patch 2.4.0)	1329910150	normal	Pennants
Pet: Overseer Lady Josephine (Patch 2.5.0)	1327895705	normal	Pets
Design: Flawless Royal Diamond	1320779622	normal	Jeweler Design
The Discovery of Sanctuary, Part 3	1320763169	normal	Lore
The Discovery of Sanctuary, Part 2	1320763168	normal	Lore
The Discovery of Sanctuary, Part 1	1320763167	normal	Lore
Design: Royal Diamond	1320743661	normal	Jeweler Design
Shadowclone Daibo (Nightmare)	1318657182	normal	Developer Weapons
Demon's Marrow (Set: Demon's Hide)	1318139693	set	Chest Armor
Aughild's Rule (Set: Aughild's Authority)	1318103756	set	Chest Armor
Born's Frozen Soul (Set: Born's Command)	1318067819	set	Chest Armor
Legendary: Mantle of the Rydraelm	1317025646	legendary	Chest Armor
Legendary: Heart of Iron	1316989709	legendary	Chest Armor
Zunimassa's Marrow (Witchdoctor Set: Zunimassa's Haunt)	1316917835	set	Chest Armor
Inna's Vast Expanse (Monk Set: Inna's Mantra)	1316881898	set	Chest Armor
Tal Rasha's Relentless Pursuit (Wizard Set: Tal Rasha's Elements)	1316845961	set	Chest Armor
Immortal King's Eternal Reign (Barbarian Set: Immortal King's Call)	1316810024	set	Chest Armor
Legendary: Aquila Cuirass	1316774087	legendary	Chest Armor
Legendary: Chaingmail	1316702213	legendary	Chest Armor
A Love Letter	1316599940	normal	Lore
Legendary: Cindercoat	1315731914	legendary	Chest Armor
Legendary: Tyrael's Might	1315588166	legendary	Chest Armor
Legendary: Goldskin	1315552229	legendary	Chest Armor
Legendary: Spectrum	1313456055	legendary	Swords, One-Handed
Legendary: Griswold's Perfection	1312557630	legendary	Swords, One-Handed
Scarab	1312554887	normal	Lore
Born's Furious Wrath (Set: Born's Command)	1312521693	set	Sword
Legendary: Monster Hunter	1312485756	legendary	Swords, One-Handed
Legendary: Doombringer	1312377945	legendary	Swords, One-Handed
Legendary: Azurewrath	1312306071	legendary	Swords, One-Handed
Legendary: Rakanishu's Blade	1312234197	legendary	Swords, One-Handed
Legendary: Sever	1311299835	legendary	Swords, One-Handed
Legendary: Skycutter	1311192024	legendary	Swords, One-Handed
Legendary: The Ancient Bonesaber of Zumakalis	1311156087	ancient	Swords, One-Handed
Legendary: Wildwood	1311120150	legendary	Swords, One-Handed
Legendary: Griswold's Worn Edge	1311084213	legendary	Swords, One-Handed
Shamanic Khazra Staff	1310326700	normal	NPC Items
Professional Russian's 100 DPS Wand	131016487	normal	Developer Weapons
Legendary: The Fist of Az'Turrasq (Patch 2.4.0) MONK	1296237551	legendary	Fist Weapons
Warscarred Marauder	1295465786	normal	Lore
Legendary: Conqueror's Sabatons (Patch 2.1.0)	1290781938	legendary	Boots
Plan: Exalted Grand Sovereign Helm	1288600123	normal	Blacksmith Plan
Plan: Exalted Fine Sovereign Helm	1288600122	normal	Blacksmith Plan
Plan: Exalted Sovereign Helm	1288600121	normal	Blacksmith Plan
Legendary: Staff of Chiroptera (Patch 2.4.0) WITCH DOCTOR	1288371997	legendary	Staves
Crossbow of Corvus (Patch 2.4.1)	1286110481	normal	Crossbows
Hallowed Scepter (Set: Hallowed Defenders)	1285509784	set	Wands
Hallowed Scepter (Set: Hallowed Defenders)	1285507340	set	Wands
Legendary: Iron Rose (Patch 2.6.0) NECROMANCER	1284610787	legendary	Phylacteries
Legendary: Iron Rose (Patch 2.6.0) #2 NECROMANCER	65231608	legendary	Phylacteries
Legendary: Leger's Disdain (Patch 2.6.0) NECROMANCER	1284610786	legendary	Phylacteries
Legendary: Bone Ringer (Patch 2.6.0) NECROMANCER	1284610785	legendary	Phylacteries
Legendary: Lost Time (Patch 2.6.0) NECROMANCER	1284610784	legendary	Phylacteries
Art_Test_Pants_9	1283598563	normal	Testing: Art
Art_Test_Pants_8	1283598562	normal	Testing: Art
Art_Test_Pants_7	1283598561	normal	Testing: Art
Art_Test_Pants_6	1283598560	normal	Testing: Art
Art_Test_Pants_5	1283598559	normal	Testing: Art
Art_Test_Pants_4	1283598558	normal	Testing: Art
Art_Test_Pants_3	1283598557	normal	Testing: Art
Art_Test_Pants_2	1283598556	normal	Testing: Art
Art_Test_Pants_1	1283598555	normal	Testing: Art
Mystery Bracers	1281756953	normal	NPC Items
Maggot Brood	1277879248	normal	Lore
Legendary: The Hero's Journey (PS3 Promo)	1277749690	legendary	Shoulders
Rakanoth, the Lord of Despair	1276294793	normal	Lore
Legendary: Binding of the Lost (Patch 2.3.0)	1274781857	legendary	Belts
Legendary: Fazula's Improbable Chain (Patch 2.3.0)	1274781856	legendary	Belts
Legendary: Sacred Harness (Patch 2.3.0)	1274781855	legendary	Belts
Pet: The Mimic (Patch 2.5.0)	1270811089	normal	Pets
Adria's Journal, Part 6	127066864	normal	Lore
Imp	1270376265	normal	Visual Items (NPCs)
Heroes of the Storm	127020830	normal	Pennants
Fragment of Destiny (Wand)	1269551446	normal	_2.6.10
Mace of the Crows (Patch 2.4.1)	1268253959	normal	Maces, One-Handed
Khan's Tomb Key	1264544813	normal	Quest
Blackthorne's Jacket (Set: Blackthorne's Regalia)	1262779559	set	Chest Armor
Gold5	126259835	normal	Junk
Gold4	126259834	normal	Junk
Gold3	126259833	normal	Junk
Gold2	126259832	normal	Junk
Gold1	126259831	normal	Junk
ReligiousArtifact	1259412129	normal	NPC Items
Legendary: Rivera Dancers (Patch 2.4.0) MONK	1249976208	legendary	Boots
PageOfFateA	1249260787	normal	Junk
Ruinstoke	1247560312	normal	Wands
Ruinstoke	1247557868	normal	Wands
Implements of the Dark Coven	1244727565	normal	Lore
The Black King's Reign	1244727564	normal	Lore
The Covenant's Search	1244727563	normal	Lore
Legendary: Conqueror's Shako (Patch 2.1.0)	1239902833	legendary	Helms
Base (Tier 16) Suwaiya	1236608236	normal	Fist Weapons
Base (Tier 15) Spiked Fist	1236608235	normal	Fist Weapons
Base (Tier 14) Heaven Hand	1236607151	normal	Fist Weapons
Base (Tier 13) Golden Talon	1236607150	normal	Fist Weapons
Base (Tier 12) Pulverizer	1236607149	normal	Fist Weapons
Base (Tier 11) Demon Fang	1236607148	normal	Fist Weapons
Base (Tier 10) Hammer Hand	1236607147	normal	Fist Weapons
Base (Tier 09) Grappler	1236607146	normal	Fist Weapons
Base (Tier 08) Kastet	1236606060	normal	Fist Weapons
Base (Tier 07) Claw	1236606059	normal	Fist Weapons
Base (Tier 06) Iron Fist	1236606058	normal	Fist Weapons
Base (Tier 05) Breaker	1236606057	normal	Fist Weapons
Base (Tier 04) Shuko	1236604971	normal	Fist Weapons
Base (Tier 03) Talon	1236604970	normal	Fist Weapons
Base (Tier 02) Spikes	1236604969	normal	Fist Weapons
Base (Tier 01) Knuckles	1236604968	normal	Fist Weapons
Base (Tier 00) Worn Knuckles	1236604967	normal	Fist Weapons
Legendary: Lornelle's Sunstone (Patch 2.6.0) NECROMANCER	1236308206	legendary	Rings
Legendary: Krysbin's Sentence (Patch 2.6.0) NECROMANCER	1236308205	legendary	Rings
Legendary: Briggs' Wrath (Patch 2.6.0) NECROMANCER	1236308204	legendary	Rings
Legendary: Circle of Nailuj's Evol (Patch 2.6.0) NECROMANCER	1236308203	legendary	Rings
Legendary: Mortal Coil	1226090826	legendary	Flails, One-Handed
It's a Trap	1223177093	normal	Lore
The Legend of Zei the Trickster	1221720352	normal	Lore
Pet: Charlotte (Patch 2.4.0)	1209305989	normal	Pets
Legendary: Unstable Scepter (Patch 2.6.1)	1209211922	legendary	Wands
Testing: Heroic Reaper	120887006	normal	Axes, Two-Handed
Testing: Mighty Battleaxe	120887005	normal	Axes, Two-Handed
Testing: Trusty Battleaxe	120887004	normal	Axes, Two-Handed
Legendary: Chain Hood (Patch 2.3.0)	120393850	legendary	Helms
Art_Test_HandXBow_5	1203045556	normal	Testing: Art
Art_Test_HandXBow_4	1203045555	normal	Testing: Art
Testing: Art Test Hand Crossbow 3	1203045554	normal	Testing: Art
Testing: Art Test Hand Crossbow 2	1203045553	normal	Testing: Art
Art_Test_HandXBow_1	1203045552	normal	Testing: Art
Calldown Grenade	1201838506	normal	NPC Items
Legendary: Drake's Amulet (PS3 Promo)	1200923753	legendary	Amulets
Wings: Wings of Mastery (Patch 2.4.0)	1197521008	normal	Wings
Dusty Old Tome	1197498604	normal	Lore
Lavishing Gloves (Necromancer Set: Masquerade of the Burning Carnival)	1196816387	set	Gloves
Plan: Archon Spaulders of Vitality	1195013692	normal	Blacksmith Plan
Plan: Archon Spaulders of Strength	1195010786	normal	Blacksmith Plan
Plan: Archon Spaulders of Intelligence	1194999700	normal	Blacksmith Plan
Plan: Archon Spaulders of Dexterity	1194993962	normal	Blacksmith Plan
Ammo 05	119073887	normal	NPC Items
Legendary: Squirts Necklace (Patch 2.6.6)	1187653737	legendary	Amulets
Legendary: The Flavor of Time (Patch 2.6.6)	1187653705	legendary	Amulets
Art_Test_Belt_5	1187629344	normal	Testing: Art
Art_Test_Belt_4	1187629343	normal	Testing: Art
Art_Test_Belt_3	1187629342	normal	Testing: Art
Art_Test_Belt_2	1187629341	normal	Testing: Art
Art_Test_Belt_1	1187629340	normal	Testing: Art
Power-Up Damage	11858385	normal	Junk
Wings: Wings of Terror (Patch 2.6.4)	1185806158	normal	Wings
Dune Thresher	1184767076	normal	Lore
Starspine	1183779305	normal	Crossbows
Large Horadric Chest: DoubleBountyBagAct1Expert	1183511207	normal	Misc
Legendary: Triumvirate (Patch 2.2.0) WIZARD	1175281612	legendary	Sources
Soul Ripper	1170383240	normal	Lore
Dueling Scepter (Patch 2.4.0)	1168897598	normal	NPC Items
Pet: Rocky (Patch 2.4.0)	1168709051	normal	Pets
Art_Test_Pennant_21	116818651	normal	Testing: Art
Art_Test_Pennant_20	116818650	normal	Testing: Art
Art_Test_Pennant_19	116818626	normal	Testing: Art
Art_Test_Pennant_18	116818625	normal	Testing: Art
Art_Test_Pennant_17	116818624	normal	Testing: Art
Art_Test_Pennant_16	116818623	normal	Testing: Art
Art_Test_Pennant_15	116818622	normal	Testing: Art
Art_Test_Pennant_14	116818621	normal	Testing: Art
Art_Test_Pennant_13	116818620	normal	Testing: Art
Art_Test_Pennant_12	116818619	normal	Testing: Art
Art_Test_Pennant_11	116818618	normal	Testing: Art
Art_Test_Pennant_10	116818617	normal	Testing: Art
The Cultist's Head	1163171450	normal	NPC Items
Plan: Quick Draw Belt	1162824884	normal	Blacksmith Plan
Legendary: Heart of Iron (Patch 2.4.0)	1160204008	legendary	Chest Armor
Legendary: Aquila Cuirass (Patch 2.4.0)	1160204002	legendary	Chest Armor
Visage of the Betrayer (Patch 2.4.0)	1159896909	normal	Helms
Pennant: Loremaster (Patch 2.4.0)	1156357301	normal	Pennants
Broken Foible	1147341804	normal	Templar Relic
Codex	1147341803	normal	Templar Relic
Grail	1147341802	normal	Templar Relic
Saint Tears	1147341801	normal	Templar Relic
Blade Remnant	1147341800	normal	Templar Relic
Libram Spiritus	1147341799	normal	Templar Relic
Chalice	1147340713	normal	Templar Relic
Martyr Tears	1147340712	normal	Templar Relic
Blade Shard	1147340711	normal	Templar Relic
Sacred Text	1147340710	normal	Templar Relic
Spear Fragment	1147339622	normal	Templar Relic
Holy Tome	1147339621	normal	Templar Relic
Base (Tier 25) Ring	1146967350	normal	Rings
Base (Tier 24) Ring	1146967349	normal	Rings
Base (Tier 23) Ring	1146967348	normal	Rings
Base (Tier 22) Ring	1146967347	normal	Rings
Base (Tier 21) Ring	1146967346	normal	Rings
Base (Tier 20) Ring	1146967345	normal	Rings
Base (Tier 19) Ring	1146967321	normal	Rings
Base (Tier 18) Ring	1146967320	normal	Rings
Base (Tier 17) Ring	1146967319	normal	Rings
Base (Tier 16) Ring	1146967318	normal	Rings
Base (Tier 15) Ring	1146967317	normal	Rings
Base (Tier 14) Ring	1146967316	normal	Rings
Base (Tier 13) Ring	1146967315	normal	Rings
Base (Tier 12) Ring	1146967314	normal	Rings
Base (Tier 11) Ring	1146967313	normal	Rings
Base (Tier 10) Ring	1146967312	normal	Rings
Base (Tier 09) Ring	1146967288	normal	Rings
Base (Tier 08) Ring	1146967287	normal	Rings
Base (Tier 07) Ring	1146967286	normal	Rings
Base (Tier 06) Ring	1146967285	normal	Rings
Base (Tier 05) Ring	1146967284	normal	Rings
Base (Tier 04) Ring	1146967283	normal	Rings
Base (Tier 03) Ring	1146967282	normal	Rings
Base (Tier 02) Ring	1146967281	normal	Rings
Base (Tier 01) Ring	1146967280	normal	Rings
Professional Russian's 100 DPS Crossbow Pistol	1144284824	normal	Developer Weapons
Frame: Paragon 800 (Patch 2.2.0)	114312073	normal	Portrait Frames
Frame: Paragon 700 (Patch 2.2.0)	114310984	normal	Portrait Frames
Frame: Paragon 600 (Patch 2.2.0)	114309895	normal	Portrait Frames
Frame: Paragon 500 (Patch 2.2.0)	114308806	normal	Portrait Frames
Frame: Paragon 400 (Patch 2.2.0)	114307717	normal	Portrait Frames
Frame: Paragon 300 (Patch 2.2.0)	114306628	normal	Portrait Frames
Frame: Paragon 200 (Patch 2.2.0)	114305539	normal	Portrait Frames
Frame: Paragon 100 (Patch 2.2.0)	114304450	normal	Portrait Frames
Legendary: Bow of the Lost Warlord (Patch 2.1.0)	1142135055	legendary	Bows
Blade of the Tribes ("Mighty Weapons, Two-Handed")	1141050168	normal	_2.6.10
Art_Test_SpiritStone_5	113759389	normal	Testing: Art
Art_Test_SpiritStone_4	113759388	normal	Testing: Art
Art_Test_SpiritStone_3	113759387	normal	Testing: Art
Art_Test_SpiritStone_2	113759386	normal	Testing: Art
A2C2WantedPosterGood	1135854513	normal	NPC Items
Key of Evil	113551449	normal	Crafting Materials
Plan: Exalted Grand Orbit Stones	1134806017	normal	Blacksmith Plan
Plan: Exalted Fine Orbit Stones	1134806016	normal	Blacksmith Plan
Plan: Exalted Orbit Stones	1134806015	normal	Blacksmith Plan
Professional Russian's 2H Mace	1134206750	normal	Developer Weapons
Professional Russian's 1H Mace	1134206717	normal	Developer Weapons
Tome of Set Dungeons, page 35	113194445	set	Lore
Tome of Set Dungeons, page 83	1128583922	set	Lore
On the Desolate Sands, Part 3	1121720782	normal	Lore
On the Desolate Sands, Part 2	1121720781	normal	Lore
On the Desolate Sands, Part 1	1121720780	normal	Lore
Plan: The Helm of Command	1121389360	normal	Blacksmith Plan
Base (Tier 15) Bone Scythe (Patch 2.6.0)	111732411	normal	Scythes, One-Handed
Base (Tier 13) Flensing Scythe (Patch 2.6.0)	111732410	normal	Scythes, One-Handed
Base (Tier 05) Artisan Scythe (Patch 2.6.0)	111732409	normal	Scythes, One-Handed
Base (Tier 01) Falx (Patch 2.6.0)	111732408	normal	Scythes, One-Handed
Base (Tier 00) Apprentice's Scythe (Patch 2.6.0)	111732407	normal	Scythes, One-Handed
Pennant: cos pennant wizSigil 01 (Patch 2.3.0)	1114884937	normal	Pennants
Reaper's Fear	1114256397	normal	Crafting Components
Deckard Cain's Journal, Part 2	1114094521	normal	Lore
Tusked Bogan	1112087602	normal	Lore
Triune Smith's Tools	1111843456	normal	NPC Items
Blood-Magic Blade	1111092661	magic	Daggers
Plan: Exalted Grand Sagaris	1110084693	normal	Blacksmith Plan
Plan: Exalted Fine Sagaris	1110084692	normal	Blacksmith Plan
Plan: Exalted Sagaris	1110084691	normal	Blacksmith Plan
Inna's Splendor (Set: Inna's Majesty)	1109225234	set	Spirit Stones
Plan: Exalted Grand Galraki	1108898772	normal	Blacksmith Plan
Plan: Exalted Fine Galraki	1108898771	normal	Blacksmith Plan
Plan: Exalted Galraki	1108898770	normal	Blacksmith Plan
Skull of Savages (Barbarian Set: Horde of the Ninety Savages)	1104405864	set	Helms
Mundunugu's Headdress (Witchdoctor Set: Mundunugu's Regalia)	1104405863	set	Voodoo Masks
Typhon's Frons (Wizard Set: The Typhon's Veil)	1104405862	set	Helms
Frame: Portrait of Valor(Patch 2.6.7)	1103438361	normal	Portrait Frames
Leoric's Regret	1102953247	normal	Crafting Components
Wooden Stake	1098021531	normal	Crafting Components
Inna's Sandals (Monk Set: Inna's Mantra)	1097296767	set	Boots
Legendary: Nilfur's Boast (Patch 2.2.0) WIZARD	1097296766	legendary	Boots
Frame: Necromancer (Patch 2.6.0)	1094085036	normal	Portrait Frames
A Prisoner's Journal	1091428479	normal	Lore
Gerudo Gauntlets (Patch 2.6.4)	1091274466	normal	Gloves
Professional Russian's 100 DPS 2H Axe	109003988	normal	Developer Weapons
Professional Russian's 100 DPS 1H Axe	109003955	normal	Developer Weapons
Legendary: Nilfur's Boast (Patch 2.4.1) WIZARD	1089095217	legendary	Boots
Map of the Stars	1083609297	normal	Lore
Wings: Eternal light	1081301157	normal	Wings
Wings: Falcon wings (Patch 2.4.0)	1081297790	normal	Wings
Khazra Shaman	1080209708	normal	Lore
Frame: Teganze Warrior (Patch 2.6.8)	1079851844	normal	Portrait Frames
Legendary: Last Breath (Patch 2.4.0) WITCH DOCTOR	1076762841	legendary	Ceremonial Knives
Urn of Quickening	1075049130	normal	Crafting Components
Plan: Singularity	1071490652	normal	Blacksmith Plan
The Nephalem Tome	1071008887	normal	Lore
Legendary: Omryn's Chain (Patch 2.2.0) DEMON HUNTER	1069972163	legendary	Belts
Legendary: Blessed of Haull (Patch 2.2.0) CRUSADER	1069972162	legendary	Belts
Legendary: Omnislash (Patch 2.2.0) CRUSADER	1069972161	legendary	Belts
Legendary: Haunting Girdle (Patch 2.2.0) WITCH DOCTOR	1069972160	legendary	Belts
Legendary: Belt of Transcendence (Patch 2.2.0) WITCH DOCTOR	1069972159	legendary	Belts
Legendary: Crashing Rain (Patch 2.2.0) DEMON HUNTER	1069972158	legendary	Belts
Grotesque	1067328402	normal	Visual Items (NPCs)
Hallowed Defender (Set: Hallowed Defenders)	1065040961	set	Shields
Hallowed Defender (Set: Hallowed Defenders)	1065038517	set	Shields
P43 Gloves 007 x1 (Patch 2.5.0)	1064858330	normal	Gloves
Key of Hate	1064300938	normal	Keys
Wall of Bone	1063855040	normal	Shields
Wall of Bone	1063852596	normal	Shields
Professional Russian's Knockback Proc Sword	1063638971	normal	Developer Weapons
Cloud Fire	1061128541	normal	NPC Items
Mystery Phylactery (Patch 2.6.0)	1060845884	normal	NPC Items
Tome of Set Dungeons, page 74	1060034624	set	Lore
Infernal Machine of Bones	1054965529	normal	Consumables
Large Horadric Chest: DoubleBountyBagAct4Master	1048878494	normal	Misc
Plan: Atrophy	1046516600	normal	Blacksmith Plan
Proclamation from the Imperial Guard	10458238	normal	Lore
Ursua's Trodden Effigy (Mojo)	1044069889	normal	_2.6.10
PTR: Necromancer Sets	1040795758	set	PTR Packs
The Destiny of the Nephalem, Part 3	1036599470	normal	Lore
The Destiny of the Nephalem, Part 2	1036599469	normal	Lore
The Destiny of the Nephalem, Part 1	1036599468	normal	Lore
Adria's Journal, Part 1	103300821	normal	Lore
Wings: Wings of Valor	1030142027	normal	Wings
Plan: Living Umbral Oath	1029528340	normal	Blacksmith Plan
PTR Set: Grace of Inarius	1029382980	set	PTR Packs
Plan: Wondrous Deflectors	1027888204	normal	Blacksmith Plan
Plan: Guardian's Contingency	1023052626	normal	Blacksmith Plan
Jewelry Pouch: Amulets	101942261	normal	PTR Packs
Ruby (Tier 10) Flawless Royal Ruby (Patch 2.3.0)	1019190666	normal	Gems
Ruby (Tier 09) Royal Ruby (Patch 2.3.0)	1019190642	normal	Gems
Ruby (Tier 08) Flawless Imperial Ruby (Patch 2.3.0)	1019190641	normal	Gems
Ruby (Tier 07) Imperial Ruby (Patch 2.3.0)	1019190640	normal	Gems
Ruby (Tier 06) Marquise Ruby (Patch 2.3.0)	1019190639	normal	Gems
Ruby (Tier 05) Star Ruby (Patch 2.3.0)	1019190638	normal	Gems
Ruby (Tier 04) Flawless Square Ruby (Patch 2.3.0)	1019190637	normal	Gems
Ruby (Tier 03) Square Ruby (Patch 2.3.0)	1019190636	normal	Gems
Ruby (Tier 02) Flawless Ruby (Patch 2.3.0)	1019190635	normal	Gems
Ruby (Tier 01) Ruby (Patch 2.3.0)	1019190634	normal	Gems
Jeweler's Crucible	1018820302	normal	Quest
Captured Soul	1016443205	normal	Crafting Materials
White Oak Splinter	1016299457	normal	Crafting Components
Professional Russian's 100 DPS 2H Mace	1012655116	normal	Developer Weapons
Professional Russian's 100 DPS 1H Mace	1012655083	normal	Developer Weapons
PTR Set: Trag'Oul's Avatar	1009624181	set	PTR Packs
Adria's Journal, Part 8	100959118	normal	Lore
Tome of Set Dungeons, page 14	1008900595	set	Lore
Tome of Set Dungeons, page 12	1006536342	set	Lore
Inarius's Will (Necromancer Set: Grace of Inarius)	1005379048	set	Gloves
Obsidian Dice	1003167072	normal	Scoundrel Token
Charm NoSet (Patch 2.5.0)	1002961203	normal	Junk
Shadowclone Hand Crossbow (Inferno)	3296732609	normal	Developer Weapons
Skull of Raylend	3297397634	normal	Crafting Components
Pet: Cosmetic Pet The Mimic (Patch 2.4.0)	3297867693	normal	Pets
World Cache: WorldBonusBagMaster	3298109253	normal	Caches
PTR Set: Bones of Rathma	4195414665	set	PTR Packs
Test Ring 500	3301663746	normal	Developer Armor
Test Ring 501 DEMON HUNTER	3301699683	normal	Developer Armor
Test Ring 502	3301735620	normal	Developer Armor
Test Ring 503	3301771557	normal	Developer Armor
Test Ring 504 DEMON HUNTER	3301807494	normal	Developer Armor
Test Ring 505	3301843431	normal	Developer Armor
Test Ring 506	3301879368	normal	Developer Armor
Test Ring 507 CRUSADER	3301915305	normal	Developer Armor
Test Ring 508	3301951242	normal	Developer Armor
Test Ring 509 DEMON HUNTER	3301987179	normal	Developer Armor
Legendary: The Three Hundredth Spear (Patch 2.4.0)	3302750597	legendary	Spears
Test Ring 510	3302849667	normal	Developer Armor
Test Ring 511 WITCH DOCTOR	3302885604	normal	Developer Armor
Test Ring 512	3302921541	normal	Developer Armor
Test Ring 513	3302957478	normal	Developer Armor
Test Ring 514 WIZARD	3302993415	normal	Developer Armor
Test Ring 515	3303029352	normal	Developer Armor
Test Ring 516 LIFE RING	3303065289	normal	Developer Armor
Test Ring 517 DEMON HUNTER	3303101226	normal	Developer Armor
Test Ring 518 DEMON HUNTER	3303137163	normal	Developer Armor
Test Ring 519	3303173100	normal	Developer Armor
Test Ring 520	3304035588	normal	Developer Armor
Test Ring 521	3304071525	normal	Developer Armor
Test Ring 522	3304107462	normal	Developer Armor
Test Ring 523 WITCH DOCTOR	3304143399	normal	Developer Armor
Test Ring 524 DEMON HUNTER	3304179336	normal	Developer Armor
Test Ring 525	3304215273	normal	Developer Armor
Test Ring 526 WITCH DOCTOR	3304251210	normal	Developer Armor
Test Ring 527	3304287147	normal	Developer Armor
Flesh Gorger	3304302035	normal	Lore
Test Ring 528 BARBARIAN	3304323084	normal	Developer Armor
Test Ring 529 BARBARIAN	3304359021	normal	Developer Armor
Legendary: Stalgard's Decimator	3304532055	legendary	Swords, Two-Handed
Legendary: Cam's Rebuttal	3304567992	legendary	Swords, Two-Handed
Legendary: Blood Brother	3304603929	legendary	Swords, Two-Handed
Legendary: Corrupted Ashbringer (Patch 2.2.0)	3304639866	legendary	Swords, Two-Handed
Legendary: Ch'il-chi-do (Patch 2.2.0)	3304675803	legendary	Swords, Two-Handed
Shadowclone One-Handed Flail	3305084863	normal	Developer Weapons
Test Ring 530 BARBARIAN	3305221509	normal	Developer Armor
Test Ring 531 DEMON HUNTER	3305257446	normal	Developer Armor
Test Ring 532 DEMON HUNTER	3305293383	normal	Developer Armor
Test Ring 533 DEMON HUNTER	3305329320	normal	Developer Armor
Test Ring 534 MONK	3305365257	normal	Developer Armor
Test Ring 535 MONK	3305401194	normal	Developer Armor
Test Ring 536 MONK	3305437131	normal	Developer Armor
Test Ring 537 MONK	3305473068	normal	Developer Armor
Test Ring 538 MONK	3305509005	normal	Developer Armor
Test Ring 539 MONK DASHING STRIKE RING	3305544942	normal	Developer Armor
Test Ring 540 MONK	3306407430	normal	Developer Armor
Test Ring 541 MONK	3306443367	normal	Developer Armor
Test Ring 542 MONK MANTA RING	3306479304	normal	Developer Armor
Test Ring 543 MONK MYSTIC ALLY RING	3306515241	normal	Developer Armor
Test Ring 544	3306551178	normal	Developer Armor
Test Ring 545	3306587115	normal	Developer Armor
Test Ring 546	3306623052	normal	Developer Armor
Test Ring 547	3306658989	normal	Developer Armor
Test Ring 548	3306694926	normal	Developer Armor
Test Ring 549 WITCH DOCTOR	3306730863	normal	Developer Armor
Legendary: Corpsewhisper Pauldrons (Patch 2.6.0) NECROMANCER	3307318124	legendary	Shoulders
Razeth's Volition (Patch 2.6.9)	342629798	normal	Shoulders
Legendary: Razeth's Volition (Patch 2.6.0) NECROMANCER	3307318125	legendary	Shoulders
Plan: Arcane Barb	3307493801	normal	Blacksmith Plan
Test Ring 550 WITCH DOCTOR	3307593351	normal	Developer Armor
Test Ring 551 WITCH DOCTOR	3307629288	normal	Developer Armor
Test Ring 552 WITCH DOCTOR	3307665225	normal	Developer Armor
Test Ring 553	3307701162	normal	Developer Armor
Test Ring 554 WITCH DOCTOR	3307737099	normal	Developer Armor
Test Ring 555 WITCH DOCTOR	3307773036	normal	Developer Armor
Test Ring 556 WIZARD	3307808973	normal	Developer Armor
Test Ring 557 WIZARD	3307844910	normal	Developer Armor
Test Ring 558 WIZARD	3307880847	normal	Developer Armor
Test Ring 559	3307916784	normal	Developer Armor
Test Ring 560	3308779272	normal	Developer Armor
Test Ring 561 LIGHTINING	3308815209	normal	Developer Armor
Test Ring 562	3308851146	normal	Developer Armor
Test Ring 563	3308887083	normal	Developer Armor
Test Ring 564	3308923020	normal	Developer Armor
Test Ring 565	3308958957	normal	Developer Armor
Test Ring 566 CRIT RING	3308994894	normal	Developer Armor
Test Ring 567	3309030831	normal	Developer Armor
Test Ring 568 DEMON HUNTER	3309066768	normal	Developer Armor
Test Ring 569 MONK	3309102705	normal	Developer Armor
Death Maiden	3309106383	normal	Lore
Test Ring 570	3309965193	normal	Developer Armor
Test Ring 571	3310001130	normal	Developer Armor
Test Ring 572	3310037067	normal	Developer Armor
Test Ring 573	3310073004	normal	Developer Armor
Test Ring 574	3310108941	normal	Developer Armor
Test Ring 575	3310144878	normal	Developer Armor
Test Ring 576 WITCH DOCTOR	3310180815	normal	Developer Armor
Test Ring 577	3310216752	normal	Developer Armor
Test Ring 578 BARBARIAN	3310252689	normal	Developer Armor
Test Ring 579	3310288626	normal	Developer Armor
Test Ring 580 BARBARIAN	3311151114	normal	Developer Armor
Test Ring 581	3311187051	normal	Developer Armor
Test Ring 582	3311222988	normal	Developer Armor
Test Ring 583	3311258925	normal	Developer Armor
Test Ring 584	3311294862	normal	Developer Armor
Test Ring 585	3311330799	normal	Developer Armor
Bonus Cache: BonusAct4BagT10	3311334194	normal	Caches
Bonus Cache: BonusAct4BagT11	3311334195	normal	Caches
Bonus Cache: BonusAct4BagT12	3311334196	normal	Caches
Bonus Cache: BonusAct4BagT13	3311334197	normal	Caches
Test Ring 586 WITCH DOCTOR	3311366736	normal	Developer Armor
Test Ring 587	3311402673	normal	Developer Armor
Test Ring 588	3311438610	normal	Developer Armor
Test Ring 589	3311474547	normal	Developer Armor
Bonus Cache: BonusAct1Bag	3311950650	normal	Caches
Bonus Cache: BonusAct2Bag	3311986587	normal	Caches
Bonus Cache: BonusAct3Bag	3312022524	normal	Caches
Bonus Cache: BonusAct4Bag	3312058461	normal	Caches
Bonus Cache: BonusAct5Bag	3312094398	normal	Caches
Test Ring 590	3312337035	normal	Developer Armor
Test Ring 591 BARBARIAN	3312372972	normal	Developer Armor
Test Ring 592 WITCH DOCTOR	3312408909	normal	Developer Armor
Test Ring 593 WIZARD	3312444846	normal	Developer Armor
Test Ring 594 MONK WAVE OF LIGHT RING	3312480783	normal	Developer Armor
Test Ring 595 WIZARD	3312516720	normal	Developer Armor
Test Ring 596  WITCH DOCTOR FETISH ARMY RING	3312552657	normal	Developer Armor
Test Ring 597	3312588594	normal	Developer Armor
Test Ring 598 THORNS DAMAGE RING	3312624531	normal	Developer Armor
[TEMP] Test Ring 599	3312660468	normal	Developer Armor
Bonus Cache: BonusAct3BagT1	3314971169	normal	Caches
Bonus Cache: BonusAct3BagT2	3314971170	normal	Caches
Bonus Cache: BonusAct3BagT3	3314971171	normal	Caches
Bonus Cache: BonusAct3BagT4	3314971172	normal	Caches
Bonus Cache: BonusAct3BagT5	3314971173	normal	Caches
Bonus Cache: BonusAct3BagT6	3314971174	normal	Caches
Bonus Cache: BonusAct3BagT7	3314971175	normal	Caches
Bonus Cache: BonusAct3BagT8	3314971176	normal	Caches
Bonus Cache: BonusAct3BagT9	3314971177	normal	Caches
Guard's Orders	3316457069	normal	Lore
Power-Up Stealth	3317568199	normal	Junk
Legendary: Kill	3320938457	legendary	Daggers
Legendary: The Barber	3320974394	legendary	Ceremonial Knives
Legendary: Blood-Magic Edge	3321082205	legendary	Daggers
Legendary: Pig Sticker	3321118142	legendary	Daggers
Legendary: The Clipper	3321154079	legendary	Daggers
Legendary: Wizardspike	3322052504	legendary	Daggers
Art_Test_CeremonialDagger_1	4197922014	normal	Testing: Art
Art_Test_CeremonialDagger_2	4197922015	normal	Testing: Art
Art_Test_CeremonialDagger_3	4197922016	normal	Testing: Art
Art_Test_CeremonialDagger_4	4197922017	normal	Testing: Art
Art_Test_CeremonialDagger_5	4197922018	normal	Testing: Art
Tome of Secrets	3324600461	normal	Tome of Training
Legendary: Grim Reaper	4198109141	legendary	Mighty Weapons, Two-Handed
Unihorn	3326443970	normal	Pets
Legendary: Spite	3333386532	legendary	Mojos
Legendary: Gazing Demise	3333422469	legendary	Mojos
Legendary: Homunculus (Patch 2.2.0) WITCH DOCTOR	3333458143	legendary	Mojos
Legendary: Homunculus WITCH DOCTOR	3333458406	legendary	Mojos
PTR Bag of Fortune	3333550884	normal	PTR Packs
Legendary: Uhkapian Serpent WITCH DOCTOR	3333602154	legendary	Mojos
Legendary: Thing of the Deep	3333638091	legendary	Mojos
Scroll of Mysteries	4198861296	normal	NPC Items
Legendary: Sean's Ring of Testing (Patch 2.4.2)	3333939979	legendary	Rings
P42 Unique Ring 008 (Patch 2.4.2)	3333939986	normal	Developer Armor
Manajuma's Gory Fetch (Witchdoctor Set: Manajuma's Way)	3334500579	set	Mojos
Zunimassa's String of Skulls (Witchdoctor Set: Zunimassa's Haunt)	3334536516	set	Mojos
Heart of Evil	3336787100	normal	Crafting Components
Test Ring 600	3340799139	normal	Developer Armor
[TEMP] Test Ring 601	3340835076	normal	Developer Armor
Test Ring 602 DEMON HUNTER	3340871013	normal	Developer Armor
[TEMP] Test Ring 603	3340906950	normal	Developer Armor
Jewelry Pouch: Rings	3340913085	normal	PTR Packs
Test Ring 604 WIZARD	3340942887	normal	Developer Armor
Test Ring 605 WIZARD	3340978824	normal	Developer Armor
Test Ring 606 WIZARD	3341014761	normal	Developer Armor
Test Ring 607 WIZARD	3341050698	normal	Developer Armor
Test Ring 608 FIRE RING	3341086635	normal	Developer Armor
Test Ring 609 WIZARD	3341122572	normal	Developer Armor
Test Ring 610 WIZARD	3341985060	normal	Developer Armor
Test Ring 611 WIZARD	3342020997	normal	Developer Armor
Test Ring 612	3342056934	normal	Developer Armor
Test Ring 613 WIZARD	3342092871	normal	Developer Armor
Test Ring 614 WITCH DOCTOR	3342128808	normal	Developer Armor
P3 Test Ring 001 (Patch 2.3.0)	3342141528	normal	Developer Armor
P3 Test Ring 002 (Patch 2.3.0)	3342141529	normal	Developer Armor
P3 Test Ring 003 (Patch 2.3.0)	3342141530	normal	Developer Armor
P3 Test Ring 004 (Patch 2.3.0) CRUSADER	3342141531	normal	Developer Armor
P3 Test Ring 005 (Patch 2.3.0) DEMON HUNTER	3342141532	normal	Developer Armor
P3 Test Ring 006 (Patch 2.3.0) DEMON HUNTER	3342141533	normal	Developer Armor
P3 Test Ring 007 (Patch 2.3.0)	3342141534	normal	Developer Armor
P3 Test Ring 008 (Patch 2.3.0)	3342141535	normal	Developer Armor
P3 Test Ring 009 (Patch 2.3.0) WITCH DOCTOR	3342141536	normal	Developer Armor
P3 Test Ring 010 (Patch 2.3.0) WITCH DOCTOR	3342141560	normal	Developer Armor
P3 Test Ring 011 (Patch 2.3.0) WIZARD	3342141561	normal	Developer Armor
P3 Test Ring 012 (Patch 2.3.0) WIZARD	3342141562	normal	Developer Armor
P3 Test Ring 013 (Patch 2.3.0) WIZARD	3342141563	normal	Developer Armor
P3 Test Ring 014 (Patch 2.3.0)	3342141564	normal	Developer Armor
P3 Test Ring 015 (Patch 2.3.0) WITCH DOCTOR	3342141565	normal	Developer Armor
P3 Test Ring 016 (Patch 2.3.0) WITCH DOCTOR	3342141566	normal	Developer Armor
P3 Test Ring 017 (Patch 2.3.0) WITCH DOCTOR	3342141567	normal	Developer Armor
P3 Test Ring 018 (Patch 2.3.0) MONK	3342141568	normal	Developer Armor
P3 Test Ring 019 (Patch 2.3.0) MONK	3342141569	normal	Developer Armor
P3 Test Ring 020 (Patch 2.3.0) MONK	3342141593	normal	Developer Armor
P3 Test Ring 021 (Patch 2.3.0) WIZARD	3342141594	normal	Developer Armor
P3 Test Ring 022 (Patch 2.3.0) WIZARD	3342141595	normal	Developer Armor
P3 Test Ring 023 (Patch 2.3.0)	3342141596	normal	Developer Armor
P3 Test Ring 024 (Patch 2.3.0) WITCH DOCTOR	3342141597	normal	Developer Armor
P3 Test Ring 025 (Patch 2.3.0) MONK	3342141598	normal	Developer Armor
P3 Test Ring 026 (Patch 2.3.0) MONK	3342141599	normal	Developer Armor
P3 Test Ring 027 (Patch 2.3.0) MONK	3342141600	normal	Developer Armor
P3 Test Ring 028 (Patch 2.3.0) DEMON HUNTER	3342141601	normal	Developer Armor
P3 Test Ring 029 (Patch 2.3.0) WITCH DOCTOR	3342141602	normal	Developer Armor
P3 Test Ring 030 (Patch 2.3.0)	3342141626	normal	Developer Armor
P3 Test Ring 031 (Patch 2.3.0) WITCH DOCTOR	3342141627	normal	Developer Armor
P3 Test Ring 032 (Patch 2.3.0) BARBARIAN	3342141628	normal	Developer Armor
P3 Test Ring 033 (Patch 2.3.0) BARBARIAN	3342141629	normal	Developer Armor
P3 Test Ring 034 (Patch 2.3.0) BARBARIAN	3342141630	normal	Developer Armor
P3 Test Ring 035 (Patch 2.3.0) BARBARIAN	3342141631	normal	Developer Armor
P3 Test Ring 036 (Patch 2.3.0) DEMON HUNTER	3342141632	normal	Developer Armor
P3 Test Ring 037 (Patch 2.3.0) BARBARIAN	3342141633	normal	Developer Armor
P3 Test Ring 038 (Patch 2.3.0) DEMON HUNTER	3342141634	normal	Developer Armor
P3 Test Ring 039 (Patch 2.3.0)	3342141635	normal	Developer Armor
P3 Test Ring 040 (Patch 2.3.0) WITCH DOCTOR	3342141659	normal	Developer Armor
P3 Test Ring 041 (Patch 2.3.0) WITCH DOCTOR	3342141660	normal	Developer Armor
Legendary: Ring of Royal Grandeur (Patch 2.3.0)	3342142623	legendary	Rings
Test Ring 615	3342164745	normal	Developer Armor
Test Ring 616	3342200682	normal	Developer Armor
Test Ring 617	3342236619	normal	Developer Armor
Test Ring 618 WITCH DOCTOR	3342272556	normal	Developer Armor
Test Ring 619	3342308493	normal	Developer Armor
Base (Tier 01) Lachdanan's Stormshield (Patch 2.4.0)	3342927994	normal	Shields
Test Ring 620 DEMON HUNTER	3343170981	normal	Developer Armor
Test Ring 621 DEMON HUNTER	3343206918	normal	Developer Armor
Test Ring 622 DEMON HUNTER	3343242855	normal	Developer Armor
Test Ring 623 DEMON HUNTER	3343278792	normal	Developer Armor
Test Ring 624 WITCH DOCTOR	3343314729	normal	Developer Armor
Test Ring 625 BARBARIAN	3343350666	normal	Developer Armor
Test Ring 626 WITCH DOCTOR	3343386603	normal	Developer Armor
Test Ring 627	3343422540	normal	Developer Armor
Test Ring 628 BARBARIAN	3343458477	normal	Developer Armor
Test Ring 629 MONK WAVE OF LIGHT RING	3343494414	normal	Developer Armor
Test Ring 630 WITCH DOCTOR	3344356902	normal	Developer Armor
Test Ring 631 DEMON HUNTER	3344392839	normal	Developer Armor
Test Ring 632	3344428776	normal	Developer Armor
Test Ring 633	3344464713	normal	Developer Armor
Test Ring 634	3344500650	normal	Developer Armor
Test Ring 635	3344536587	normal	Developer Armor
Test Ring 636	3344572524	normal	Developer Armor
Test Ring 637 WORLD MAP RING	3344608461	normal	Developer Armor
Test Ring 638	3344644398	normal	Developer Armor
Test Ring 639 WAR CRY RING	3344680335	normal	Developer Armor
Test Ring 640	3345542823	normal	Developer Armor
Test Ring 641	3345578760	normal	Developer Armor
Test Ring 642 MONK	3345614697	normal	Developer Armor
Test Ring 643	3345650634	normal	Developer Armor
Test Ring 644	3345686571	normal	Developer Armor
Test Ring 645 DEATH BARGIN RING	3345722508	normal	Developer Armor
Test Ring 646 DEMON HUNTER	3345758445	normal	Developer Armor
Test Ring 647 CRUSADER	3345794382	normal	Developer Armor
Test Ring 648	3345830319	normal	Developer Armor
Test Ring 649 MONK	3345866256	normal	Developer Armor
Test Ring 650 DEMON HUNTER	3346728744	normal	Developer Armor
Test Ring 651	3346764681	normal	Developer Armor
Test Ring 652	3346800618	normal	Developer Armor
Test Ring 653	3346836555	normal	Developer Armor
Test Ring 654	3346872492	normal	Developer Armor
Test Ring 655 CRUSADER	3346908429	normal	Developer Armor
Test Ring 656 CRUSADER	3346944366	normal	Developer Armor
Test Ring 657 CRUSADER	3346980303	normal	Developer Armor
Test Ring 658 CRUSADER	3347016240	normal	Developer Armor
Test Ring 659 DEMON HUNTER	3347052177	normal	Developer Armor
Test Ring 660 WIZARD	3347914665	normal	Developer Armor
Test Ring 661	3347950602	normal	Developer Armor
Test Ring 662	3347986539	normal	Developer Armor
Test Ring 663	3348022476	normal	Developer Armor
Test Ring 664	3348058413	normal	Developer Armor
Test Ring 665	3348094350	normal	Developer Armor
Test Ring 666 MONK	3348130287	normal	Developer Armor
Test Ring 667	3348166224	normal	Developer Armor
Test Ring 668	3348202161	normal	Developer Armor
Test Ring 669	3348238098	normal	Developer Armor
Test Ring 670	3349100586	normal	Developer Armor
Test Ring 671	3349136523	normal	Developer Armor
Test Ring 672	3349172460	normal	Developer Armor
Test Ring 673	3349208397	normal	Developer Armor
Test Ring 674 FEAR RING	3349244334	normal	Developer Armor
Test Ring 675	3349280271	normal	Developer Armor
Test Ring 676	3349316208	normal	Developer Armor
Test Ring 677 HEALTH GLOBE RING	3349352145	normal	Developer Armor
Test Ring 678	3349388082	normal	Developer Armor
Test Ring 679	3349424019	normal	Developer Armor
Test Ring 680 DEMON HUNTER	3350286507	normal	Developer Armor
Test Ring 681	3350322444	normal	Developer Armor
Test Ring 682	3350358381	normal	Developer Armor
Test Ring 683	3350394318	normal	Developer Armor
Test Ring 684	3350430255	normal	Developer Armor
Test Ring 685	3350466192	normal	Developer Armor
Test Ring 686 DEMON HUNTER	3350502129	normal	Developer Armor
Test Ring 687 CRUSADER	3350538066	normal	Developer Armor
Flesh Hurler	3350558399	normal	Lore
Test Ring 688 CRUSADER	3350574003	normal	Developer Armor
Test Ring 689 CRUSADER	3350609940	normal	Developer Armor
Test Ring 690 CRUSADER	3351472428	normal	Developer Armor
Test Ring 691 CRUSADER	3351508365	normal	Developer Armor
Test Ring 692 CRUSADER	3351544302	normal	Developer Armor
Test Ring 693 CRUSADER	3351580239	normal	Developer Armor
Test Ring 694 CRUSADER	3351616176	normal	Developer Armor
Test Ring 695 CRUSADER	3351652113	normal	Developer Armor
Test Ring 696 CRUSADER	3351688050	normal	Developer Armor
Test Ring 697 CRUSADER	3351723987	normal	Developer Armor
Test Ring 698 CRUSADER	3351759924	normal	Developer Armor
Test Ring 699 CRUSADER	3351795861	normal	Developer Armor
Bonus Cache: BonusAct4BagT1	3354106562	normal	Caches
Bonus Cache: BonusAct4BagT2	3354106563	normal	Caches
Bonus Cache: BonusAct4BagT3	3354106564	normal	Caches
Bonus Cache: BonusAct4BagT4	3354106565	normal	Caches
Bonus Cache: BonusAct4BagT5	3354106566	normal	Caches
Bonus Cache: BonusAct4BagT6	3354106567	normal	Caches
Bonus Cache: BonusAct4BagT7	3354106568	normal	Caches
Bonus Cache: BonusAct4BagT8	3354106569	normal	Caches
Bonus Cache: BonusAct4BagT9	3354106570	normal	Caches
Pennant: Warlords Of Draenor (Patch 2.2.0)	3357223641	normal	Pennants
Pet: Azmodan Pet (Patch 2.6.4)	3358761128	normal	Pets
Legendary: The Swami (Patch 2.1.0)	3358867478	legendary	Wizard Hats
Legendary: Conqueror's Gauntlets (Patch 2.1.0)	3359388795	legendary	Gloves
Pennant: Tiger (Patch 2.4.0)	3359438927	normal	Pennants
Legendary: Gull Dagger DEMON HUNTER	3360037913	legendary	Daggers
Legendary: Prowl's Dastardly Shiv DEMON HUNTER	3360073850	legendary	Daggers
Legendary: Envious Blade	3360109787	legendary	Daggers
Legendary: Eun-jang-do (Patch 2.2.0)	3360145724	legendary	Daggers
Jeweled Scabbard	3360531764	normal	Quest
Plan: Exalted Grand Archmage Headpiece	4201945923	normal	Blacksmith Plan
Legendary: Shukrani's Triumph WITCH DOCTOR	3372521925	legendary	Mojos
Legendary: Sorrowful Countenance	3372557862	legendary	Mojos
Wings: Knights of Westmarch (Patch 2.2.0)	3372877841	normal	Wings
Horadric Cache: HoradricCacheA1Master	3376113566	normal	Caches
The History of Westmarch, Part 1	3378222041	normal	Lore
The History of Westmarch, Part 2	3378222042	normal	Lore
The History of Westmarch, Part 3	3378222043	normal	Lore
The History of Westmarch, Part 4	3378222044	normal	Lore
The History of Westmarch, Part 5	3378222045	normal	Lore
The History of Westmarch, Part 6	3378222046	normal	Lore
The History of Westmarch, Part 7	3378222047	normal	Lore
Test Ring 700 CRUSADER	3379934532	normal	Developer Armor
Test Ring 701 CRUSADER	3379970469	normal	Developer Armor
Test Ring 702 CRUSADER	3380006406	normal	Developer Armor
Test Ring 703 CRUSADER	3380042343	normal	Developer Armor
Test Ring 704 CRUSADER	3380078280	normal	Developer Armor
Test Ring 705 CRUSADER	3380114217	normal	Developer Armor
Test Ring 706 CRUSADER	3380150154	normal	Developer Armor
Test Ring 707 CRUSADER	3380186091	normal	Developer Armor
Test Ring 708 CRUSADER	3380222028	normal	Developer Armor
Test Ring 709 DEMON HUNTER	3380257965	normal	Developer Armor
Tome of Set Dungeons, page 93	3380842910	set	Lore
Test Ring 710 WIZARD	3381120453	normal	Developer Armor
Test Ring 711	3381156390	normal	Developer Armor
Test Ring 712	3381192327	normal	Developer Armor
Test Ring 713	3381228264	normal	Developer Armor
Test Ring 714	3381264201	normal	Developer Armor
Test Ring 715	3381300138	normal	Developer Armor
Test Ring 716 DEMON HUNTER	3381336075	normal	Developer Armor
Test Ring 717 DEMON HUNTER	3381372012	normal	Developer Armor
Test Ring 718 BARBARIAN	3381407949	normal	Developer Armor
Test Ring 719 BARBARIAN	3381443886	normal	Developer Armor
Plan: Blood-Magic Blade	3382110461	magic	Blacksmith Plan
Test Ring 720 BARBARIAN	3382306374	normal	Developer Armor
Test Ring 721 BARBARIAN	3382342311	normal	Developer Armor
Test Ring 722 BARBARIAN	3382378248	normal	Developer Armor
Test Ring 723 MONK	3382414185	normal	Developer Armor
Test Ring 724 MONK	3382450122	normal	Developer Armor
Test Ring 725 MONK	3382486059	normal	Developer Armor
Base (Tier 00) Rusty Flail	3382510415	normal	Flails, One-Handed
Base (Tier 01) Spiked Flail	3382510416	normal	Flails, One-Handed
Base (Tier 02) Iron Whip	3382510417	normal	Flails, One-Handed
Base (Tier 03) Barbed Flail	3382510418	normal	Flails, One-Handed
Base (Tier 04) Thresher	3382510419	normal	Flails, One-Handed
Base (Tier 05) Flail	3382510420	normal	Flails, One-Handed
Base (Tier 06) Ball and Chain	3382511505	normal	Flails, One-Handed
Base (Tier 07) Chain Mace	3382511506	normal	Flails, One-Handed
Base (Tier 08) Shredder	3382511507	normal	Flails, One-Handed
Base (Tier 09) Imposing Flail	3382511508	normal	Flails, One-Handed
Base (Tier 10) Royal Guardian	3382511509	normal	Flails, One-Handed
Base (Tier 11) Painbringer	3382512594	normal	Flails, One-Handed
Base (Tier 12) Knout	3382512595	normal	Flails, One-Handed
Base (Tier 13) Wicked Flail	3382512596	normal	Flails, One-Handed
Base (Tier 14) Giant's Flail	3382512597	normal	Flails, One-Handed
Base (Tier 15) Grandfather's Flail	3382512598	normal	Flails, One-Handed
Test Ring 726 WITCH DOCTOR	3382521996	normal	Developer Armor
Test Ring 727 WIZARD	3382557933	normal	Developer Armor
Test Ring 728 WIZARD	3382593870	normal	Developer Armor
Test Ring 729 WIZARD	3382629807	normal	Developer Armor
Test Ring 730 WIZARD	3383492295	normal	Developer Armor
Test Ring 731 WIZARD	3383528232	normal	Developer Armor
Test Ring 732 WIZARD	3383564169	normal	Developer Armor
Test Ring 733 WIZARD	3383600106	normal	Developer Armor
Test Ring 734	3383636043	normal	Developer Armor
Test Ring 735	3383671980	normal	Developer Armor
Test Ring 736 CRUSADER	3383707917	normal	Developer Armor
Test Ring 737 CRUSADER	3383743854	normal	Developer Armor
Test Ring 738 WITCH DOCTOR	3383779791	normal	Developer Armor
Test Ring 739	3383815728	normal	Developer Armor
Test Ring 740	3384678216	normal	Developer Armor
Test Ring 741	3384714153	normal	Developer Armor
Test Ring 742 BARBARIAN	3384750090	normal	Developer Armor
Test Ring 743	3384786027	normal	Developer Armor
Test Ring 744	3384821964	normal	Developer Armor
Power Potion	3384843174	normal	Junk
Test Ring 745	3384857901	normal	Developer Armor
Test Ring 746	3384893838	normal	Developer Armor
Test Ring 747	3384929775	normal	Developer Armor
Test Ring 748	3384965712	normal	Developer Armor
Test Ring 749 DEMON HUNTER	3385001649	normal	Developer Armor
Shadowclone Hand Crossbow (Hell)	3385154965	normal	Developer Weapons
Test Ring 750 DEMON HUNTER	3385864137	normal	Developer Armor
Test Ring 751 DEMON HUNTER	3385900074	normal	Developer Armor
Test Ring 752	3385936011	normal	Developer Armor
Test Ring 753	3385971948	normal	Developer Armor
Test Ring 754 BARBARIAN	3386007885	normal	Developer Armor
Test Ring 755 DEMON HUNTER	3386043822	normal	Developer Armor
Test Ring 756	3386079759	normal	Developer Armor
Test Ring 757 WIZARD	3386115696	normal	Developer Armor
Test Ring 758 BARBARIAN	3386151633	normal	Developer Armor
Test Ring 759 WIZARD	3386187570	normal	Developer Armor
Shadowclone Ceremonial Knife (Hell)	3386672899	normal	Developer Weapons
Test Ring 760 WIZARD	3387050058	normal	Developer Armor
Test Ring 761 BARBARIAN	3387085995	normal	Developer Armor
Test Ring 762 BARBARIAN	3387121932	normal	Developer Armor
Test Ring 763 WITCH DOCTOR	3387157869	normal	Developer Armor
Test Ring 764 WIZARD	3387193806	normal	Developer Armor
Test Ring 765 WIZARD	3387229743	normal	Developer Armor
Test Ring 766 WIZARD	3387265680	normal	Developer Armor
Test Ring 767 WIZARD	3387301617	normal	Developer Armor
Test Ring 768 WIZARD	3387337554	normal	Developer Armor
Test Ring 769 WIZARD	3387373491	normal	Developer Armor
Test Ring 770 BARBARIAN	3388235979	normal	Developer Armor
Test Ring 771 BARBARIAN	3388271916	normal	Developer Armor
Test Ring 772 BARBARIAN	3388307853	normal	Developer Armor
Test Ring 773 BARBARIAN	3388343790	normal	Developer Armor
Test Ring 774 BARBARIAN	3388379727	normal	Developer Armor
Test Ring 775 BARBARIAN	3388415664	normal	Developer Armor
Test Ring 776 BARBARIAN	3388451601	normal	Developer Armor
Test Ring 777 BARBARIAN	3388487538	normal	Developer Armor
Test Ring 778 BARBARIAN	3388523475	normal	Developer Armor
Test Ring 779 BARBARIAN	3388559412	normal	Developer Armor
Test Ring 780 BARBARIAN	3389421900	normal	Developer Armor
Test Ring 781 BARBARIAN	3389457837	normal	Developer Armor
Test Ring 782 BARBARIAN	3389493774	normal	Developer Armor
Test Ring 783 BARBARIAN	3389529711	normal	Developer Armor
Test Ring 784 BARBARIAN	3389565648	normal	Developer Armor
Test Ring 785 BARBARIAN	3389601585	normal	Developer Armor
Test Ring 786 BARBARIAN	3389637522	normal	Developer Armor
Test Ring 787 BARBARIAN	3389673459	normal	Developer Armor
Test Ring 788 BARBARIAN	3389709396	normal	Developer Armor
Test Ring 789 CRUSADER	3389745333	normal	Developer Armor
Debug Transmog Plan	3390318555	normal	Junk
Test Ring 790 CRUSADER	3390607821	normal	Developer Armor
Test Ring 791 CRUSADER	3390643758	normal	Developer Armor
Test Ring 792 CRUSADER	3390679695	normal	Developer Armor
Test Ring 793 CRUSADER	3390715632	normal	Developer Armor
Test Ring 794 CRUSADER	3390751569	normal	Developer Armor
Test Ring 795 CRUSADER	3390787506	normal	Developer Armor
Test Ring 796 CRUSADER	3390823443	normal	Developer Armor
Test Ring 797 CRUSADER	3390859380	normal	Developer Armor
Test Ring 798 CRUSADER	3390895317	normal	Developer Armor
Test Ring 799 CRUSADER	3390931254	normal	Developer Armor
Bonus Cache: BonusAct5BagT1	3393241955	normal	Caches
Bonus Cache: BonusAct5BagT2	3393241956	normal	Caches
Bonus Cache: BonusAct5BagT3	3393241957	normal	Caches
Bonus Cache: BonusAct5BagT4	3393241958	normal	Caches
Bonus Cache: BonusAct5BagT5	3393241959	normal	Caches
Bonus Cache: BonusAct5BagT6	3393241960	normal	Caches
Bonus Cache: BonusAct5BagT7	3393241961	normal	Caches
Bonus Cache: BonusAct5BagT8	3393241962	normal	Caches
Bonus Cache: BonusAct5BagT9	3393241963	normal	Caches
Tome of Set Dungeons, page 106	3395570732	set	Lore
Corpse Raiser	3395636237	normal	Lore
A2C2HusamHead	3400948536	normal	NPC Items
Plan: Demon's Skin	3400998742	normal	Blacksmith Plan
Plan: Sage's Plight	3400998743	normal	Blacksmith Plan
Plan: Hallowed Defenders	3400998744	normal	Blacksmith Plan
Tome of Set Dungeons, page 71	3403959409	set	Lore
Antique Box	3409309811	normal	Quest
Krelm's Buff Belt (Demon Hunter Set: Krelm’s Buff Bulwark)	3409483313	set	Belts
Legendary: Halo of Karini (Patch 2.4.1) WIZARD	3410282938	legendary	Rings
Legendary: Skull Grasp (Patch 2.4.1) BARBARIAN	3410282939	legendary	Rings
Legendary: Hunter's Wrath (Patch 2.3.0) DEMON HUNTER	3413095571	legendary	Belts
Hunter's Wrath (Patch 2.6.9)	2870215055	normal	Belts
Tome of Set Dungeons, page 18	3415069502	set	Lore
Shadowclone Staff (Normal)	3415977298	normal	Developer Weapons
Base (Tier 01) Bracers	3419022418	normal	Bracers
Base (Tier 02) Leather Cuffs	3419022419	normal	Bracers
Base (Tier 03) Bindings	3419022420	normal	Bracers
Base (Tier 04) Vambraces	3419022421	normal	Bracers
Base (Tier 05) Bracelets	3419022422	normal	Bracers
Base (Tier 06) Mail Bands	3419022423	normal	Bracers
Base (Tier 07) Wristwraps	3419023507	normal	Bracers
Base (Tier 08) Wristbands	3419023508	normal	Bracers
Base (Tier 09) Stabilizers	3419023509	normal	Bracers
Base (Tier 10) Wristguards	3419023510	normal	Bracers
Base (Tier 11) Wristplates	3419023511	normal	Bracers
Base (Tier 12) Armwraps	3419024596	normal	Bracers
Base (Tier 13) Armbands	3419024597	normal	Bracers
Base (Tier 14) Warbands	3419024598	normal	Bracers
Base (Tier 15) Armguards	3419024599	normal	Bracers
Base (Tier 16) Armplates	3419024600	normal	Bracers
Base (Tier 17) Razorspikes	3419024601	normal	Bracers
Base (Tier 18) Rakkisgard Bracelets	3419024602	normal	Bracers
Base (Tier 19) Ascended Bracers	3419024603	normal	Bracers
Test Ring 800 CRUSADER	3419069925	normal	Developer Armor
Test Ring 801 CRUSADER	3419105862	normal	Developer Armor
Test Ring 802 CRUSADER	3419141799	normal	Developer Armor
Test Ring 803 CRUSADER	3419177736	normal	Developer Armor
Test Ring 804 CRUSADER	3419213673	normal	Developer Armor
Test Ring 805 CRUSADER	3419249610	normal	Developer Armor
Test Ring 806 CRUSADER	3419285547	normal	Developer Armor
Test Ring 807 DEMON HUNTER	3419321484	normal	Developer Armor
Test Ring 808 DEMON HUNTER	3419357421	normal	Developer Armor
Test Ring 809 DEMON HUNTER	3419393358	normal	Developer Armor
Born's Key	3419944356	normal	Crafting Materials
Test Ring 810 DEMON HUNTER	3420255846	normal	Developer Armor
Test Ring 811 DEMON HUNTER	3420291783	normal	Developer Armor
Test Ring 812 DEMON HUNTER	3420327720	normal	Developer Armor
Test Ring 813 DEMON HUNTER	3420363657	normal	Developer Armor
Test Ring 814 DEMON HUNTER	3420399594	normal	Developer Armor
Test Ring 815 DEMON HUNTER	3420435531	normal	Developer Armor
Test Ring 816 DEMON HUNTER	3420471468	normal	Developer Armor
Test Ring 817 DEMON HUNTER	3420507405	normal	Developer Armor
Test Ring 818 DEMON HUNTER	3420543342	normal	Developer Armor
Test Ring 819 DEMON HUNTER	3420579279	normal	Developer Armor
Test Ring 820 DEMON HUNTER	3421441767	normal	Developer Armor
Test Ring 821 DEMON HUNTER	3421477704	normal	Developer Armor
Test Ring 822 DEMON HUNTER	3421513641	normal	Developer Armor
Test Ring 823 DEMON HUNTER	3421549578	normal	Developer Armor
Test Ring 824 DEMON HUNTER	3421585515	normal	Developer Armor
Test Ring 825 MONK	3421621452	normal	Developer Armor
Base (Tier 01) Chang Xiao Bang	3421645809	normal	Flails, Two-Handed
Base (Tier 02) Battle Flail	3421645810	normal	Flails, Two-Handed
Base (Tier 03) Grand Thresher	3421645811	normal	Flails, Two-Handed
Base (Tier 04) Two-Handed Flail	3421645812	normal	Flails, Two-Handed
Base (Tier 05) Castigator	3421645813	normal	Flails, Two-Handed
Base (Tier 06) Pyeongon	3421646898	normal	Flails, Two-Handed
Base (Tier 07) Chigiriki	3421646899	normal	Flails, Two-Handed
Base (Tier 08) Threshal	3421646900	normal	Flails, Two-Handed
Base (Tier 09) Grand Flail	3421646901	normal	Flails, Two-Handed
Base (Tier 10) Angelic Flail	3421646902	normal	Flails, Two-Handed
Base (Tier 11) Campaigner's Grand Flail	3421647987	normal	Flails, Two-Handed
Base (Tier 12) Bludgeoning Grand Flail	3421647988	normal	Flails, Two-Handed
Base (Tier 13) Painbringer Grand Flail	3421647989	normal	Flails, Two-Handed
Base (Tier 14) Baroque Grand Flail	3421647990	normal	Flails, Two-Handed
Base (Tier 15) Angelic Grand Flail	3421647991	normal	Flails, Two-Handed
Test Ring 826 MONK	3421657389	normal	Developer Armor
Test Ring 827 MONK	3421693326	normal	Developer Armor
Test Ring 828 MONK	3421729263	normal	Developer Armor
Test Ring 829 MONK	3421765200	normal	Developer Armor
Pvp: Pvp Recurve Bow	3421853817	normal	Developer Weapons
Test Ring 830 MONK	3422627688	normal	Developer Armor
Test Ring 831 MONK	3422663625	normal	Developer Armor
Test Ring 832 MONK	3422699562	normal	Developer Armor
Test Ring 833 MONK	3422735499	normal	Developer Armor
Test Ring 834 MONK	3422771436	normal	Developer Armor
Test Ring 835 MONK	3422807373	normal	Developer Armor
Test Ring 836 MONK	3422843310	normal	Developer Armor
Test Ring 837 MONK	3422879247	normal	Developer Armor
Test Ring 838 MONK	3422915184	normal	Developer Armor
Test Ring 839 MONK	3422951121	normal	Developer Armor
Test Ring 840 MONK	3423813609	normal	Developer Armor
Test Ring 841 MONK	3423849546	normal	Developer Armor
Test Ring 842 WITCH DOCTOR	3423885483	normal	Developer Armor
Test Ring 843 WITCH DOCTOR	3423921420	normal	Developer Armor
Test Ring 844 WITCH DOCTOR	3423957357	normal	Developer Armor
Test Ring 845 WITCH DOCTOR	3423993294	normal	Developer Armor
Test Ring 846 WITCH DOCTOR	3424029231	normal	Developer Armor
Test Ring 847 WITCH DOCTOR	3424065168	normal	Developer Armor
Test Ring 848 WITCH DOCTOR	3424101105	normal	Developer Armor
Test Ring 849 WITCH DOCTOR	3424137042	normal	Developer Armor
Test Ring 850 WITCH DOCTOR	3424999530	normal	Developer Armor
Test Ring 851 WITCH DOCTOR	3425035467	normal	Developer Armor
Test Ring 852 WITCH DOCTOR	3425071404	normal	Developer Armor
Test Ring 853 WITCH DOCTOR	3425107341	normal	Developer Armor
Test Ring 854 WITCH DOCTOR	3425143278	normal	Developer Armor
Test Ring 855 WITCH DOCTOR	3425179215	normal	Developer Armor
Test Ring 856 WITCH DOCTOR	3425215152	normal	Developer Armor
World Cache: WorldBonusBagT10	3425243630	normal	Caches
World Cache: WorldBonusBagT11	3425243631	normal	Caches
World Cache: WorldBonusBagT12	3425243632	normal	Caches
World Cache: WorldBonusBagT13	3425243633	normal	Caches
Test Ring 857 WITCH DOCTOR	3425251089	normal	Developer Armor
Test Ring 858 WITCH DOCTOR	3425287026	normal	Developer Armor
Test Ring 859 WITCH DOCTOR	3425322963	normal	Developer Armor
Throwing Knife (Patch 2.6.6)	3426036796	normal	NPC Items
Throwing Axe (Patch 2.6.6)	3426036797	normal	NPC Items
Balanced Knife (Patch 2.6.6)	3426036798	normal	NPC Items
Balanced Axe (Patch 2.6.6)	3426036799	normal	NPC Items
Flying Knife (Patch 2.6.6)	3426036800	normal	NPC Items
War Hatchet (Patch 2.6.6)	3426036801	normal	NPC Items
Light Hurlbat (Patch 2.6.6)	3426037885	normal	NPC Items
Heavy Hurlbat (Patch 2.6.6)	3426037886	normal	NPC Items
Balanced Regier (Patch 2.6.6)	3426037887	normal	NPC Items
Flying Shim (Patch 2.6.6)	3426037888	normal	NPC Items
Test Ring 860 WIZARD	3426185451	normal	Developer Armor
Test Ring 861 WIZARD	3426221388	normal	Developer Armor
Test Ring 862 WIZARD	3426257325	normal	Developer Armor
Legendary: Manticore (Patch 2.4.0) DEMON HUNTER	3426283273	legendary	Crossbows
Test Ring 863 WIZARD	3426293262	normal	Developer Armor
Test Ring 864 WIZARD	3426329199	normal	Developer Armor
Test Ring 865 WIZARD	3426365136	normal	Developer Armor
Test Ring 866 WIZARD	3426401073	normal	Developer Armor
Test Ring 867 WIZARD	3426437010	normal	Developer Armor
Test Ring 868 WIZARD	3426472947	normal	Developer Armor
Test Ring 869 WIZARD	3426508884	normal	Developer Armor
Test Ring 870 WIZARD	3427371372	normal	Developer Armor
Test Ring 871 WIZARD	3427407309	normal	Developer Armor
Test Ring 872 WIZARD	3427443246	normal	Developer Armor
Test Ring 873 WIZARD	3427479183	normal	Developer Armor
Test Ring 874 WIZARD	3427515120	normal	Developer Armor
Test Ring 875 WIZARD	3427551057	normal	Developer Armor
Test Ring 876 WIZARD	3427586994	normal	Developer Armor
Test Ring 877 WIZARD	3427622931	normal	Developer Armor
Test Ring 878 MONK	3427658868	normal	Developer Armor
Test Ring 879 DEMON HUNTER	3427694805	normal	Developer Armor
Test Ring 880 WITCH DOCTOR	3428557293	normal	Developer Armor
[TEMP] Test Ring 881	3428593230	normal	Developer Armor
[TEMP] Test Ring 882	3428629167	normal	Developer Armor
[TEMP] Test Ring 883	3428665104	normal	Developer Armor
[TEMP] Test Ring 884	3428701041	normal	Developer Armor
[TEMP] Test Ring 885	3428736978	normal	Developer Armor
[TEMP] Test Ring 886	3428772915	normal	Developer Armor
[TEMP] Test Ring 887	3428808852	normal	Developer Armor
[TEMP] Test Ring 888	3428844789	normal	Developer Armor
[TEMP] Test Ring 889	3428880726	normal	Developer Armor
[TEMP] Test Ring 890	3429743214	normal	Developer Armor
[TEMP] Test Ring 891	3429779151	normal	Developer Armor
[TEMP] Test Ring 892	3429815088	normal	Developer Armor
[TEMP] Test Ring 893	3429851025	normal	Developer Armor
[TEMP] Test Ring 894	3429886962	normal	Developer Armor
[TEMP] Test Ring 895	3429922899	normal	Developer Armor
[TEMP] Test Ring 896	3429958836	normal	Developer Armor
[TEMP] Test Ring 897	3429994773	normal	Developer Armor
[TEMP] Test Ring 898	3430030710	normal	Developer Armor
Test Ring 899 CRUSADER	3430066647	normal	Developer Armor
Ms. Madeleine	3430307999	normal	Pets
Plan: Wall of Man	3430347200	normal	Blacksmith Plan
Power-Up Cooldown Reset	3435612282	normal	Junk
Professional Russian's 1H Sword	4209464694	normal	Developer Weapons
Professional Russian's 2H Sword	4209464727	normal	Developer Weapons
NecromancerShield 001 (Patch 2.6.0)	3445974198	normal	Shields
Amethyst (Tier 01) Amethyst (Patch 2.3.0)	3446938391	normal	Gems
Amethyst (Tier 02) Flawless Amethyst (Patch 2.3.0)	3446938392	normal	Gems
Amethyst (Tier 03) Square Amethyst (Patch 2.3.0)	3446938393	normal	Gems
Amethyst (Tier 04) Flawless Square Amethyst (Patch 2.3.0)	3446938394	normal	Gems
Amethyst (Tier 05) Star Amethyst (Patch 2.3.0)	3446938395	normal	Gems
Amethyst (Tier 06) Marquise Amethyst (Patch 2.3.0)	3446938396	normal	Gems
Amethyst (Tier 07) Imperial (Patch 2.3.0)	3446938397	normal	Gems
Amethyst (Tier 08) Flawless Imperial (Patch 2.3.0)	3446938398	normal	Gems
Amethyst (Tier 09) Royal (Patch 2.3.0)	3446938399	normal	Gems
Amethyst (Tier 10) Flawless Royal (Patch 2.3.0)	3446938423	normal	Gems
Plan: Infernal Machine	3448618493	normal	Blacksmith Plan
The Twisted Sword (Sword)	3450340474	normal	_2.6.10
Legendary: Infernal Helm	3451149028	legendary	Helms
Demon Hand	3454276703	normal	Fist Weapons
Shenlong's Endless Wave (Set: Shenlong's Defense)	3454276732	set	Fist Weapons
Shenlong's Crashing Tide (Set: Shenlong's Defense)	3454276733	set	Fist Weapons
Hallowed Touch (Set: Hallowed Armaments)	3454276737	set	Fist Weapons
Legendary: Tiklandian Visage WITCH DOCTOR	3454626192	legendary	Voodoo Masks
Legendary: The Grin Reaper	3454662129	legendary	Voodoo Masks
Legendary: Quetzalcoatl	3454769940	legendary	Voodoo Masks
Legendary: Split Tusk	3454805877	legendary	Voodoo Masks
Zunimassa's Vision (Witchdoctor Set: Zunimassa's Haunt)	3454841814	set	Voodoo Masks
Legendary: Visage of Giyua WITCH DOCTOR	3454877751	legendary	Voodoo Masks
Legendary: The Horadric Hamburger	3456694308	legendary	Daggers
Pennant: Harvest (Patch 2.4.0)	4211285172	normal	Pennants
Test Ring 900 CRUSADER	3458205318	normal	Developer Armor
Test Ring 901	3458241255	normal	Developer Armor
Test Ring 902 MONK	3458277192	normal	Developer Armor
Test Ring 903 MONK	3458313129	normal	Developer Armor
Test Ring 904 SEISMIC SLAM RING BARBARIAN	3458349066	normal	Developer Armor
Test Ring 905 CRUSADER	3458385003	normal	Developer Armor
Test Ring 906 CRUSADER	3458420940	normal	Developer Armor
Test Ring 907 CRUSADER	3458456877	normal	Developer Armor
Test Ring 908	3458492814	normal	Developer Armor
Test Ring 909 CRUSADER	3458528751	normal	Developer Armor
Glamorous Gigot (Necromancer Set: Masquerade of the Burning Carnival)	3458571180	set	Shoulders
Witch's Brew	3459190699	normal	Unknown
Drunkard's Debt	3459190700	normal	Unknown
Garda's Letter	3459190701	normal	Lore
Healer's Prescription	3459190702	normal	Lore
They Never Listen	3459227334	normal	Lore
Test Ring 910 CRUSADER	3459391239	normal	Developer Armor
Test Ring 911 WITCH DOCTOR	3459427176	normal	Developer Armor
Test Ring 912 WIZARD	3459463113	normal	Developer Armor
Test Ring 913 DEMON HUNTER	3459499050	normal	Developer Armor
Test Ring 914	3459534987	normal	Developer Armor
Test Ring 915 MONK	3459570924	normal	Developer Armor
Test Ring 916	3459606861	normal	Developer Armor
Test Ring 917	3459642798	normal	Developer Armor
Test Ring 918	3459678735	normal	Developer Armor
Test Ring 919	3459714672	normal	Developer Armor
Test Ring 920	3460577160	normal	Developer Armor
Test Ring 921	3460613097	normal	Developer Armor
Test Ring 922	3460649034	normal	Developer Armor
Test Ring 923	3460684971	normal	Developer Armor
[TEMP] Test Ring 924	3460720908	normal	Developer Armor
[TEMP] Test Ring 925	3460756845	normal	Developer Armor
[TEMP] Test Ring 926	3460792782	normal	Developer Armor
[TEMP] Test Ring 927	3460828719	normal	Developer Armor
[TEMP] Test Ring 928	3460864656	normal	Developer Armor
[TEMP] Test Ring 929	3460900593	normal	Developer Armor
[TEMP] Test Ring 930	3461763081	normal	Developer Armor
[TEMP] Test Ring 931	3461799018	normal	Developer Armor
[TEMP] Test Ring 932	3461834955	normal	Developer Armor
[TEMP] Test Ring 933	3461870892	normal	Developer Armor
[TEMP] Test Ring 934	3461906829	normal	Developer Armor
[TEMP] Test Ring 935	3461942766	normal	Developer Armor
[TEMP] Test Ring 936	3461978703	normal	Developer Armor
[TEMP] Test Ring 937	3462014640	normal	Developer Armor
[TEMP] Test Ring 938	3462050577	normal	Developer Armor
[TEMP] Test Ring 939	3462086514	normal	Developer Armor
[TEMP] Test Ring 940	3462949002	normal	Developer Armor
[TEMP] Test Ring 941	3462984939	normal	Developer Armor
[TEMP] Test Ring 942	3463020876	normal	Developer Armor
[TEMP] Test Ring 943	3463056813	normal	Developer Armor
[TEMP] Test Ring 944	3463092750	normal	Developer Armor
[TEMP] Test Ring 945	3463128687	normal	Developer Armor
[TEMP] Test Ring 946	3463164624	normal	Developer Armor
[TEMP] Test Ring 947	3463200561	normal	Developer Armor
[TEMP] Test Ring 948	3463236498	normal	Developer Armor
[TEMP] Test Ring 949	3463272435	normal	Developer Armor
Angelic Seal	3463777656	normal	Quest
Shard of Entsteig Plate	3463984478	normal	Crafting Components
[TEMP] Test Ring 950	3464134923	normal	Developer Armor
[TEMP] Test Ring 951	3464170860	normal	Developer Armor
[TEMP] Test Ring 952	3464206797	normal	Developer Armor
[TEMP] Test Ring 953	3464242734	normal	Developer Armor
[TEMP] Test Ring 954	3464278671	normal	Developer Armor
[TEMP] Test Ring 955	3464314608	normal	Developer Armor
[TEMP] Test Ring 956	3464350545	normal	Developer Armor
[TEMP] Test Ring 957	3464386482	normal	Developer Armor
[TEMP] Test Ring 958	3464422419	normal	Developer Armor
[TEMP] Test Ring 959	3464458356	normal	Developer Armor
[TEMP] Test Ring 960	3465320844	normal	Developer Armor
[TEMP] Test Ring 961	3465356781	normal	Developer Armor
[TEMP] Test Ring 962	3465392718	normal	Developer Armor
[TEMP] Test Ring 963	3465428655	normal	Developer Armor
[TEMP] Test Ring 964	3465464592	normal	Developer Armor
[TEMP] Test Ring 965	3465500529	normal	Developer Armor
[TEMP] Test Ring 966	3465536466	normal	Developer Armor
[TEMP] Test Ring 967	3465572403	normal	Developer Armor
[TEMP] Test Ring 968	3465608340	normal	Developer Armor
[TEMP] Test Ring 969	3465644277	normal	Developer Armor
[TEMP] Test Ring 970	3466506765	normal	Developer Armor
[TEMP] Test Ring 971	3466542702	normal	Developer Armor
[TEMP] Test Ring 972	3466578639	normal	Developer Armor
[TEMP] Test Ring 973	3466614576	normal	Developer Armor
[TEMP] Test Ring 974	3466650513	normal	Developer Armor
[TEMP] Test Ring 975	3466686450	normal	Developer Armor
[TEMP] Test Ring 976	3466722387	normal	Developer Armor
[TEMP] Test Ring 977	3466758324	normal	Developer Armor
[TEMP] Test Ring 978	3466794261	normal	Developer Armor
[TEMP] Test Ring 979	3466830198	normal	Developer Armor
[TEMP] Test Ring 980	3467692686	normal	Developer Armor
[TEMP] Test Ring 981	3467728623	normal	Developer Armor
[TEMP] Test Ring 982	3467764560	normal	Developer Armor
[TEMP] Test Ring 983	3467800497	normal	Developer Armor
[TEMP] Test Ring 984	3467836434	normal	Developer Armor
[TEMP] Test Ring 985	3467872371	normal	Developer Armor
[TEMP] Test Ring 986	3467908308	normal	Developer Armor
[TEMP] Test Ring 987	3467944245	normal	Developer Armor
[TEMP] Test Ring 988	3467980182	normal	Developer Armor
[TEMP] Test Ring 989	3468016119	normal	Developer Armor
[TEMP] Test Ring 990	3468878607	normal	Developer Armor
[TEMP] Test Ring 991	3468914544	normal	Developer Armor
[TEMP] Test Ring 992	3468950481	normal	Developer Armor
[TEMP] Test Ring 993	3468986418	normal	Developer Armor
[TEMP] Test Ring 994	3469022355	normal	Developer Armor
[TEMP] Test Ring 995	3469058292	normal	Developer Armor
[TEMP] Test Ring 996	3469094229	normal	Developer Armor
[TEMP] Test Ring 997	3469130166	normal	Developer Armor
[TEMP] Test Ring 998	3469166103	normal	Developer Armor
[TEMP] Test Ring 999	3469202040	normal	Developer Armor
Cultist Blood	3473019946	normal	Crafting Components
Ghom, the Lord of Gluttony	3473173372	normal	Lore
Pet: The Bumble (Patch 2.4.1)	3475456761	normal	Pets
Deserter's Journal, Part 1	3475553822	normal	Lore
Deserter's Journal, Part 2	3475553823	normal	Lore
Deserter's Journal, Part 3	3475553824	normal	Lore
Deserter's Journal, Part 4	3475553825	normal	Lore
Deserter's Journal, Part 5	3475553826	normal	Lore
Mercy's Gaze	3478736633	normal	Wings
Professional Russian's Fast Crossbow Pistol	3481147118	normal	Developer Weapons
Pennant: Blood Master (Patch 2.6.0)	3484863475	normal	Pennants
Event MapVendor Egg	3486279039	normal	Junk
Plan: Exalted Zhezl	3487729542	normal	Blacksmith Plan
Plan: Exalted Fine Zhezl	3487729543	normal	Blacksmith Plan
Plan: Exalted Grand Zhezl	3487729544	normal	Blacksmith Plan
Roland's Stride (Crusader Set: Roland's Legacy)	3493061992	set	Boots
Sabaton of the Wastes (Barbarian Set: Wrath of the Wastes)	3493061993	set	Boots
Uliana's Destiny (Monk Set: Uliana's Stratagem)	3493061994	set	Boots
Striders of Destiny (Wizard Set: Delsere's Magnum Opus)	3493097930	set	Boots
Arachyr's Stride (Witchdoctor Set: Spirit of Arachyr)	3493097931	set	Boots
Hell Walkers (Demon Hunter Set: Unhallowed Essence)	3493133867	set	Boots
Foundation of the Light (Crusader Set: Seeker of the Light)	3493133868	set	Boots
Raekor's Striders (Barbarian Set: The Legacy of Raekor)	3493206004	set	Boots
Firebird's Tarsi (Wizard Set: Firebird's Finery)	3493241941	set	Boots
Marauder's Treads (Demon Hunter Set: Embodiment of the Marauder)	3493277878	set	Boots
Eight-Demon Boots (Monk Set: Raiment of a Thousand Storms)	3493313815	set	Boots
Jade Harvester's Swiftness (Witchdoctor Set: Raiment of the Jade Harvester)	3493349752	set	Boots
Legendary: Carnevil WITCH DOCTOR	3493761585	legendary	Voodoo Masks
Legendary: Mask of Jeram WITCH DOCTOR	3493797522	legendary	Voodoo Masks
Sabatons of Akkhan (Crusader Set: Armor of Akkhan)	3494212240	set	Boots
Zeal of the Invoker (Crusader Set: Thorns of the Invoker)	3494284114	set	Boots
Vyr's Swaggering Stance (Wizard Set: Vyr's Amazing Arcana)	3494320051	set	Boots
The Shadow's Heels (Demon Hunter Set: The Shadow’s Mantle)	3494355988	set	Boots
Foundation of the Earth (Barbarian Set: Might of the Earth)	3494391925	set	Boots
Helltooth Greaves (Witchdoctor Set: Helltooth Harness)	3494427862	set	Boots
Gibbering Gemstone	3494992897	normal	Crafting Components
Wirt's Bell	3495098760	normal	Crafting Components
The Creation of Sanctuary, Part 1	3495212541	normal	Lore
The Creation of Sanctuary, Part 2	3495212542	normal	Lore
The Creation of Sanctuary, Part 3	3495212543	normal	Lore
The Creation of Sanctuary, Part 4	3495212544	normal	Lore
Professional Russian's 1H Axe	3496600965	normal	Developer Weapons
Professional Russian's 2H Axe	3496600998	normal	Developer Weapons
Town Portal Stone	3497652931	normal	Drop Items
Legendary: Moonlight Ward (Patch 2.2.0)	3499805506	legendary	Amulets
Legendary: Ashnagarr's Blood Bracer (Patch 2.4.0) WIZARD	3500938779	legendary	Bracers
Legendary: Skular's Salvation (Patch 2.4.0)	3500939865	legendary	Bracers
Legendary: Skular's Salvation (Patch ???)	549845231	legendary	Bracers
Legendary: Lakumba's Ornament (Patch 2.4.0) WITCH DOCTOR	3500939866	legendary	Bracers
Legendary: Akkhan's Manacles (Patch 2.4.0) CRUSADER	3500939867	legendary	Bracers
Legendary: Bracer of Fury (Patch 2.4.0) CRUSADER	3500939868	legendary	Bracers
Legendary: Pinto's Pride (Patch 2.4.0) MONK	3500939869	legendary	Bracers
Legendary: Vambraces of Sescheron (Patch 2.4.0) BARBARIAN	3500939870	legendary	Bracers
Legendary: Cesar's Memento (Patch 2.4.0) MONK	3500939871	legendary	Bracers
Legendary: Bindings of the Lesser Gods (Patch 2.4.0) MONK	3500939872	legendary	Bracers
Legendary: Drakon's Lesson (Patch 2.4.0) CRUSADER	3500939897	legendary	Bracers
Grimoire	3502469222	normal	Templar Relic
Angelic Shard	3510937776	normal	Crafting Materials
Jelisa's Wedding Ring	4216937522	normal	Quest
Firebird's Eye (Wizard Set: Firebird's Finery)	3517843985	set	Sources
Adria's Journal, Part 2	3518422923	normal	Lore
Legendary: Swamp Land Waders	3520478036	legendary	Pants
Legendary: Hammer Jammers CRUSADER	3520513973	legendary	Pants
Legendary: Skelon's Deceit	3520621784	legendary	Pants
Legendary: Depth Diggers (Patch 2.1.0)	3520657457	legendary	Pants
Legendary: Depth Diggers	3520657721	legendary	Pants
Legendary: Pox Faulds (Patch 2.2.0)	3520693395	legendary	Pants
Legendary: Pox Faulds	3520693658	legendary	Pants
Inna's Temperance (Monk Set: Inna's Mantra)	3520729595	set	Pants
Asheara's Pace (Set: Asheara's Vestments)	3520765532	set	Pants
Cain's Habit (Set: Cain's Destiny)	3521628020	set	Pants
Captain Crimson's Thrust (Set: Captain Crimson's Trimmings)	3521699894	set	Pants
Blackthorne's Jousting Mail (Demon Hunter Set: Blackthorne's Battlegear)	3521735831	set	Pants
Demon's Plate (Set: Demon's Hide)	3521771768	set	Pants
Farmer's Journal	3526662921	normal	Lore
BFA Portrait Frame; Zandalari (Patch 2.6.4)	3526887646	normal	Portrait Frames
PvP HealingDude	3527080431	normal	Drop Items
Mystery Weapon, One-Handed	3527100506	normal	NPC Items
Enchanting Favor	3529196687	normal	Templar Relic
Relic of Akarat	3529196688	normal	Templar Relic
Hillenbrand's Training Sword	3529196689	normal	Templar Relic
PTR: Monk Sets	3531904726	set	PTR Packs
Pennant: Warsong Pennant	3532272868	normal	Pennants
Pet: Tal'darim Probe (Patch 2.6.0)	3536793764	normal	Pets
Px_Horadricreagent_05  (Patch 2.2.0)	3547058653	normal	Crafting Components
Legendary: Hexing Pants of Mr. Yan	3559613429	legendary	Pants
Legendary: Death's Bargain	3559649366	legendary	Pants
Legendary: Shield of Fury (Patch 2.6.1) CRUSADER	3560075011	legendary	Crusader Shields
Weapon Pack: 1H Scythes	3560678613	normal	PTR Packs
Weapon Pack: 2H Scythes	3560678646	normal	PTR Packs
A Servant's Journal	3560873007	normal	Lore
Base (Tier 01) Sash	3561135927	normal	Belts
Base (Tier 02) Hide Belt	3561135928	normal	Belts
Base (Tier 03) Leather Belt	3561135929	normal	Belts
Base (Tier 04) Cord	3561135930	normal	Belts
Base (Tier 05) Binding Rope	3561135931	normal	Belts
Base (Tier 06) Chain Belt	3561135932	normal	Belts
Base (Tier 07) Silk Sash	3561137016	normal	Belts
Base (Tier 08) Waistwrap	3561137017	normal	Belts
Base (Tier 09) Strand	3561137018	normal	Belts
Base (Tier 10) Cupola	3561137019	normal	Belts
Base (Tier 11) Cinch	3561137020	normal	Belts
Base (Tier 12) Grasp	3561138105	normal	Belts
Base (Tier 13) Sheath	3561138106	normal	Belts
Base (Tier 14) Cincture	3561138107	normal	Belts
Base (Tier 15) Girdle	3561138108	normal	Belts
Base (Tier 16) Heaven Strand	3561138109	normal	Belts
Base (Tier 17) High Scabbard	3561138110	normal	Belts
Base (Tier 18) War Belt	3561138111	normal	Belts
Base (Tier 19) Archon Sash	3561138112	normal	Belts
Hierophant's Seal	3563390264	normal	Rings
Natalya's Mark (Set: Natalya's Wrath)	3563390295	set	Rings
Zunimassa's Plague (Set: Zunimassa's Spirit)	3563390296	set	Rings
Wanderlust (Set: Endless Journey)	3563390297	set	Rings
Screaming Chain (Set: Legacy of Nighttime Whispers)	3563390298	set	Rings
Band of Fallen Heroes (Set: Legacy of Nighttime Whispers)	3563390299	set	Rings
Unique_Ring_PvP (Patch 2.6.1)	3563462331	normal	Developer Armor
Griswold's Scribblings	3564000331	normal	Crafting Components
Nephalem Rifts	3567772476	normal	Lore
Art_Test_Gloves_10	3570856181	normal	Testing: Art
Art_Test_Gloves_11	3570856182	normal	Testing: Art
Art_Test_Gloves_12	3570856183	normal	Testing: Art
Art_Test_Gloves_13	3570856184	normal	Testing: Art
Art_Test_Gloves_14	3570856185	normal	Testing: Art
Art_Test_Gloves_15	3570856186	normal	Testing: Art
Tome of Jewelcrafting	3572209422	normal	Tome of Training
Three Broken Gems	3576193297	normal	NPC Items
Professional Russian's Freeze Proc Sword	3578809269	normal	Developer Weapons
Scabbard of Talic the Defender	3580037015	normal	Lore
Professional Russian's Dagger	3586813273	normal	Developer Weapons
HunterJournal	3589139697	normal	NPC Items
A2C2RygnarIdol	3593837155	normal	NPC Items
Traveler's Journal	3594507733	normal	Lore
Legendary: Seismic Treads (Patch 2.2.0)	3594833262	legendary	Boots
Officer's Orders	3600877030	normal	Lore
Base (Tier 01) Star Pauldrons (Patch 2.4.0)	3601985652	normal	Shoulders
Legendary: Arreat's Law (Patch 2.3.0) BARBARIAN	3603289955	legendary	Spears
P4 flail1H norm unique 02 (Patch 2.4.0)	3608787766	normal	Flails, Two-Handed
Tome of Set Dungeons, page 22	3611259057	set	Lore
Legendary: Girdle of Giants (Patch 2.6.1) BARBARIAN	3611741471	legendary	Mighty Belts
Quill Fiend	3611879712	normal	Lore
Night Howler	3612286243	normal	Lore
Ghom's Log	3613014988	normal	Lore
Herald of Pestilence	3619366308	normal	Lore
Spaulders of Valor (Crusader Set: Aegis of Valor)	3619408035	set	Shoulders
Mirrors of Justice (Monk Set: Patterns of Justice)	3619408036	set	Shoulders
Zoltun Kulle's One Eyed Head	3620035496	normal	NPC Items
Pet: Zayl's Loss (Patch 2.3.0)	3620943088	normal	Pets
Pet: Knight Hand (Patch 2.3.0)	3620943089	normal	Pets
Pet: Friendly Gauntlet (Patch 2.3.0)	3620943090	normal	Pets
Pet: Belphegor (Patch 2.4.0)	3620943091	normal	Pets
Leah's Tristram Journal, Part 7	3624348844	normal	Lore
Leah's Tristram Journal, Part 3	3625638211	normal	Lore
The Ravings of a Deranged Mind	3626752122	normal	Lore
Page of Jewelcrafting	3627675570	normal	Tome of Training
Pet: Malfeasance (Patch 2.5.0)	3633241588	normal	Pets
Iron Wolves Doctrine	3633584853	normal	Crafting Components
Deceivers' Orders, Part 3	3633704354	normal	Lore
Quick Draw Belt	3634344304	normal	Belts
Tal Rasha's Finespun Cloth (Set: Tal Rasha's Wrappings)	3634344306	set	Belts
Inna's Blessing (Set: Inna's Majesty)	3634344307	set	Belts
Captain Crimson's Brace (Set: Captain Crimson's Attire)	3634344335	set	Belts
Guardian's Scabbard (Set: Guardian's Regalia)	3634344336	set	Belts
Demon's Binding (Set: Demon's Carapace)	3634344337	set	Belts
Blackthorne's Scabbard (Set: Blackthorne's Regalia)	3634344338	set	Belts
Art_Test_Axe_1H_1	3637037963	normal	Testing: Art
Art_Test_Axe_1H_2	3637037964	normal	Testing: Art
Art_Test_Axe_1H_3	3637037965	normal	Testing: Art
Art_Test_Axe_1H_4	3637037966	normal	Testing: Art
Art_Test_Axe_1H_5	3637037967	normal	Testing: Art
Art_Test_Axe_2H_1	3637073900	normal	Testing: Art
Art_Test_Axe_2H_2	3637073901	normal	Testing: Art
Art_Test_Axe_2H_3	3637073902	normal	Testing: Art
Art_Test_Axe_2H_4	3637073903	normal	Testing: Art
Art_Test_Axe_2H_5	3637073904	normal	Testing: Art
Legendary: Wizardspike (Patch 2.1.0)	4229791434	legendary	Daggers
Infernal Machine	3644190365	normal	Consumables
px DevilsHand TestGlobe (Patch 2.2.0)	3645193233	normal	NPC Items
Plan: Umbral Oath	3647767519	normal	Blacksmith Plan
Pet: Knight Hand (Patch 2.3.0)	3647943089	normal	Pets
Plan: Reaper's Wraps	4230275032	normal	Blacksmith Plan
Wall of Bone	4230314848	normal	Shields
Hallowed Barrier (Set: Hallowed Armaments)	4230314849	set	Shields
Urzael's Journal, Part 1	3649274490	normal	Lore
Urzael's Journal, Part 2	3649274491	normal	Lore
Urzael's Journal, Part 3	3649274492	normal	Lore
Devil's Fang	3649914999	normal	Crafting Components
Charm	3652579535	normal	Enchantress Focus
Legendary: Footfalls of the Forbidden Lands	3655641016	legendary	Boots
Broken Doll	4231061164	normal	NPC Items
Legendary: Voo's Juicer (Patch 2.4.0) WITCH DOCTOR	3656492948	legendary	Ceremonial Knives
Plan: Exalted Conquest Sword	3656961187	normal	Blacksmith Plan
Plan: Exalted Fine Conquest Sword	3656961188	normal	Blacksmith Plan
Plan: Exalted Grand Conquest Sword	3656961189	normal	Blacksmith Plan
Plan: Exalted Oni Blade	3658147108	normal	Blacksmith Plan
Plan: Exalted Fine Oni Blade	3658147109	normal	Blacksmith Plan
Plan: Exalted Grand Oni Blade	3658147110	normal	Blacksmith Plan
Bitterness	4231359196	normal	Mojos
Manajuma's Ritual Prize (Set: Manajuma's Ritual)	4231359227	set	Mojos
Zunimassa's Ferocity (Set: Zunimassa's Spirit)	4231359228	set	Mojos
The Archangel Tyrael	3659350395	normal	Lore
Base (Tier 00) Simple Knife	3659697712	normal	Ceremonial Knives
Base (Tier 01) Stone Knife	3659697713	normal	Ceremonial Knives
Base (Tier 02) Kris Blade	3659697714	normal	Ceremonial Knives
Base (Tier 03) Jagged Edge	3659697715	normal	Ceremonial Knives
Base (Tier 04) Flint Knife	3659697716	normal	Ceremonial Knives
Base (Tier 05) Sacrifice Blade	3659698802	normal	Ceremonial Knives
Base (Tier 06) Flayer	3659698803	normal	Ceremonial Knives
Base (Tier 07) Bone Saw	3659698804	normal	Ceremonial Knives
Base (Tier 08) Beast Tusk	3659698805	normal	Ceremonial Knives
Base (Tier 09) Scalping Razor	3659699891	normal	Ceremonial Knives
Base (Tier 10) Obsidian Edge	3659699892	normal	Ceremonial Knives
Base (Tier 11) Skin Cutter	3659699893	normal	Ceremonial Knives
Base (Tier 12) Exquisite Knife	3659699894	normal	Ceremonial Knives
Base (Tier 13) Flesh Ripper	3659699895	normal	Ceremonial Knives
Base (Tier 14) Veil Piercer	3659699896	normal	Ceremonial Knives
Base (Tier 15) Obsidian Skiver	3659700980	normal	Ceremonial Knives
Base (Tier 16) Tecpatl	3659700981	normal	Ceremonial Knives
Frame: Treasure Goblin (Patch 2.4.0)	3661137118	normal	Portrait Frames
Frame: Treasure Goblin - Slayer (Patch 2.4.0)	3661137119	normal	Portrait Frames
Frame: Treasure Goblin - Champion (Patch 2.4.0)	3661137120	normal	Portrait Frames
Frame: Treasure Goblin - Destroyer (Patch 2.4.0)	3661137121	normal	Portrait Frames
Frame: Treasure Goblin - Conqueror (Patch 2.4.0)	3661137122	normal	Portrait Frames
Frame: Treasure Goblin - Guardian (Patch 2.4.0)	3661137123	normal	Portrait Frames
Leoric's Shinbone	3665447244	normal	Crafting Components
Born for War Precision	3670859294	normal	Amulets
DevilsHand: Broken Oath	3681350593	normal	NPC Items
DevilsHand: Love's Oath	3681350594	normal	NPC Items
DevilsHand: Selfless Oath	3681350595	normal	NPC Items
DevilsHand: The Black King's Trophy	3681386530	normal	NPC Items
DevilsHand: The Black King's Skull	3681386531	normal	NPC Items
DevilsHand: The Black King's Tainted Elixir	3681386532	normal	NPC Items
DevilsHand: The Black King's Bloodied Gauntlet	3681386533	normal	NPC Items
DevilsHand: The Black King's Journal	3681386534	normal	NPC Items
DevilsHand: Dark Coven Scroll of Illusions	3681422467	normal	NPC Items
DevilsHand: Dark Coven Insignia	3681422468	normal	NPC Items
DevilsHand: Dark Coven Torturing Device	3681422469	normal	NPC Items
DevilsHand: Dark Coven Jar of Reagents	3681422470	normal	NPC Items
DevilsHand: Dark Coven Familiar	3681422471	normal	NPC Items
DevilsHand: Icon of Wrath	3681458404	normal	NPC Items
DevilsHand: Icon of Greed	3681458405	normal	NPC Items
DevilsHand: Icon of Sloth	3681458406	normal	NPC Items
DevilsHand: Icon of Pride	3681458407	normal	NPC Items
DevilsHand: Icon of Lust	3681458408	normal	NPC Items
DevilsHand: Icon of Envy	3681458409	normal	NPC Items
DevilsHand: Icon of Gluttony	3681458410	normal	NPC Items
DevilsHand: Warriv's Memento	3681530278	normal	NPC Items
DevilsHand: Cain's Memento	3681530279	normal	NPC Items
DevilsHand: Leah's Memento	3681530280	normal	NPC Items
DevilsHand: Wirt's Memento	3681530281	normal	NPC Items
DevilsHand: Aidan's Memento	3681530282	normal	NPC Items
DevilsHand: Ogden's Memento	3681530283	normal	NPC Items
DevilsHand: Gideon's Memento	3681530284	normal	NPC Items
Legendary: Signet Ring of the Blizzard	3683065338	legendary	Rings
Pennant: Rabbit (Patch 2.4.0)	4233838312	normal	Pennants
Treasure Hunter's Note	3686844591	normal	NPC Items
Veiled Crystal	3689019703	normal	Crafting Components
Set: Gerudo Visage (Patch 2.6.4)	3690210520	set	Helms
Plan: War of the Dead	3700494003	normal	Blacksmith Plan
Mystery Chest Armor	3700538895	normal	NPC Items
Legendary: Fate of the Fell (Patch 2.6.1)	3701447752	legendary	Flails, Two-Handed
Pet: Queen of the Succubi (Patch 2.5.0)	3701657519	normal	Pets
Art_Test_Pants_10	3704046699	normal	Testing: Art
Art_Test_Pants_11	3704046700	normal	Testing: Art
Art_Test_Pants_12	3704046701	normal	Testing: Art
Art_Test_Pants_13	3704046702	normal	Testing: Art
Art_Test_Pants_14	3704046703	normal	Testing: Art
Art_Test_Pants_15	3704046704	normal	Testing: Art
Art_Test_Pants_16	3704046705	normal	Testing: Art
Art_Test_Pants_17	3704046706	normal	Testing: Art
Art_Test_Pants_18	3704046707	normal	Testing: Art
Art_Test_Pants_19	3704046708	normal	Testing: Art
Legendary: Conqueror's Legguards (Patch 2.1.0)	3708589201	legendary	Pants
Horadric Cache: HoradricCacheA5Torment	3709444543	normal	Caches
2.6.1 PTR - Updated Items (Non-Necromancer)	3715329057	normal	PTR Packs
Essence of Amethyst (Patch 2.3.0)	3716486185	normal	Crafting Components
Sibyl's Thoughts	3716598857	normal	Lore
Raissa's Memory	3716598858	normal	Lore
Melaina's Memory	3716598859	normal	Lore
Hierophant's Seal	3716796428	normal	Rings
Hierophant's Seal	3716798872	normal	Rings
Essence of Emerald (Patch 2.3.0)	4237208532	normal	Crafting Components
Plan: Exalted Flesh Ripper	3718521864	normal	Blacksmith Plan
Plan: Exalted Fine Flesh Ripper	3718521865	normal	Blacksmith Plan
Plan: Exalted Grand Flesh Ripper	3718521866	normal	Blacksmith Plan
All-Soap's Miraculous Dye Remover	3719782593	normal	Dye
Cultist Cellar Key	3729719236	normal	NPC Items
Bonus Cache: BonusAct1BagT10	3731897583	normal	Caches
Bonus Cache: BonusAct1BagT11	3731897584	normal	Caches
Bonus Cache: BonusAct1BagT12	3731897585	normal	Caches
Bonus Cache: BonusAct1BagT13	3731897586	normal	Caches
Dark Berserker	3731948760	normal	Lore
Wings: Lord Culsu's Wings (Patch 2.5.0)	3732499182	normal	Wings
Wings: Wings of Kokabiel (Patch 2.5.0)	3732499184	normal	Wings
Cosmic Wings	3732499188	normal	Wings
Scoundrel's Journal	3733311634	normal	Lore
Crumbling Journal	3733853370	normal	Lore
Tome of Set Dungeons, page 31	3738087643	set	Lore
Legendary: Darklight (Patch 2.4.2) CRUSADER	3739066697	legendary	Flails, One-Handed
Common: Red Soul Shard (Patch 2.4.3)	3748993045	normal	Helms
Art_Test_Gloves_2	3752422438	normal	Testing: Art
Art_Test_Gloves_3	3752422439	normal	Testing: Art
Art_Test_Gloves_4	3752422440	normal	Testing: Art
Art_Test_Gloves_5	3752422441	normal	Testing: Art
Art_Test_Gloves_6	3752422442	normal	Testing: Art
Art_Test_Gloves_7	3752422443	normal	Testing: Art
Art_Test_Gloves_8	3752422444	normal	Testing: Art
Art_Test_Gloves_9	3752422445	normal	Testing: Art
Legendary: Trag'Oul Coils (Patch 2.4.2) DEMON HUNTER	3754105996	legendary	Bracers
Mystery Shoulders	3757730128	normal	NPC Items
Lachdanan's Scroll, Part 1	3758420764	normal	Lore
HostileModePointsGlyph	3761152958	normal	Junk
Grunkk	3764973485	normal	Pets
Flesh Shaman	3765020773	normal	Lore
Large Horadric Chest: DoubleBountyBagAct3Expert	3766447145	normal	Misc
Lachdanan's Scroll, Part 2	3768800974	normal	Lore
Lachdanan's Scroll, Part 3	3768800975	normal	Lore
Lachdanan's Scroll, Part 4	3768800976	normal	Lore
Lachdanan's Scroll, Part 5	3768800977	normal	Lore
Dust Imp	3769852921	normal	Lore
Plan: Aughild's Victory	3771978922	normal	Blacksmith Plan
Professional Russian's Stun Proc Sword	3775225822	normal	Developer Weapons
Legendary: Stormshield (Patch 2.2.0)	3775776633	legendary	Shields
Legendary: Scarbringer (Patch 2.4.2) MONK	3780732316	legendary	Fist Weapons
Summoned Archer	3781127096	normal	Lore
Legendary: Golemskin Breeches (Patch 2.6.0) NECROMANCER	3790954265	legendary	Pants
Legendary: Defiler Cuisses (Patch 2.6.0)	3790954266	legendary	Pants
Plan: Hellish Staff of Herding	3793329398	normal	Blacksmith Plan
Professional Russian's Blind Proc Sword	3797382877	normal	Developer Weapons
Shadowclone Hand Crossbow (Nightmare)	3798127983	normal	Developer Weapons
PTR Set: Pestilence Master's Shroud	3800211235	set	PTR Packs
Brigandine of Valor (Crusader Set: Aegis of Valor)	3803733748	set	Chest Armor
Lamellars of Justice (Monk Set: Patterns of Justice)	3803733749	set	Chest Armor
Trag'Oul's Stalwart Greaves (Necromancer Set: Trag'Oul's Avatar)	3809046654	set	Boots
Trag'Oul's Scales (Necromancer Set: Trag'Oul's Avatar)	3809970094	set	Chest Armor
Legendary: The Barber (Patch 2.4.3) WITCH DOCTOR	3810402768	legendary	Ceremonial Knives
Art_Test_Chest_10	3812041852	normal	Testing: Art
Art_Test_Chest_11	3812041853	normal	Testing: Art
Art_Test_Chest_12	3812041854	normal	Testing: Art
Art_Test_Chest_13	3812041855	normal	Testing: Art
Art_Test_Chest_14	3812041856	normal	Testing: Art
Orn trDun Cath LibraryTable	3815465878	normal	NPC Items
Horadric Cache: HoradricCacheA5Master	4247018146	normal	Caches
Plan: The Helm of Rule	3816917133	normal	Blacksmith Plan
Legendary: Ambos Pride(Patch 2.6.7)	3820003630	legendary	Mighty Weapons, One-Handed
Legendary: Remorsless(Patch 2.6.7)	3820004686	legendary	Mighty Weapons, One-Handed
Alchemist Concoction	3821827126	normal	Quest
Beacon of Honor	3824311971	normal	Quest
Beacon of Light	3824311972	normal	Quest
Trag'Oul's Hide (Necromancer Set: Trag'Oul's Avatar)	3825145341	set	Pants
Testing: P1 Flails2H norm Legendary 01 (Patch 2.1.1)	4248254611	legendary	Flails, Two-Handed
Testing: P1 Flails2H norm Legendary 02 (Patch 2.1.1)	4248254612	legendary	Flails, Two-Handed
Base (Tier 02) Harpe (Patch 2.6.0)	3828199165	normal	Scythes, One-Handed
Base (Tier 03) Shotel (Patch 2.6.0)	3828199166	normal	Scythes, One-Handed
Base (Tier 04) Kama (Patch 2.6.0)	3828199167	normal	Scythes, One-Handed
Base (Tier 06) Khopesh (Patch 2.6.0)	3828235102	normal	Scythes, One-Handed
Base (Tier 07) Billhook (Patch 2.6.0)	3828235103	normal	Scythes, One-Handed
Base (Tier 08) Arival (Patch 2.6.0)	3828235104	normal	Scythes, One-Handed
Base (Tier 09) Stone Scythe (Patch 2.6.0)	3828235105	normal	Scythes, One-Handed
Base (Tier 10) War Sickle (Patch 2.6.0)	3828235106	normal	Scythes, One-Handed
Base (Tier 11) Iron Scythe (Patch 2.6.0)	3828235107	normal	Scythes, One-Handed
Base (Tier 12) Primitive Scythe (Patch 2.6.0)	3828235108	normal	Scythes, One-Handed
Base (Tier 14) Sacrificial Scythe (Patch 2.6.0)	3828271039	normal	Scythes, One-Handed
Necromancer	3829241798	normal	Pennants
Subjugator	3836289753	normal	Lore
Scouring Charger	3836398209	normal	Lore
Plan: Penders Purchase	3843170710	normal	Blacksmith Plan
Smoking Thurible	3844285688	normal	Enchantress Focus
Hand of the Prophet	3844285689	normal	Enchantress Focus
Vadim's Surge	3844285690	normal	Enchantress Focus
Legendary: Quietus	4250043973	legendary	Hand Crossbows
Plan: Venomhusk	3848078107	normal	Blacksmith Plan
Torn Soul	3851236745	normal	Crafting Components
Testing: Sherman Signet Precision	3870264521	normal	Rings
Pet: Old Growth (Patch 2.4.0)	3870322527	normal	Pets
The Priests of Rathma, Part 1	3871544631	normal	Lore
The Priests of Rathma, Part 2	3871544632	normal	Lore
The Priests of Rathma, Part 3	3871544633	normal	Lore
The Priests of Rathma, Part 4	3871544634	normal	Lore
The Priests of Rathma, Part 5	3871544635	normal	Lore
The Priests of Rathma, Part 6	3871544636	normal	Lore
The Priests of Rathma, Part 7	3871544637	normal	Lore
The Priests of Rathma, Part 8	3871544638	normal	Lore
The Priests of Rathma, Part 9	3871544639	normal	Lore
Professional Russian's Chill Proc Sword	3872924640	normal	Developer Weapons
The History of Pandemonium, Part 1	3874914055	normal	Lore
The History of Pandemonium, Part 2	3874914056	normal	Lore
The History of Pandemonium, Part 3	3874914057	normal	Lore
The History of Pandemonium, Part 4	3874914058	normal	Lore
Legendary: The Hero's Journey (PS3 Promo)	3875945525	legendary	Shoulders
Testing: Echo Band Precision	4290827910	normal	Rings
Legendary: Warhelm of Kassar (Patch 2.4.0) CRUSADER	3881168017	legendary	Helms
Legendary: Visage of Gunes (Patch 2.4.0) DEMON HUNTER	3881168018	legendary	Helms
Professional Russian's Stun Proc Sword	4253700805	normal	Developer Weapons
Plan: Cataclysm	3882900968	normal	Blacksmith Plan
Plan: Griswold's Perfection	3884130006	normal	Blacksmith Plan
Bonus Cache: Bonus_Act3_Bag_1-69	4253964230	normal	Caches
Azmodan, the Lord of Sin	3886052408	normal	Lore
Plan: Longshot	3889729246	normal	Blacksmith Plan
Embrace of the Pure One	3890992984	normal	Wings
Plan: Starspine	3892833772	normal	Blacksmith Plan
Legendary: Meticulous Bolts (Patch 2.1.0) DEMON HUNTER	3894387970	legendary	Quivers
Legendary: Flint Ripper Arrowheads	3894388234	legendary	Quivers
Legendary: Sin Seekers	3894424171	legendary	Quivers
Legendary: Archfiend Arrows	3894460108	legendary	Quivers
Legendary: Holy Point Shot	3894496045	legendary	Quivers
Legendary: Spines of Seething Hatred (Patch 2.1.0) DEMON HUNTER	3894531718	legendary	Quivers
Legendary: Silver Star Piercers	3894531982	legendary	Quivers
Legendary: Fletcher's Pride	3894567919	legendary	Quivers
Legendary: Dead Man's Legacy	3894603856	legendary	Quivers
Mira's Letter to Haedrig	3897062066	normal	Lore
Lost Boys	3898484069	normal	Boots
Lost Boys	3898486513	normal	Boots
Legendary: Bloodsong Mail (Patch 2.6.0) NECROMANCER	3898949418	legendary	Chest Armor
Legendary: Requiem Cereplate (Patch 2.6.0) NECROMANCER	3898949419	legendary	Chest Armor
Professional Russian's Slow Crossbow Pistol	3899880453	normal	Developer Weapons
Testing: Echo Band Willpower	4291069908	normal	Rings
The Blackrock Destroyer	3905524508	normal	Mighty Weapons, Two-Handed
Maddening Questions	3907240077	normal	Lore
Yet More Questions	3907240078	normal	Lore
Never Ending Questions	3907240079	normal	Lore
Skeletal Beast	3907260255	normal	Lore
Design: Hellfire Ring	3910562467	normal	Jeweler Design
Legendary: Valla's Bequest (Patch 2.4.3) DEMON HUNTER	3914534235	legendary	Hand Crossbows
Plan: Black Bone Arrows	3914677199	normal	Blacksmith Plan
Legendary: Gazing Demise (Patch 2.4.2) WITCH DOCTOR	3915810618	legendary	Mojos
Pet: Shadow Diablo (Patch 2.6.0)	3919201454	normal	Pets
Dominion's Revenge	3922872439	normal	Pets
Legendary: Helm of the Hierarch (Patch 2.2.0)	4258211819	legendary	Helms
Plan: Exalted Doomcaster	3930958318	normal	Blacksmith Plan
Plan: Exalted Fine Doomcaster	3930958319	normal	Blacksmith Plan
Plan: Exalted Grand Doomcaster	3930958320	normal	Blacksmith Plan
Reusable Parts	3931359676	normal	Crafting Components
Base (Tier 00) Initiate's Hand Crossbow	3931575626	normal	Hand Crossbows
Base (Tier 01) Simple Hand Crossbow	3931575627	normal	Hand Crossbows
Base (Tier 02) Light Hand Crossbow	3931575628	normal	Hand Crossbows
Base (Tier 03) Stake Thrower	3931575629	normal	Hand Crossbows
Base (Tier 04) Hand Crossbow	3931575630	normal	Hand Crossbows
Base (Tier 05) Slinglock	3931575631	normal	Hand Crossbows
Base (Tier 06) Quillshot	3931575632	normal	Hand Crossbows
Base (Tier 07) Nail Spitter	3931575633	normal	Hand Crossbows
Base (Tier 08) Heavy Stake Thrower	3931575634	normal	Hand Crossbows
Base (Tier 09) Sling Pistol	3931576716	normal	Hand Crossbows
Base (Tier 10) Crosslock	3931576717	normal	Hand Crossbows
Base (Tier 11) Siege Lock	3931576718	normal	Hand Crossbows
Base (Tier 12) Arcus	3931576719	normal	Hand Crossbows
Base (Tier 13) Cranequin	3931576720	normal	Hand Crossbows
Base (Tier 14) Spine Thrower	3931576721	normal	Hand Crossbows
Base (Tier 15) Heavy Arcus	3931576722	normal	Hand Crossbows
Base (Tier 16) Bolt Rack	3931576723	normal	Hand Crossbows
Base (Tier 17) Runic Sling Pistol	3931577805	normal	Hand Crossbows
Base (Tier 18) Splinter Shot	3931577806	normal	Hand Crossbows
Base (Tier 19) Windlash	3931577807	normal	Hand Crossbows
Base (Tier 20) Blade Spitter	3931577808	normal	Hand Crossbows
Base (Tier 21) Heavy Cranequin	3931577809	normal	Hand Crossbows
Base (Tier 22) Runic Arcus	3931577810	normal	Hand Crossbows
Base (Tier 23) Impellor	3931577811	normal	Hand Crossbows
Base (Tier 24) Exorcist	3931577812	normal	Hand Crossbows
Base (Tier 25) Lionblade Bow	3931578894	normal	Hand Crossbows
Base (Tier 26) Penetrator	3931578895	normal	Hand Crossbows
Legendary: The Ninth Cirri Satchel (Patch 2.6.9) DEMON HUNTER	3933523627	legendary	Quivers
Legendary: Bombadier's Rucksack DEMON HUNTER	3933559564	legendary	Quivers
Legendary: Bombadier's Rucksack #2 DEMON HUNTER	580947964	legendary	Quivers
Legendary: Emimei's Duffel (Patch 2.6.9)	3933595501	legendary	Quivers
Legendary: Hunter's Longbox	3933631438	legendary	Quivers
Asheara's Tracks (Set: Asheara's Uniform)	3936433541	set	Boots
Asheara's Tracks (Set: Asheara's Uniform)	3936435985	set	Boots
Cain's Sandals (Set: Cain's Fate)	3937619462	set	Boots
Cain's Sandals (Set: Cain's Fate)	3937621906	set	Boots
The History of Bastion's Keep	3939080631	normal	Lore
Shadowclone "Mighty Weapons, Two-Handed" (Nightmare)	4259422666	normal	Developer Weapons
Captain Crimson's Whalers (Set: Captain Crimson's Finery)	3939991304	set	Boots
Captain Crimson's Whalers (Set: Captain Crimson's Finery)	3939993748	set	Boots
HealthGlobe100	3949014544	normal	Junk
PTR: Witch Doctor Sets	3951256235	set	PTR Packs
Black Bone Arrows	3953744260	normal	Quivers
Base (Tier 17b) Defender	3959503201	normal	Shields
Base (Tier 18b) Scutum	3960689122	normal	Shields
Horadric Cache: HoradricCacheA5Expert	3961087470	normal	Caches
Base (Tier 19b) Aegis	3961875043	normal	Shields
Black Bone Arrows	3963054680	normal	Quivers
Black Bone Arrows	3963057124	normal	Quivers
Base (Tier 20b) Dread Shield	3963060964	normal	Shields
Stinging Swarm	3964209440	normal	Lore
Base (Tier 21b) Sacred Shield	3964246885	normal	Shields
Orn caOut CrateA	3964649561	normal	NPC Items
Kala's Poem	3965165326	normal	Lore
Inna's Justice (Set: Inna's Majesty)	3968109481	set	Daibos
Rozpedin's Staff	3968109484	normal	Daibos
Lai Yui's Taiji	3968109488	normal	Daibos
Arcane Globe	3968518003	normal	Junk
Skeletal Guardian	3981733203	normal	Lore
Crow Hound	3982727216	normal	Lore
Aqueduct Key	3985610469	normal	Quest
Pennant: Barbarian (Patch 2.4.0)	3988171412	normal	Pennants
Legendary: Hellish Staff of Herding	3988901270	legendary	Staves
Legendary: Legs of the Sealed Valley	3989208951	legendary	Pants
Art_Test_Helm_10	3990651563	normal	Testing: Art
Art_Test_Helm_11	3990651564	normal	Testing: Art
Art_Test_Helm_12	3990651565	normal	Testing: Art
Art_Test_Helm_13	3990651566	normal	Testing: Art
Art_Test_Helm_14	3990651567	normal	Testing: Art
Art_Test_Helm_15	3990651568	normal	Testing: Art
Art_Test_Helm_16	3990651569	normal	Testing: Art
Art_Test_Helm_17	3990651570	normal	Testing: Art
Art_Test_Helm_18	3990651571	normal	Testing: Art
Art_Test_Helm_19	3990651572	normal	Testing: Art
Art_Test_Helm_20	3990651596	normal	Testing: Art
Charm Chicken (Patch 2.5.0)	3990893215	normal	Junk
Plan: Wall of Bone	4264652614	normal	Blacksmith Plan
Art_Test_Bracer_1	3997016484	normal	Testing: Art
Art_Test_Bracer_2	3997016485	normal	Testing: Art
Art_Test_Bracer_3	3997016486	normal	Testing: Art
Art_Test_Bracer_4	3997016487	normal	Testing: Art
Art_Test_Bracer_5	3997016488	normal	Testing: Art
Legendary: Eye of the Storm(Patch 2.6.7)	4001088427	legendary	Helms
Legendary: Homunculus (Patch 2.4.2) WITCH DOCTOR	4001908915	legendary	Mojos
WestM Food	4004775263	normal	NPC Items
Villager's Journal	4005355618	normal	Lore
Hellion	4006002334	normal	Lore
Rockworm	4008602311	normal	Lore
Legendary: Fjord Cutter (Patch 2.3.0)	4009847767	legendary	Mighty Weapons, One-Handed
ActIQ2 RatMageSkull	4010480079	normal	NPC Items
An Eternity of Agony	4012680560	normal	Lore
Plan: Exalted Golden Talon	4019298194	normal	Blacksmith Plan
Plan: Exalted Fine Golden Talon	4019298195	normal	Blacksmith Plan
Plan: Exalted Grand Golden Talon	4019298196	normal	Blacksmith Plan
Topaz (Tier 01) Topaz (Patch 2.3.0)	4267641558	normal	Gems
Topaz (Tier 02) Flawless Topaz (Patch 2.3.0)	4267641559	normal	Gems
Topaz (Tier 03) Square Topaz (Patch 2.3.0)	4267641560	normal	Gems
Topaz (Tier 04) Flawless Square Topaz (Patch 2.3.0)	4267641561	normal	Gems
Topaz (Tier 05) Star Topaz (Patch 2.3.0)	4267641562	normal	Gems
Topaz (Tier 06) Marquise Topaz (Patch 2.3.0)	4267641563	normal	Gems
Topaz (Tier 07) Imperial Topaz (Patch 2.3.0)	4267641564	normal	Gems
Topaz (Tier 08) Flawless Imperial Topaz (Patch 2.3.0)	4267641565	normal	Gems
Topaz (Tier 09) Royal Topaz (Patch 2.3.0)	4267641566	normal	Gems
Topaz (Tier 10) Flawless Royal Topaz (Patch 2.3.0)	4267641590	normal	Gems
Base (Tier 01) Short Sword	4024028375	normal	Swords, One-Handed
Base (Tier 02) Sabre	4024028376	normal	Swords, One-Handed
Base (Tier 03) Broadsword	4024028377	normal	Swords, One-Handed
Base (Tier 04) Longsword	4024028378	normal	Swords, One-Handed
Base (Tier 05) Falchion	4024028379	normal	Swords, One-Handed
Base (Tier 06) Scimitar	4024028380	normal	Swords, One-Handed
Base (Tier 07) War Sword	4024028381	normal	Swords, One-Handed
Base (Tier 08) Bastard Sword	4024028382	normal	Swords, One-Handed
Base (Tier 09) Gladius	4024029464	normal	Swords, One-Handed
Base (Tier 10) Cutlass	4024029465	normal	Swords, One-Handed
Base (Tier 11) Battle Sword	4024029466	normal	Swords, One-Handed
Base (Tier 12) Knight Sword	4024029467	normal	Swords, One-Handed
Base (Tier 13) Dao	4024029468	normal	Swords, One-Handed
Base (Tier 14) Shamshir	4024029469	normal	Swords, One-Handed
Base (Tier 15) Raid Sword	4024029470	normal	Swords, One-Handed
Base (Tier 16) Ancient Sword	4024029471	ancient	Swords, One-Handed
Base (Tier 17) Spatha	4024030553	normal	Swords, One-Handed
Base (Tier 18) Pirate Sword	4024030554	normal	Swords, One-Handed
Base (Tier 19) Strong Sword	4024030555	normal	Swords, One-Handed
Base (Tier 20) King Blade	4024030556	normal	Swords, One-Handed
Base (Tier 21) Tulwar	4024030557	normal	Swords, One-Handed
Base (Tier 22) Saif	4024030558	normal	Swords, One-Handed
Base (Tier 23) Conquest Sword	4024030559	normal	Swords, One-Handed
Base (Tier 24) Rune Sword	4024030560	normal	Swords, One-Handed
Base (Tier 25) Champion Sword	4024031642	normal	Swords, One-Handed
Base (Tier 26) Tsunami Blade	4024031643	normal	Swords, One-Handed
Shadowclone Daibo (Normal)	4025964712	normal	Developer Weapons
Professional Russian's Blind Proc Bow	4026302646	normal	Developer Weapons
Gerudo Greaves (Patch 2.6.4)	4036715097	normal	Boots
Muddied Parchment (Patch 2.6.1)	4269153734	normal	Lore
Resonating Crystal	4039600668	normal	NPC Items
Horadric Cache: HoradricCacheA4Torment	4040674526	normal	Caches
Legendary: The Short Man's Finger (Patch 2.6.1)	4042821052	legendary	Rings
Legendary: Skull Grasp (Patch 2.6.1)	4042821053	legendary	Rings
Legendary: Halo of Karini (Patch 2.6.1) WIZARD	4042821054	legendary	Rings
Legendary: Band of Might (Patch 2.6.1)	4042821056	legendary	Rings
Shuddering Demon Bone	4046397849	normal	Crafting Components
Barter Town Pads	4046471072	normal	Shoulders
Barter Town Pads	4046473516	normal	Shoulders
Black Soulstone	4048073353	normal	NPC Items
Base (Tier 01) Glass Star	4052071828	normal	Spirit Stones
Base (Tier 02) Thought Mirror	4052071829	normal	Spirit Stones
Base (Tier 03) Third Eye	4052071830	normal	Spirit Stones
Base (Tier 04) Onyx Cluster	4052071831	normal	Spirit Stones
Base (Tier 05) Sunstone	4052072917	normal	Spirit Stones
Base (Tier 06) Prism	4052072918	normal	Spirit Stones
Base (Tier 07) Seer Shard	4052072919	normal	Spirit Stones
Base (Tier 08) Igneous Studs	4052072920	normal	Spirit Stones
Base (Tier 09) Solarius	4052074006	normal	Spirit Stones
Base (Tier 10) Meditator	4052074007	normal	Spirit Stones
Base (Tier 11) Ghost Sight	4052074008	normal	Spirit Stones
Base (Tier 12) Star Crown	4052074009	normal	Spirit Stones
Base (Tier 13) Insight Stone	4052074010	normal	Spirit Stones
Base (Tier 14) Ascended Stone	4052074011	normal	Spirit Stones
Large Horadric Chest: DoubleBountyBagAct3Master	4052377821	normal	Misc
Born's Impunity (Set: Born's Defiance)	4052400677	set	Shoulders
Born's Impunity (Set: Born's Defiance)	4052403121	set	Shoulders
Plan: The Wedge	4052569357	normal	Blacksmith Plan
Plan: Utar's Roar	4053054943	normal	Blacksmith Plan
Seven Sins	4053586598	normal	Shoulders
Seven Sins	4053589042	normal	Shoulders
Aughild's Reign (Set: Aughild's Victory)	4054772519	set	Shoulders
Aughild's Reign (Set: Aughild's Victory)	4054774963	set	Shoulders
Demon's Flight (Set: Demon's Skin)	4055958440	set	Shoulders
Demon's Flight (Set: Demon's Skin)	4055960884	set	Shoulders
Cultist's Page 1	4057757654	normal	Lore
Cultist's Page 2	4057757655	normal	Lore
Cultist's Page 3	4057757656	normal	Lore
Cultist's Page 4	4057757657	normal	Lore
Cultist's Page 5	4057757658	normal	Lore
Cultist's Page 6	4057757659	normal	Lore
Cultist's Page 7	4057757660	normal	Lore
Cain's Old Journal, Part 2	4058000945	normal	Lore
Professional Russian's Wand	4271336313	normal	Developer Weapons
Tanner's Dye	4060770466	normal	Dye
Winter Dye	4060770468	normal	Dye
Aquatic Dye	4060770469	normal	Dye
Cardinal Dye	4060770470	normal	Dye
Ranger's Dye	4060770471	normal	Dye
Desert Dye	4060770473	normal	Dye
Autumn Dye	4060770474	normal	Dye
Lovely Dye	4060770498	normal	Dye
Summer Dye	4060770499	normal	Dye
Spring Dye	4060770500	normal	Dye
Elegant Dye	4060770501	normal	Dye
Forester's Dye	4060770502	normal	Dye
Mariner's Dye	4060770503	normal	Dye
Golden Dye	4060770504	normal	Dye
Royal Dye	4060770505	normal	Dye
Infernal Dye	4060770506	normal	Dye
Purity Dye	4060770507	normal	Dye
Abyssal Dye	4060770531	normal	Dye
Testing: P1 fistWeapon norm Legendary 01 (Patch 2.1.1)	4061835217	legendary	Fist Weapons
Legendary: Vengeful Wind (Patch 2.1.0) MONK	4061835218	legendary	Fist Weapons
Legendary: Darklight(Patch 2.6.7) CRUSADER	4062543592	legendary	Flails, One-Handed
Base (Tier 01) Two-Handed Sword	4063163768	normal	Swords, Two-Handed
Base (Tier 02) Flamberge	4063163769	normal	Swords, Two-Handed
Base (Tier 03) Dervish	4063163770	normal	Swords, Two-Handed
Base (Tier 04) Executioner Sword	4063163771	normal	Swords, Two-Handed
Base (Tier 05) Nodachi	4063163772	normal	Swords, Two-Handed
Base (Tier 06) Claymore	4063163773	normal	Swords, Two-Handed
Base (Tier 07) Great Sword	4063164857	normal	Swords, Two-Handed
Base (Tier 08) Reaver	4063164858	normal	Swords, Two-Handed
Base (Tier 09) Kilij	4063164859	normal	Swords, Two-Handed
Base (Tier 10) Mameluke	4063164860	normal	Swords, Two-Handed
Base (Tier 11) Nagamaki	4063164861	normal	Swords, Two-Handed
Base (Tier 12) Grand Sword	4063164862	normal	Swords, Two-Handed
Base (Tier 13) Highland Sword	4063165946	normal	Swords, Two-Handed
Base (Tier 14) Brimstone Sword	4063165947	normal	Swords, Two-Handed
Base (Tier 15) Yatagan	4063165948	normal	Swords, Two-Handed
Base (Tier 16) Colossus Blade	4063165949	normal	Swords, Two-Handed
Base (Tier 17) Oni Blade	4063165950	normal	Swords, Two-Handed
Base (Tier 18) Warlord Sword	4063165951	normal	Swords, Two-Handed
Base (Tier 19) Gothic Blade	4063167035	normal	Swords, Two-Handed
Base (Tier 20) Kingslayer	4063167036	normal	Swords, Two-Handed
Dice	4065065247	normal	Scoundrel Token
Glass Blade	4065065248	normal	Scoundrel Token
Loaded Dice	4065066336	normal	Scoundrel Token
Crystal Edge	4065066337	normal	Scoundrel Token
Clasp	4065066338	normal	Scoundrel Token
Sand Pouch	4065066339	normal	Scoundrel Token
Bone Dice	4065067425	normal	Scoundrel Token
Diamond Razor	4065067426	normal	Scoundrel Token
Brooch	4065067427	normal	Scoundrel Token
Dust Satchel	4065067428	normal	Scoundrel Token
Hazard	4065067429	normal	Scoundrel Token
Stinger	4065067430	normal	Scoundrel Token
Captured Nightmare	4065582309	normal	Crafting Materials
Captain Crimson's Silk Girdle (Set: Captain Crimson's Trimmings)	4068891562	set	Belts
Sage's Ribbon (Set: Sage's Journey)	4068891566	set	Belts
Legendary: Mask of Jeram (Patch 2.6.1) WITCH DOCTOR	4071937896	legendary	Voodoo Masks
Legendary: Shrunken Ghoul Head (Patch 2.3.0)	4074991113	legendary	Mojos
Legendary: Bracers of Destruction (Patch 2.6.1) BARBARIAN	4075421195	legendary	Bracers
Legendary: Wraps of Clarity (Patch 2.6.1) DEMON HUNTER	4075421198	legendary	Bracers
Legendary: Bracer of Fury (Patch 2.6.1)	4075421199	legendary	Bracers
Legendary: Bracers of the First Men (Patch 2.6.1) BARBARIAN	4075421200	legendary	Bracers
Legendary: Cesar's Memento (Patch 2.6.1)	4075421202	legendary	Bracers
Legendary: Spirit Guards (Patch 2.6.1) MONK	4075421204	legendary	Bracers
The Wedge	4075920351	normal	Axe
Hallowed Divide (Set: Hallowed Armaments)	4075920383	set	Axe
Plan: Piro Marella	4078009258	normal	Blacksmith Plan
Legend of the Great Weapon	4078714025	normal	Lore
Blizzcon Artifact	4079128181	normal	Drop Items
The Spider Queen	4273459798	normal	Lore
Legendary: The Crudest Boots (Patch 2.1.0) MONK	2151594317	legendary	Boots
Horadric Cache: HoradricCacheA5Torment2	2152585681	normal	Caches
Horadric Cache: HoradricCacheA5Torment3	2152585682	normal	Caches
Horadric Cache: HoradricCacheA5Torment4	2152585683	normal	Caches
Horadric Cache: HoradricCacheA5Torment5	2152585684	normal	Caches
Horadric Cache: HoradricCacheA5Torment6	2152585685	normal	Caches
Horadric Cache: HoradricCacheA5Torment7	2152585686	normal	Caches
Horadric Cache: HoradricCacheA5Torment8	2152585687	normal	Caches
Horadric Cache: HoradricCacheA5Torment9	2152585688	normal	Caches
Health Potion	2152604450	normal	Potion
Legendary: Incense Torch of the Grand Temple (Patch 2.6.1) MONK	2152613737	legendary	Daibos
Plan: Pendergrasps	2152884543	normal	Blacksmith Plan
Legendary: Piercer (Patch 2.3.0)	2153258476	legendary	Fist Weapons
Example Book	2168089835	normal	Lore
Plan: Seven Sins	2172569411	normal	Blacksmith Plan
Legendary: Akanesh, the Herald of Righteousness	2174142666	legendary	Spears
Legendary: Steffon's Heavy Lance	2174178603	legendary	Spears
Frame: Imperius (Patch 2.4.0)	2174954790	normal	Portrait Frames
Frame: Imperius - Slayer (Patch 2.4.0)	2174954791	normal	Portrait Frames
Frame: Imperius - Champion (Patch 2.4.0)	2174954792	normal	Portrait Frames
Frame: Imperius - Destroyer (Patch 2.4.0)	2174954793	normal	Portrait Frames
Frame: Imperius - Conqueror (Patch 2.4.0)	2174954794	normal	Portrait Frames
Frame: Imperius - Guardian (Patch 2.4.0)	2174954795	normal	Portrait Frames
Testing: p1 normal rifts Orb (Patch 2.3.0)	2177805394	normal	Drop Items
Legendary: Vile Hive (Patch 2.4.0) WITCH DOCTOR	2178895870	legendary	Mojos
Legendary: Thing of the Deep (Patch 2.4.0) WITCH DOCTOR	2178895871	legendary	Mojos
Legendary: Wilken's Reach (Patch 2.4.0) WITCH DOCTOR	2178895872	legendary	Mojos
Base (Tier 01) Short Staff	2179275940	normal	Staves
Base (Tier 02) Long Staff	2179275941	normal	Staves
Base (Tier 03) Yew Staff	2179275942	normal	Staves
Base (Tier 04) Gnarled Staff	2179275943	normal	Staves
Base (Tier 05) Bone Staff	2179275944	normal	Staves
Base (Tier 06) Battle Staff	2179275945	normal	Staves
Base (Tier 07) War Staff	2179275946	normal	Staves
Base (Tier 08) Mentor Staff	2179277029	normal	Staves
Base (Tier 09) Obsidian Staff	2179277030	normal	Staves
Base (Tier 10) Petrified Staff	2179277031	normal	Staves
Base (Tier 11) Elder Staff	2179277032	normal	Staves
Base (Tier 12) Shamanic Staff	2179277033	normal	Staves
Base (Tier 13) High Priest Staff	2179277034	normal	Staves
Base (Tier 14) Arcane Staff	2179277035	normal	Staves
Base (Tier 15) Hyperion Staff	2179278118	normal	Staves
Base (Tier 16) Stygian Staff	2179278119	normal	Staves
Base (Tier 17) Primordial Staff	2179278120	primal	Staves
Base (Tier 18) Archaic Staff	2179278121	normal	Staves
Base (Tier 19) Conquest Staff	2179278122	normal	Staves
Base (Tier 20) Mythical Staff	2179278123	normal	Staves
Base (Tier 21) Sovereign Staff	2179278124	normal	Staves
Base (Tier 22) Caduceus Staff	2179279207	normal	Staves
Base (Tier 23) Kerykeion	2179279208	normal	Staves
Horadric Cache: HoradricCacheA3Torment10	2180247998	normal	Caches
Horadric Cache: HoradricCacheA3Torment11	2180247999	normal	Caches
Horadric Cache: HoradricCacheA3Torment12	2180248000	normal	Caches
Horadric Cache: HoradricCacheA3Torment13	2180248001	normal	Caches
Shimmering Quill	2180585193	normal	Crafting Components
Sydyru Bone	2181519555	normal	Crafting Components
Design: Royal Topaz	2181889919	normal	Jeweler Design
Design: Flawless Royal Topaz	2181925880	normal	Jeweler Design
Legendary: Manticore (Patch 2.6.1) CRUSADER	2184464892	legendary	Crossbows
World Cache: WorldBonusBagT1	2186203646	normal	Caches
World Cache: WorldBonusBagT2	2186203647	normal	Caches
World Cache: WorldBonusBagT3	2186203648	normal	Caches
World Cache: WorldBonusBagT4	2186203649	normal	Caches
World Cache: WorldBonusBagT5	2186203650	normal	Caches
World Cache: WorldBonusBagT6	2186203651	normal	Caches
World Cache: WorldBonusBagT7	2186203652	normal	Caches
World Cache: WorldBonusBagT8	2186203653	normal	Caches
World Cache: WorldBonusBagT9	2186203654	normal	Caches
Ramaladni's Gift (Patch 2.1.0)	2186644972	normal	Consumables
Pet: Haunting Hannah (Patch 2.4.0)	4084520547	normal	Pets
Mysterious Journal, Part 1	2191008006	normal	Lore
Mysterious Journal, Part 2	2191008007	normal	Lore
Mysterious Journal, Part 3	2191008008	normal	Lore
Mysterious Journal, Part 4	2191008009	normal	Lore
Mysterious Journal, Part 5	2191008010	normal	Lore
Testing: Sherman Signet All	2199672600	normal	Rings
Testing: Sherman Signet Attack	2199672872	normal	Rings
Testing: Sherman Signet Defense	2199675630	normal	Rings
Testing: Sherman Signet Vitality	2199695378	normal	Rings
Legendary: Balance (Patch 2.4.0) MONK	2201843852	legendary	Daibos
Legendary: Dawn (Patch 2.4.0) DEMON HUNTER	2202800420	legendary	Hand Crossbows
Base (Tier 01) Short Bow	2203463224	normal	Bows
Base (Tier 02) Warden Bow	2203463225	normal	Bows
Base (Tier 03) Long Bow	2203463226	normal	Bows
Base (Tier 04) Recurve Bow	2203463227	normal	Bows
Base (Tier 05) Hunting Bow	2203463228	normal	Bows
Base (Tier 06) Battle Bow	2203463229	normal	Bows
Base (Tier 07) Siege Bow	2203464313	normal	Bows
Base (Tier 08) Maruki	2203464314	normal	Bows
Base (Tier 09) Yumi	2203464315	normal	Bows
Base (Tier 10) Composite Bow	2203464316	normal	Bows
Base (Tier 11) Daikyu	2203464317	normal	Bows
Base (Tier 12) Hankyu	2203464318	normal	Bows
Base (Tier 13) Higoyumi	2203465402	normal	Bows
Base (Tier 14) Ranger Bow	2203465403	normal	Bows
Base (Tier 15) Longshot Bow	2203465404	normal	Bows
Base (Tier 16) Sniper Bow	2203465405	normal	Bows
Base (Tier 17) Phantom Bow	2203465406	normal	Bows
Base (Tier 18) Revenant Bow	2203465407	normal	Bows
Base (Tier 19) Twinbow	2203466491	normal	Bows
Base (Tier 20) Doubleshot	2203466492	normal	Bows
Legendary: Sin Seekers (Patch 2.4.0) DEMON HUNTER	2204177253	legendary	Quivers
Blood-Magic Blade	2221453065	magic	Daggers
Blood-Magic Blade	2221455509	magic	Daggers
Legendary: Swamp Land Waders (Patch 2.4.1) WITCH DOCTOR	2221758816	legendary	Pants
Wings: Auriel's Favor (Patch 2.3.0)	2222542490	normal	Wings
Wings: The Pillars of Heaven (Patch 2.2.0)	2222725144	normal	Wings
Galvanized Vest (Demon Hunter Set: Gears of Dreadlands)	2228376571	set	Cloaks
Bonus Cache: BonusAct3BagHard	2230699291	normal	Caches
Natalya's Touch (Demon Hunter Set: Natalya's Vengeance)	4088810343	set	Gloves
Tal Rasha's Grasp (Wizard Set: Tal Rasha's Elements)	4088810344	set	Gloves
Zunimassa's Finger Wraps (Witchdoctor Set: Zunimassa's Haunt)	4088810345	set	Gloves
Inna's Hold (Monk Set: Inna's Mantra)	4088810346	set	Gloves
Legendary: Standoff (Patch 2.6.1) BARBARIAN	2240088188	legendary	Polearms
Horadric Cache: HoradricCacheA4Torment10	2248049375	normal	Caches
Horadric Cache: HoradricCacheA4Torment11	2248049376	normal	Caches
Horadric Cache: HoradricCacheA4Torment12	2248049377	normal	Caches
Horadric Cache: HoradricCacheA4Torment13	2248049378	normal	Caches
Pestilence Defense (Necromancer Set: Pestilence Master's Shroud)	2255005874	set	Shoulders
Mystery Boots	2268859294	normal	NPC Items
Legendary: Sword Of Justice Tyrael	2269201899	legendary	Swords, One-Handed
Asheara's Guard (Set: Asheara's Uniform)	4092721991	set	Shoulders
Asheara's Guard (Set: Asheara's Uniform)	4092724435	set	Shoulders
Legendary: Giant Cleaver (Patch 2.3.0)	2273728106	legendary	Mighty Weapons, Two-Handed
Bottomless Potion of the Tower	2276259498	normal	Potion
Bottomless Potion of the Diamond	2276259499	normal	Potion
Bottomless Potion of Regeneration	2276259500	normal	Potion
Bottomless Potion of the Leech	2276259501	normal	Potion
Bottomless Potion of Mutilation	2276259502	normal	Potion
Bottomless Potion of Kulle-Aid	2276259503	normal	Potion
Bottomless Potion of Rejuvenation	2276259504	normal	Potion
Bottomless Potion of Fear	2276259505	normal	Potion
Bottomless Potion of Amplification	2276259506	normal	Potion
Legendary: Bottomless Potion of Chaos	2276259530	legendary	Potion
Bottomless Potion of the Unfettered	2276259531	normal	Potion
Plan: Exalted Dread Shield	2279918188	normal	Blacksmith Plan
Plan: Exalted Fine Dread Shield	2279918189	normal	Blacksmith Plan
Plan: Exalted Grand Dread Shield	2279918190	normal	Blacksmith Plan
Templar Object 1 [TEMP]	2281215644	normal	Templar Relic
Mystery Pants	2284957981	normal	NPC Items
Town Portal	2287228721	normal	Drop Items
Professional Russian's Freeze Proc Bow	2290761614	normal	Developer Weapons
Plan: Blood-Magic Edge	2294071285	magic	Blacksmith Plan
Vanishing Dye	2294518376	normal	Dye
Tome of Set Dungeons, page 121	2294728388	set	Lore
Legendary: Mask of Scarlet Death (Patch 2.6.0) NECROMANCER	2301328345	legendary	Helms
Legendary: Fate's Vow (Patch 2.6.0) NECROMANCER	2301328346	legendary	Helms
Black Mushroom	2301417192	normal	Crafting Components
Roland's Visage (Crusader Set: Roland's Legacy)	2301652423	set	Helms
Helm of the Wastes (Barbarian Set: Wrath of the Wastes)	2301652424	set	Helms
Uliana's Spirit (Monk Set: Uliana's Stratagem)	2301652425	set	Helms
Shrouded Mask (Wizard Set: Delsere's Magnum Opus)	2301688361	set	Helms
Arachyr's Visage (Witchdoctor Set: Spirit of Arachyr)	2301688362	set	Helms
Accursed Visage (Demon Hunter Set: Unhallowed Essence)	2301724298	set	Helms
Crown of the Light (Crusader Set: Seeker of the Light)	2301724299	set	Helms
Raekor's Will (Barbarian Set: The Legacy of Raekor)	2301796435	set	Helms
Firebird's Plume (Wizard Set: Firebird's Finery)	2301832372	set	Helms
Marauder's Visage (Demon Hunter Set: Embodiment of the Marauder)	2301868309	set	Helms
Mask of the Searing Sky (Monk Set: Raiment of a Thousand Storms)	2301904246	set	Helms
Jade Harvester's Wisdom (Witchdoctor Set: Raiment of the Jade Harvester)	2301940183	set	Helms
Helm of Akkhan (Crusader Set: Armor of Akkhan)	2302802671	set	Helms
Sunwuko's Crown (Monk Set: Monkey King's Garb)	2302838608	set	Helms
Crown of the Invoker (Crusader Set: Thorns of the Invoker)	2302874545	set	Helms
Vyr's Sightless Skull (Wizard Set: Vyr's Amazing Arcana)	2302910482	set	Helms
The Shadow's Mask (Demon Hunter Set: The Shadow’s Mantle)	2302946419	set	Helms
Eyes of the Earth (Barbarian Set: Might of the Earth)	2302982356	set	Helms
Helltooth Mask (Witchdoctor Set: Helltooth Harness)	2303018293	set	Helms
Steel Tome	2303806475	normal	Lore
PowerGlobe	2304343126	normal	Consumables
Legendary: Vigilance	2306922430	legendary	Polearms
Legendary: Pledge of Caldeum	2306958367	legendary	Polearms
Legendary: Heart Slaughter (Patch 2.1.0)	2306994040	legendary	Polearms
Legendary: Heart Slaughter	2306994304	legendary	Polearms
Legendary: Standoff	2307030241	legendary	Polearms
Fuad's Journal	2308254478	normal	Lore
Roland's Mantle (Crusader Set: Roland's Legacy)	2313055591	set	Shoulders
Pauldrons of the Wastes (Barbarian Set: Wrath of the Wastes)	2313055592	set	Shoulders
Uliana's Strength (Monk Set: Uliana's Stratagem)	2313055593	set	Shoulders
Dashing Pauldrons of Despair (Wizard Set: Delsere's Magnum Opus)	2313091529	set	Shoulders
Arachyr's Mantle (Witchdoctor Set: Spirit of Arachyr)	2313091530	set	Shoulders
Unsanctified Shoulders (Demon Hunter Set: Unhallowed Essence)	2313127466	set	Shoulders
Mountain of the Light (Crusader Set: Seeker of the Light)	2313127467	set	Shoulders
Raekor's Burden (Barbarian Set: The Legacy of Raekor)	2313199603	set	Shoulders
Firebird's Pinions (Wizard Set: Firebird's Finery)	2313235540	set	Shoulders
Marauder's Spines (Demon Hunter Set: Embodiment of the Marauder)	2313271477	set	Shoulders
Mantle of the Upside-Down Sinners (Monk Set: Raiment of a Thousand Storms)	2313307414	set	Shoulders
Jade Harvester's Joy (Witchdoctor Set: Raiment of the Jade Harvester)	2313343351	set	Shoulders
Pauldrons of Akkhan (Crusader Set: Armor of Akkhan)	2314205839	set	Shoulders
Sunwuko's Balance (Monk Set: Monkey King's Garb)	2314241776	set	Shoulders
Burden of the Invoker (Crusader Set: Thorns of the Invoker)	2314277713	set	Shoulders
Vyr's Proud Pauldrons (Wizard Set: Vyr's Amazing Arcana)	2314313650	set	Shoulders
The Shadow's Burden (Demon Hunter Set: The Shadow’s Mantle)	2314349587	set	Shoulders
Spires of the Earth (Barbarian Set: Might of the Earth)	2314385524	set	Shoulders
Helltooth Mantle (Witchdoctor Set: Helltooth Harness)	2314421461	set	Shoulders
Horadric Cache: HoradricCacheA5Torment10	2315850752	normal	Caches
Horadric Cache: HoradricCacheA5Torment11	2315850753	normal	Caches
Horadric Cache: HoradricCacheA5Torment12	2315850754	normal	Caches
Horadric Cache: HoradricCacheA5Torment13	2315850755	normal	Caches
A2C2SharkHide	2325918811	normal	NPC Items
Legendary: Mordullu's Promise (Patch 2.4.0) WITCH DOCTOR	2326354433	legendary	Axes, One-Handed
Wings: Galthrak the Unhinged (Patch 2.4.1)	2327409917	normal	Wings
Health Globe: HealthGlobe10	2332226016	normal	Misc
Health Globe: HealthGlobe15	2332226021	normal	Misc
Health Globe: HealthGlobe20	2332226049	normal	Misc
Health Globe: HealthGlobe25	2332226054	normal	Misc
Health Globe: HealthGlobe30	2332226082	normal	Misc
Health Globe: HealthGlobe35	2332226087	normal	Misc
Health Globe: HealthGlobe40	2332226115	normal	Misc
Health Globe: HealthGlobe45	2332226120	normal	Misc
Health Globe: HealthGlobe50	2332226148	normal	Misc
Health Globe: HealthGlobe55	2332226153	normal	Misc
Health Globe: HealthGlobe60	2332226181	normal	Misc
Health Globe: HealthGlobe65	2332226186	normal	Misc
Health Globe: HealthGlobe70	2332226214	normal	Misc
Health Globe: HealthGlobe75	2332226219	normal	Misc
Health Globe: HealthGlobe80	2332226247	normal	Misc
Health Globe: HealthGlobe85	2332226252	normal	Misc
Health Globe: HealthGlobe90	2332226280	normal	Misc
Health Globe: HealthGlobe95	2332226285	normal	Misc
Bones of the Matriarch	2333693773	normal	Quest
Bones of the Matriarch	2333693774	normal	Quest
Bones of the Matriarch	2333693775	normal	Quest
Common: Archangel's Staff of the Apocalypse (Patch 2.4.3)	2334824326	normal	Staves
Legendary: Homing Pads	2335181588	legendary	Shoulders
Legendary: Death Watch Mantle (Patch 2.2.0)	2335217262	legendary	Shoulders
Legendary: Death Watch Mantle	2335217525	legendary	Shoulders
Legendary: Vile Ward (Patch 2.1.0) BARBARIAN	2335253198	legendary	Shoulders
Legendary: Vile Ward BARBARIAN	2335253462	legendary	Shoulders
Born's Privilege (Set: Born's Command)	2335361273	set	Shoulders
Legendary: Corruption	2335397210	legendary	Shoulders
Aughild's Power (Set: Aughild's Authority)	2335433147	set	Shoulders
Demon's Aileron (Set: Demon's Hide)	2335469084	set	Shoulders
Asheara's Custodian (Set: Asheara's Vestments)	2336583131	set	Shoulders
Large Horadric Chest: DoubleBountyBagAct5Master	2340346463	normal	Misc
Testing: P2 combatStaff norm Legendary 01	2341706332	legendary	Staves
Legendary: Bovine Bardiche	2346057823	legendary	Polearms
Legendary: Foushee Voulge	2346093760	legendary	Polearms
Bonus Cache: BonusAct1BagExpert	2349206002	normal	Caches
Frame: Base Frame (Patch 2.2.0)	2350702305	normal	Portrait Frames
Frame: Paragon 1 (Patch 2.2.0)	2350702306	normal	Portrait Frames
Demon Trooper	2357682833	normal	Lore
Captain Crimson's Thrust (Set: Captain Crimson's Trimmings)	2358300841	set	Pants
Legendary: Heart of Darkness	2360826509	legendary	Sources
Legendary: Profane Pauldrons	2374316981	legendary	Shoulders
Legendary: Spaulders of Zakara	2374352918	legendary	Shoulders
Legendary: Pauldrons of the Skeleton King	2374388855	legendary	Shoulders
Gerudo Shoulders (Patch 2.6.4)	2376624096	normal	Shoulders
Health Potion: HealthPotion	2378895375	normal	Potion
Base (Tier 01) Star Helm (Patch 2.4.0)	2379311681	normal	Helms
Helm of the Cranial Crustacean (Patch 2.4.1)	2379311682	normal	Helms
Plan: Demon Claw	2383796319	normal	Blacksmith Plan
Despina's Journal	2388677118	normal	Lore
Plan: Rozpedin's Force	2390148748	normal	Blacksmith Plan
Plan: Lai Yui's Persuader	2390292496	normal	Blacksmith Plan
The Que-Hegan's Will (Patch 2.4.1)	2393753657	normal	Flails, One-Handed
Flail of Carnage (Patch 2.4.1)	2393753658	normal	Flails, One-Handed
The Spirit of the Zakarum (Patch 2.4.1)	2393753659	normal	Flails, Two-Handed
Templar's Chain (Patch 2.4.1)	2393753660	normal	Flails, One-Handed
Professional Russian's Slow Wand	2395899412	normal	Developer Weapons
Plan: Unending War	2399651020	normal	Blacksmith Plan
Legendary: Echoing Fury	2399691132	legendary	Maces, One-Handed
Legendary: Odyn Son	2399727069	legendary	Maces, One-Handed
Legendary: Neanderthal	2399763006	legendary	Maces, One-Handed
Legendary: Nutcracker	2399834880	legendary	Maces, One-Handed
Legendary: Telranden's Hand	2399906754	legendary	Maces, One-Handed
Legendary: Nailbiter	2399942691	legendary	Maces, One-Handed
Legendary: Devastator	2399978628	legendary	Maces, One-Handed
Legendary: Wirt's Original Leg	2400841116	legendary	Maces, One-Handed
Legendary: Sun Keeper	2400877053	legendary	Maces, One-Handed
Pet: Murkgoblin (Patch 2.3.0)	2401672920	normal	Pets
Legendary: Fragment of Destiny (Patch 2.4.0) WIZARD	2404377427	legendary	Wands
Adria's Journal, Part 5	2404637111	normal	Lore
PTR: Jewelry Pack	2407678220	normal	PTR Packs
Battlefield Reports	2410986670	normal	Lore
Legendary: Sword of Ill Will (Patch 2.4.0) DEMON HUNTER	2412262560	legendary	Swords, One-Handed
Enslaved Nightmare	2416360388	normal	Lore
Bonus Cache: BonusAct2BagExpert	2417007379	normal	Caches
Spider Queen Venom	2420678570	normal	NPC Items
Legendary: Karlei's Point (Patch 2.6.1) DEMON HUNTER	2424625647	legendary	Daggers
Legendary: Lord Greenstone's Fan (Patch 2.6.1) DEMON HUNTER	2424661584	legendary	Daggers
Carrion Nest	4107976891	normal	Lore
Art_Test_Shoulder_1	2425417275	normal	Testing: Art
Art_Test_Shoulder_2	2425417276	normal	Testing: Art
Art_Test_Shoulder_3	2425417277	normal	Testing: Art
Art_Test_Shoulder_4	2425417278	normal	Testing: Art
Art_Test_Shoulder_5	2425417279	normal	Testing: Art
Art_Test_Shoulder_6	2425417280	normal	Testing: Art
Art_Test_Shoulder_7	2425417281	normal	Testing: Art
Art_Test_Shoulder_8	2425417282	normal	Testing: Art
Art_Test_Shoulder_9	2425417283	normal	Testing: Art
Testing: Axe_1H_104 (Patch 2.6.6)	2425768597	normal	Developer Weapons
Cultist Orders	4108112466	normal	Lore
Demon Hand	2428115635	normal	Fist Weapons
Demon Hand	2428118079	normal	Fist Weapons
Pennant: Witch Doctor (Patch 2.4.0)	2428196920	normal	Pennants
Hulking Phasebeast	2430713925	normal	Lore
Frame: Angelic (Patch 2.2.0)	2431587061	normal	Portrait Frames
Frame: Deathshead (Patch 2.2.0)	2431587062	normal	Portrait Frames
Frame: Bone (Patch 2.2.0)	2431587063	normal	Portrait Frames
Frame: Thorns (Patch 2.2.0)	2431587064	normal	Portrait Frames
Frame: Steadfast (Patch 2.2.0)	2431587065	normal	Portrait Frames
Frame: Molton (Patch 2.2.0)	2431587066	normal	Portrait Frames
Frame: Stained Glass Teal (Patch 2.2.0)	2431587067	normal	Portrait Frames
Frame: Stained Glass Azure (Patch 2.2.0)	2431587068	normal	Portrait Frames
Frame: Stained Glass Red (Patch 2.2.0)	2431587069	normal	Portrait Frames
Frame: Stained Glass Yellow (Patch 2.2.0)	2431587093	normal	Portrait Frames
Frame: Stained Glass Orange (Patch 2.2.0)	2431587094	normal	Portrait Frames
Frame: Stained Glass Purple (Patch 2.2.0)	2431587095	normal	Portrait Frames
Frame: Whimseyshire (Patch 2.2.0)	2431587096	normal	Portrait Frames
Frame: Season 3 (Patch 2.2.0)	2431587097	normal	Portrait Frames
Frame: Storm (Patch 2.2.0)	2431587098	normal	Portrait Frames
Frame: Heart Of Darkness (Patch 2.3.0)	2431587099	normal	Portrait Frames
Frame: Viper's Seal (Patch 2.3.0)	2431587100	normal	Portrait Frames
Frame: Aranea (Patch 2.3.0)	2431587101	normal	Portrait Frames
Frame: Caldeum (Patch 2.3.0)	2431587102	normal	Portrait Frames
Frame: The Sign of Rakkis (Patch 2.3.0)	2431587126	normal	Portrait Frames
Frame: Sescheron (Patch 2.3.0)	2431587127	normal	Portrait Frames
Frame: Jade Serpent (Patch 2.3.0)	2431587128	normal	Portrait Frames
Lyndo's Journal	2433048951	normal	Lore
Plan: Ruinstoke	2433265181	normal	Blacksmith Plan
Legendary: Mad Monarch's Scepter	2438826525	legendary	Maces, One-Handed
Legendary: Solanium	2438862462	legendary	Maces, One-Handed
Legendary: Jace's Hammer of Vigilance CRUSADER	2438898399	legendary	Maces, One-Handed
Giant Skull	2440884611	normal	Helms
Giant Skull	2440887055	normal	Helms
Legendary: Starfire (Patch 2.4.2) WIZARD	2442086991	legendary	Wands
Odyssey's End (Patch 2.6.9)	2442828366	normal	Bows
Leonine Bow Of Hashir (Patch 2.6.9)	2442828367	normal	Bows
Pet: Murkromancer (Patch 2.6.1)	2443332852	normal	Pets
Testing: Art Test CombatStaff Two-Handed 1	2445460248	normal	Testing: Art
Art_Test_CombatStaff_2H_2	2445460249	normal	Testing: Art
Art_Test_CombatStaff_2H_3	2445460250	normal	Testing: Art
Art_Test_CombatStaff_2H_4	2445460251	normal	Testing: Art
Art_Test_CombatStaff_2H_5	2445460252	normal	Testing: Art
Natalya's Leggings (Demon Hunter Set: Natalya's Vengeance)	4110193821	set	Pants
Immortal King's Stature (Barbarian Set: Immortal King's Call)	4110193822	set	Pants
Tal Rasha's Stride (Wizard Set: Tal Rasha's Elements)	4110193823	set	Pants
Zunimassa's Cloth (Witchdoctor Set: Zunimassa's Haunt)	4110193824	set	Pants
World Cache: WorldBonusBag	2447259801	normal	Caches
Plan: Skelon's Deceit	2448296048	normal	Blacksmith Plan
amiibo Portal	2449244339	normal	Portal Device
Mystery Quiver	2451845299	normal	NPC Items
Orders from Maghda	4110836208	normal	Lore
The Inquisitor	2456731761	normal	Cloaks
Natalya's Shadow (Set: Natalya's Wrath)	2456731765	set	Cloaks
Shadowclone Mojo	2463598859	normal	Developer Weapons
Frame: Industrial (Patch 2.6.9)	4111980878	normal	Portrait Frames
Hallowed Hand (Set: Hallowed Defenders)	2468436949	set	Fist Weapons
Hallowed Hand (Set: Hallowed Defenders)	2468439393	set	Fist Weapons
Dark Cultist	2470083707	normal	Lore
Writhing Spine	2470811344	normal	Crafting Components
Large Horadric Chest: DoubleBountyBagAct2Expert	2474979176	normal	Misc
The Helm of Command	2476462241	normal	Helms
The Helm of Command	2476464685	normal	Helms
Cain's Memory (Set: Cain's Fate)	2477648162	set	Helms
Cain's Memory (Set: Cain's Fate)	2477650606	set	Helms
PTR: Wizard Sets	2479043314	set	PTR Packs
Wings: Fingers of Terror (Patch 2.2.0)	2479192435	normal	Wings
Aughild's Peak (Set: Aughild's Victory)	2480020004	set	Helms
Aughild's Peak (Set: Aughild's Victory)	2480022448	set	Helms
Guardian's Foresight (Set: Guardian's Contingency)	2481205925	set	Helms
Guardian's Foresight (Set: Guardian's Contingency)	2481208369	set	Helms
Legendary: The Johnstone (Patch 2.6.0) NECROMANCER	2482005347	legendary	Amulets
Legendary: Haunted Visions (Patch 2.6.0) NECROMANCER	2482005348	legendary	Amulets
Haunted Visions (Patch 2.6.9)	2648435581	normal	Amulets
Legendary: Wisdom of Kalan (Patch 2.6.0) NECROMANCER	2482005349	legendary	Amulets
Sage's Orbit (Set: Sage's Plight)	2482391846	set	Helms
Sage's Orbit (Set: Sage's Plight)	2482394290	set	Helms
Cauldron of Jordan	2482846051	normal	Junk
Skelon's Dice	2484021765	normal	Crafting Components
Bonus Cache: BonusAct3BagExpert	2484808756	normal	Caches
Legendary: Wirt's Leg (Patch 2.4.3)	2492975421	legendary	Maces, One-Handed
Valthek's Rebuke (Staff)	2493821378	normal	_2.6.10
Fire Brand	4115055773	normal	Axes, Two-Handed
Caravan Inventory List	2497324792	normal	NPC Items
Design: Hellfire Ring	2502948007	normal	Jeweler Design
Legendary: Golden Scourge	2503771951	legendary	Flails, One-Handed
Legendary: Justinian's Mercy CRUSADER	2503807888	legendary	Flails, One-Handed
Legendary: Swiftmount CRUSADER	2503843825	legendary	Flails, One-Handed
Legendary: Kassar's Retribution CRUSADER	2503879762	legendary	Flails, One-Handed
Legendary: Gyrfalcon's Foote CRUSADER	2503915699	legendary	Flails, One-Handed
Legendary: Darklight CRUSADER	2503951636	legendary	Flails, One-Handed
Legendary: Inviolable Faith	2503987573	legendary	Flails, One-Handed
Design: Royal Amethyst	2505548256	normal	Jeweler Design
Design: Flawless Royal Amethyst	2505584217	normal	Jeweler Design
Legendary: Blade of Prophecy (Patch 2.6.1) CRUSADER	2508903762	legendary	Swords, Two-Handed
Testing: Shortsword	2509479660	normal	Swords, One-Handed
Testing: Mighty Longsword	2509479661	normal	Swords, One-Handed
Blood Cultist	2510238663	normal	Lore
Mystery Shield	2514680816	normal	NPC Items
Hound Pack Leader	2515991521	normal	Lore
Rathma's Ossified Sabatons (Necromancer Set: Bones of Rathma)	2517578685	set	Boots
Rathma's Ribcage Plate (Necromancer Set: Bones of Rathma)	2518502125	set	Chest Armor
Plan: Spite	2519988668	normal	Blacksmith Plan
Bonus Cache: Bonus_Act1_Bag_1-69	4118361476	normal	Caches
Zoltun Kulle	2529993083	normal	Unknown
Demon Skin	2533035859	normal	Crafting Components
Rathma's Skeletal Legplates (Necromancer Set: Bones of Rathma)	2533677372	set	Pants
Professional Russian's Fast Sword	2535123066	normal	Developer Weapons
Horadric Cache: HoradricCacheA3Torment2	2538928079	normal	Caches
Horadric Cache: HoradricCacheA3Torment3	2538928080	normal	Caches
Horadric Cache: HoradricCacheA3Torment4	2538928081	normal	Caches
Horadric Cache: HoradricCacheA3Torment5	2538928082	normal	Caches
Horadric Cache: HoradricCacheA3Torment6	2538928083	normal	Caches
Horadric Cache: HoradricCacheA3Torment7	2538928084	normal	Caches
Horadric Cache: HoradricCacheA3Torment8	2538928085	normal	Caches
Horadric Cache: HoradricCacheA3Torment9	2538928086	normal	Caches
Kingsport Bill	2539786691	normal	Lore
Sword 1H PvP 10 (Patch 2.5.0)	2548904828	normal	Developer Weapons
Sword 1H PvP 40 (Patch 2.5.0)	2548904927	normal	Developer Weapons
Sword 1H PvP 70 (Patch 2.5.0)	2548905026	normal	Developer Weapons
Rathma's Skull Helm (Necromancer Set: Bones of Rathma)	2549354844	set	Helms
Professional Russian's Fear Proc Sword	2549461906	normal	Developer Weapons
Pennant: Crusader (Patch 2.4.0)	2551831958	normal	Pennants
Bonus Cache: BonusAct4BagExpert	2552610133	normal	Caches
Wings: Prime Evil Wings (Patch 2.6.9)	2552747379	normal	Wings
Legendary: Demon Machine	4120783854	legendary	Crossbows
Legendary: Hellrack	4120819791	legendary	Crossbows
Legendary: Manticore	4120855728	legendary	Crossbows
Legendary: Arcane Barb	4120891665	legendary	Crossbows
Legendary: Bakkan Caster	4120963539	legendary	Crossbows
CupCake05	2555075761	normal	Junk
Blade Wings	2558096518	normal	Wings
Emerald (Tier 01) Chipped Emerald	2561578490	normal	Gems
Emerald (Tier 02) Flawed Emerald	2561578491	normal	Gems
Emerald (Tier 03) Emerald	2561578492	normal	Gems
Emerald (Tier 04) Flawless Emerald	2561578493	normal	Gems
Emerald (Tier 05) Perfect Emerald	2561578494	normal	Gems
Emerald (Tier 06) Radiant Emerald	2561578495	normal	Gems
Emerald (Tier 07) Square Emerald	2561578496	normal	Gems
Emerald (Tier 08) Flawless Square Emerald	2561578497	normal	Gems
Emerald (Tier 09) Perfect Square Emerald	2561578498	normal	Gems
Emerald (Tier 10) Radiant Square Emerald	2561578522	normal	Gems
Emerald (Tier 11) Star Emerald	2561578523	normal	Gems
Emerald (Tier 12) Flawless Star Emerald	2561578524	normal	Gems
Emerald (Tier 13) Perfect Star Emerald	2561578525	normal	Gems
Emerald (Tier 14) Radiant Star Emerald	2561578526	normal	Gems
Emerald (Tier 15) Marquise Emerald	2561578527	normal	Gems
Emerald (Tier 16) Imperial Emerald	2561578528	normal	Gems
Emerald (Tier 17) Flawless Imperial Emerald	2561578529	normal	Gems
Emerald (Tier 18) Royal Emerald	2561578530	normal	Gems
Emerald (Tier 19) Flawless Royal Emerald	2561578531	normal	Gems
Bonus Cache: BonusAct2BagHard	2561929274	normal	Caches
Legendary: Buriza-Do Kyanon DEMON HUNTER	4121969775	legendary	Crossbows
Legendary: Pus Spitter	4122005712	legendary	Crossbows
Essence of the Twin Seas	2569040718	normal	Crafting Components
Legends of the Conqueror Volume 1 (Patch 2.1.0)	2571513151	normal	Consumables
Vidian, Lord of Envy	2571863761	normal	Lore
Pennant: Pig (Patch 2.4.0)	2575751604	normal	Pennants
Design: Royal Ruby	2576349779	normal	Jeweler Design
Design: Flawless Royal Ruby	2576385740	normal	Jeweler Design
Cydaea, the Maiden of Lust	2577795768	normal	Lore
Art_Test_VoodooMask_1	2578231031	normal	Testing: Art
Art_Test_VoodooMask_2	2578231032	normal	Testing: Art
Art_Test_VoodooMask_3	2578231033	normal	Testing: Art
Art_Test_VoodooMask_4	2578231034	normal	Testing: Art
Art_Test_VoodooMask_5	2578231035	normal	Testing: Art
Shadow of Death	2579042748	normal	Lore
Frame: Barbarian (Patch 2.4.0)	2586361111	normal	Portrait Frames
Trag'Oul's Guise (Necromancer Set: Trag'Oul's Avatar)	2588490237	set	Helms
Wings of the Betrayer	2590476058	normal	Wings
Shen's Loot	2591779987	normal	NPC Items
Heroic Health Potion	2591896809	normal	Potion
Rift Keystone Fragment	2596831068	normal	Keys
Carrion Bat	2597330904	normal	Lore
Charm Clumsy (Patch 2.5.0)	2598982215	normal	Junk
Professional Russian's Bow	2602271991	normal	Developer Weapons
Quick Draw Belt	2603604036	normal	Belts
Quick Draw Belt	2603606480	normal	Belts
Blood Shard	2603730171	normal	Consumables
Plan: Exalted Crag Hammer	2604734346	normal	Blacksmith Plan
Plan: Exalted Fine Crag Hammer	2604734347	normal	Blacksmith Plan
Plan: Exalted Grand Crag Hammer	2604734348	normal	Blacksmith Plan
Plan: Lai Yui's Taiji	4126018656	normal	Blacksmith Plan
Plan: Exalted Slag Hammer	2605920267	normal	Blacksmith Plan
Plan: Exalted Fine Slag Hammer	2605920268	normal	Blacksmith Plan
Plan: Exalted Grand Slag Hammer	2605920269	normal	Blacksmith Plan
Frame: Blood Shard (Patch 2.4.0)	2608693639	normal	Portrait Frames
Frame: Blood Shard - Slayer (Patch 2.4.0)	2608693640	normal	Portrait Frames
Frame: Blood Shard - Champion (Patch 2.4.0)	2608693641	normal	Portrait Frames
Frame: Blood Shard - Destroyer (Patch 2.4.0)	2608693642	normal	Portrait Frames
Frame: Blood Shard - Conqueror (Patch 2.4.0)	2608693643	normal	Portrait Frames
Frame: Blood Shard - Guardian (Patch 2.4.0)	2608693644	normal	Portrait Frames
Bonus Cache: BonusAct5BagExpert	2620411510	normal	Caches
Infernal Machine of War	2622355732	normal	Consumables
Falcon's Wings	4128113826	normal	Wings
Pennant: cos pennant wdSigil 01 (Patch 2.3.0)	2626988266	normal	Pennants
Common: The Butcher's Cleaver (Patch 2.4.3)	2627338352	normal	Axes, One-Handed
Bitterness	2627495856	normal	Mojos
Bitterness	2627498300	normal	Mojos
Inarius's Understanding (Necromancer Set: Grace of Inarius)	2627625630	set	Helms
Legendary: Khassett's Cord of Righteousness (Patch 2.4.2) CRUSADER	2629393008	legendary	Belts
Corvian Hunter	2630533078	normal	Lore
Plan: Exalted Massacre Axe	2633114480	normal	Blacksmith Plan
Plan: Exalted Fine Massacre Axe	2633114481	normal	Blacksmith Plan
Plan: Exalted Grand Massacre Axe	2633114482	normal	Blacksmith Plan
Queen Asylla's Journal	2633396709	normal	NPC Items
Plan: Exalted Behemoth	2634300401	normal	Blacksmith Plan
Plan: Exalted Fine Behemoth	2634300402	normal	Blacksmith Plan
Plan: Exalted Grand Behemoth	2634300403	normal	Blacksmith Plan
Bonus Cache: BonusAct1BagMaster	2635136678	normal	Caches
Plan: Razorspikes of Dexterity	2638939379	normal	Blacksmith Plan
Base (Tier 01) Club	2638941118	normal	Maces, One-Handed
Base (Tier 02) Cudgel	2638941119	normal	Maces, One-Handed
Base (Tier 03) Morning Star	2638941120	normal	Maces, One-Handed
Base (Tier 04) Mace	2638941121	normal	Maces, One-Handed
Base (Tier 05) Flanged Mace	2638941122	normal	Maces, One-Handed
Base (Tier 06) Hammer	2638941123	normal	Maces, One-Handed
Base (Tier 07) War Gavel	2638941124	normal	Maces, One-Handed
Base (Tier 08) Bludgeon	2638942207	normal	Maces, One-Handed
Base (Tier 09) Spiked Baton	2638942208	normal	Maces, One-Handed
Base (Tier 10) War Mace	2638942209	normal	Maces, One-Handed
Base (Tier 11) Gada	2638942210	normal	Maces, One-Handed
Base (Tier 12) Pernach	2638942211	normal	Maces, One-Handed
Base (Tier 13) Heavy Hammer	2638942212	normal	Maces, One-Handed
Base (Tier 14) War Hammer	2638942213	normal	Maces, One-Handed
Base (Tier 15) Skull Crusher	2638943296	normal	Maces, One-Handed
Base (Tier 16) Truncheon	2638943297	normal	Maces, One-Handed
Base (Tier 17) Death Mace	2638943298	normal	Maces, One-Handed
Base (Tier 18) Tripyor	2638943299	normal	Maces, One-Handed
Base (Tier 19) Goedendag	2638943300	normal	Maces, One-Handed
Base (Tier 20) Crag Hammer	2638943301	normal	Maces, One-Handed
Base (Tier 21) Demolisher	2638943302	normal	Maces, One-Handed
Base (Tier 22) Brutalizer	2638944385	normal	Maces, One-Handed
Base (Tier 23) Skullsplitter	2638944386	normal	Maces, One-Handed
Plan: Razorspikes of Intelligence	2638945117	normal	Blacksmith Plan
Plan: Razorspikes of Strength	2638956203	normal	Blacksmith Plan
Plan: Razorspikes of Vitality	2638959109	normal	Blacksmith Plan
Plan: Robes of the Rydraelm	2640281409	normal	Blacksmith Plan
Captain Crimson's Satin Sash (Set: Captain Crimson's Finery)	2640367587	set	Belts
Captain Crimson's Satin Sash (Set: Captain Crimson's Finery)	2640370031	set	Belts
Guardian's Sheath (Set: Guardian's Contingency)	2641553508	set	Belts
Guardian's Sheath (Set: Guardian's Contingency)	2641555952	set	Belts
Demon's Lock (Set: Demon's Skin)	2642739429	set	Belts
Demon's Lock (Set: Demon's Skin)	2642741873	set	Belts
Pennant: Horse (Patch 2.4.0)	2644729685	normal	Pennants
Pennant: Rat (Patch 2.4.0)	2645002203	normal	Pennants
Pet: Ten Pounder (Patch 2.2.0)	2647152737	normal	Pets
Pennant: Barbarian Ascendant (Patch 2.4.0)	2650297361	normal	Pennants
Pennant: Monk Ascendant (Patch 2.4.0)	2650707791	normal	Pennants
Wings: Echoes of The Mask (Purple Wings) (Patch 2.6.4)	2653514096	normal	Wings
Orbs: Challenge Rift (Bdawgg's damned blue orb)	2654164716	normal	Consumables
The Desert Aqueducts, Part 1	4130937297	normal	Lore
The Desert Aqueducts, Part 2	4130937298	normal	Lore
Book of Blood	2655424783	normal	Lore
Plan: Gehennas	2655456656	normal	Blacksmith Plan
Rare Gift	2665211621	rare	Consumables
Pestilence Mask (Necromancer Set: Pestilence Master's Shroud)	2666761023	set	Helms
Horadric Cache: HoradricCacheA4Expert	2669619501	normal	Caches
Idol of Terror	2670343450	normal	Crafting Components
Rathma's Spikes (Necromancer Set: Bones of Rathma)	4132604143	set	Shoulders
Base (Tier 01) Two-Handed Club	2678076511	normal	Maces, Two-Handed
Base (Tier 02) "Maces, Two-Handed	2678076512	normal	Maces, Two-Handed
Base (Tier 03) Two-Handed Hammer	2678076513	normal	Maces, Two-Handed
Base (Tier 04) Maul	2678076514	normal	Maces, Two-Handed
Base (Tier 05) Mallet	2678076515	normal	Maces, Two-Handed
Base (Tier 06) Great Hammer	2678076516	normal	Maces, Two-Handed
Base (Tier 07) Dire Club	2678077600	normal	Maces, Two-Handed
Base (Tier 08) Dire Mace	2678077601	normal	Maces, Two-Handed
Base (Tier 09) Sledge Hammer	2678077602	normal	Maces, Two-Handed
Base (Tier 10) Great Maul	2678077603	normal	Maces, Two-Handed
Base (Tier 11) War Mallet	2678077604	normal	Maces, Two-Handed
Base (Tier 12) Rock Breaker	2678077605	normal	Maces, Two-Handed
Base (Tier 13) Wrecker	2678078689	normal	Maces, Two-Handed
Base (Tier 14) Dread Mace	2678078690	normal	Maces, Two-Handed
Base (Tier 15) War Sledge	2678078691	normal	Maces, Two-Handed
Base (Tier 16) War Maul	2678078692	normal	Maces, Two-Handed
Base (Tier 17) Slag Hammer	2678078693	normal	Maces, Two-Handed
Base (Tier 18) Doom Hammer	2678078694	normal	Maces, Two-Handed
Base (Tier 19) Royal Mace	2678079778	normal	Maces, Two-Handed
Base (Tier 20) Persuader	2678079779	normal	Maces, Two-Handed
Miser's Will	2686476358	normal	Lore
Plan: Guardian's Jeopardy	2689864150	normal	Blacksmith Plan
Poltahr's Notes	2690908363	normal	Lore
Lachdanan's Final Scroll	2698411174	normal	Lore
Legendary: Leah's Ring (PS3 Promo)	4135328380	legendary	Rings
Morgan's Journal, Part 1	2699750305	normal	Lore
Morgan's Journal, Part 2	2699750306	normal	Lore
Morgan's Journal, Part 3	2699750307	normal	Lore
Bonus Cache: BonusAct2BagMaster	2702938055	normal	Caches
Common: Griswold's Edge (Patch 2.4.3)	2709069634	normal	Swords, One-Handed
Arcane Dust	2709165134	normal	Crafting Components
CupCake10	2713121405	normal	Junk
CupCake15	2713121410	normal	Junk
CupCake20	2713121438	normal	Junk
CupCake25	2713121443	normal	Junk
CupCake30	2713121471	normal	Junk
CupCake35	2713121476	normal	Junk
CupCake40	2713121504	normal	Junk
Tome of Set Dungeons, page 126	2714609036	set	Lore
Eirena's Journal	2717378186	normal	Lore
Horadric Cache: HoradricCacheA1	2719312434	normal	Caches
Horadric Cache: HoradricCacheA2	2719312435	normal	Caches
Horadric Cache: HoradricCacheA3	2719312436	normal	Caches
Horadric Cache: HoradricCacheA4	2719312437	normal	Caches
Horadric Cache: HoradricCacheA5	2719312438	normal	Caches
Etched Sigil (Sources)	2721867056	normal	_2.6.10
Winter Flurry (Sources)	2721867059	normal	_2.6.10
Tormented Stinger	2725860065	normal	Lore
Warscarred Ravager	2726959665	normal	Lore
Art_Test_Shoulder_10	2729358795	normal	Testing: Art
Art_Test_Shoulder_11	2729358796	normal	Testing: Art
Art_Test_Shoulder_12	2729358797	normal	Testing: Art
Art_Test_Shoulder_13	2729358798	normal	Testing: Art
Art_Test_Shoulder_14	2729358799	normal	Testing: Art
Art_Test_Shoulder_15	2729358800	normal	Testing: Art
Art_Test_Shoulder_16	2729358801	normal	Testing: Art
Art_Test_Shoulder_17	2729358802	normal	Testing: Art
Art_Test_Shoulder_18	2729358803	normal	Testing: Art
Season 3	2732665546	normal	Pennants
Art_Test_Polearm_1	2736607941	normal	Testing: Art
Art_Test_Polearm_2	2736607942	normal	Testing: Art
Art_Test_Polearm_3	2736607943	normal	Testing: Art
Art_Test_Polearm_4	2736607944	normal	Testing: Art
Art_Test_Polearm_5	2736607945	normal	Testing: Art
Legendary: Butcher's Carver	2739303205	legendary	Axes, Two-Handed
Legendary: The Executioner	2739375079	legendary	Axes, Two-Handed
Legendary: Skorn	2739590701	legendary	Axes, Two-Handed
Legendary: Cinder Switch	2740453189	legendary	Axes, Two-Handed
Legendary: Messerschmidt's Reaver	2740489126	legendary	Axes, Two-Handed
Legendary: Nether Orb (Patch 2.3.0)	2741380727	legendary	Sources
The Accursed	2743514429	normal	Lore
Lesser Health Potion	2748478557	normal	Potion
Sunwuko's Shines (Monk Set: Monkey King's Garb)	2750462226	set	Amulets
Triforce Frame (Patch 2.6.4)	4140821779	normal	Portrait Frames
Design: Hellfire Amulet	2754487067	normal	Jeweler Design
Large Horadric Chest: DoubleBountyBagAct2Master	2760909852	normal	Misc
Base (Tier 01) Gloves	2761052992	normal	Gloves
Base (Tier 02) Leather Gloves	2761052993	normal	Gloves
Base (Tier 03) Hide Gloves	2761052994	normal	Gloves
Base (Tier 04) Chain Gloves	2761052995	normal	Gloves
Base (Tier 05) Gauntlets	2761052996	normal	Gloves
Base (Tier 06) Plated Gauntlets	2761052997	normal	Gloves
Base (Tier 07) Grips	2761054081	normal	Gloves
Base (Tier 08) Etched Gloves	2761054082	normal	Gloves
Base (Tier 09) Vambraces	2761054083	normal	Gloves
Base (Tier 10) Battle Gauntlets	2761054084	normal	Gloves
Base (Tier 11) Boneweave Gauntlets	2761054085	normal	Gloves
Base (Tier 12) Balor Fists	2761055170	normal	Gloves
Base (Tier 13) Manifers	2761055171	normal	Gloves
Base (Tier 14) Warlord Gauntlets	2761055172	normal	Gloves
Base (Tier 15) Stranglers	2761055173	normal	Gloves
Base (Tier 16) Sovereign Vambraces	2761055174	normal	Gloves
Base (Tier 17) Archon Gauntlets	2761055175	normal	Gloves
Base (Tier 18) Rakkisgard Gauntlets	2761055176	normal	Gloves
Base (Tier 19) Ascended Gauntlets	2761055177	normal	Gloves
Mephisto, the Lord of Hatred	2764166135	normal	Lore
Wings: Skeletal Wings (Patch 2.6.0)	2764892181	normal	Wings
Shadow Vermin	2765759466	normal	Lore
Pet: Mr Bear (Patch 2.2.0)	2767458418	normal	Pets
Pet: Blank Consumable (Patch 2.2.0)	2767458419	normal	Pets
Pet: Blank Consumable (Patch 2.2.0)	2767458420	normal	Pets
Pet: Overseer Lady Josephine (Patch 2.2.0)	2767458421	normal	Pets
Pet: Xiansai Bear (Patch 2.3.0)	2767458422	normal	Pets
Pet: Blaine's Bear (Patch 2.4.0)	2767458423	normal	Pets
Testing: Art Test Mace One-Handed 1	2767867331	normal	Testing: Art
Testing: Art Test Mace One-Handed 2	2767867332	normal	Testing: Art
Art_Test_Mace_1H_3	2767867333	normal	Testing: Art
Art_Test_Mace_1H_4	2767867334	normal	Testing: Art
Art_Test_Mace_1H_5	2767867335	normal	Testing: Art
Art_Test_Mace_2H_1	2767903268	normal	Testing: Art
Art_Test_Mace_2H_2	2767903269	normal	Testing: Art
Art_Test_Mace_2H_3	2767903270	normal	Testing: Art
Art_Test_Mace_2H_4	2767903271	normal	Testing: Art
Art_Test_Mace_2H_5	2767903272	normal	Testing: Art
Pet: That which must not be named(Patch 2.4.0)	2768450096	normal	Pets
Demonic Essence	4142478065	normal	Crafting Components
Bonus Cache: BonusAct3BagMaster	2770739432	normal	Caches
Base (Tier 2) Demonic Cinerary (Patch 2.6.0)	2773404443	normal	Phylacteries
Base (Tier 3) Dark Remains (Patch 2.6.0)	2773404444	normal	Phylacteries
Base (Tier 4) Peasant Heart (Patch 2.6.0)	2773404445	normal	Phylacteries
Base (Tier 6) Soul Prison (Patch 2.6.0)	2773440380	normal	Phylacteries
Base (Tier 7) Granite Heart (Patch 2.6.0)	2773440381	normal	Phylacteries
Base (Tier 8) Innocent Cinerary (Patch 2.6.0)	2773440382	normal	Phylacteries
Base (Tier 9) Cursed Reliquary (Patch 2.6.0)	2773440383	normal	Phylacteries
Base (Tier 10) Golem Heart (Patch 2.6.0)	2773440384	normal	Phylacteries
Base (Tier 11) Blasphemer's Cinerary (Patch 2.6.0)	2773440385	normal	Phylacteries
Base (Tier 12) Saint's Remains (Patch 2.6.0)	2773440386	normal	Phylacteries
Base (Tier 14) Horrifying Cinerary (Patch 2.6.0)	2773476317	normal	Phylacteries
Legendary: The Oculus WIZARD	2775742961	legendary	Sources
Legendary: Triumvirate	2775814835	legendary	Sources
Legendary: Cosmic Strand	2775850772	legendary	Sources
Legendary: Winter Flurry WIZARD	2775886709	legendary	Sources
Gravedigger's Log	2776584148	normal	Lore
Chantodo's Force (Wizard Set: Chantodo's Resolve)	2776928882	set	Sources
Tal Rasha's Unwavering Glare (Wizard Set: Tal Rasha's Elements)	2776964819	set	Sources
Legendary: The Marauder	2778438598	legendary	Axes, Two-Handed
Common: Sungjae's Fury	2778474535	normal	Axes, Two-Handed
Legendary: Burst of Wrath	2778510472	legendary	Axes, Two-Handed
Legendary: Saint of Slaughter	2778546409	legendary	Axes, Two-Handed
Legendary: Dead Man's Legacy (Patch 2.6.1)	2778658590	legendary	Quivers
Wretched Host	2781302745	normal	Lore
Base (Tier 01) Cloth Pants	2782235158	normal	Pants
Base (Tier 02) Leather Pants	2782235159	normal	Pants
Base (Tier 03) Hide Breeches	2782235160	normal	Pants
Base (Tier 04) Chain Leggings	2782235161	normal	Pants
Base (Tier 05) Faulds	2782235162	normal	Pants
Base (Tier 06) Plate Leggings	2782235163	normal	Pants
Base (Tier 07) Legwraps	2782236247	normal	Pants
Base (Tier 08) Etched Pants	2782236248	normal	Pants
Base (Tier 09) Chausses	2782236249	normal	Pants
Base (Tier 10) Tassets	2782236250	normal	Pants
Base (Tier 11) Boneweave Faulds	2782236251	normal	Pants
Base (Tier 12) Leg Guard	2782237336	normal	Pants
Base (Tier 13) Poleyns	2782237337	normal	Pants
Base (Tier 14) Warlord Leg Plates	2782237338	normal	Pants
Base (Tier 15) Schynbalds	2782237339	normal	Pants
Base (Tier 16) Sovereign Tassets	2782237340	normal	Pants
Base (Tier 17) Archon Faulds	2782237341	normal	Pants
Base (Tier 18) Rakkisgard Leg Plates	2782237342	normal	Pants
Base (Tier 19) Ascended Faulds	2782237343	normal	Pants
Legendary: Night's Reaping	2782417208	legendary	Mighty Weapons, One-Handed
Legendary: Blade of the Warlord	2782560956	legendary	Mighty Weapons, One-Handed
Legendary: Fjord Cutter	2782596893	legendary	Mighty Weapons, One-Handed
Bul-Kathos's Solemn Vow (Barbarian Set: Bul-Kathos's Oath)	2783567192	set	Mighty Weapon
Bul-Kathos's Warrior Blood (Barbarian Set: Bul-Kathos's Oath)	2783603129	set	Mighty Weapon
Legendary: Ambo's Pride	2783639066	legendary	Mighty Weapons, One-Handed
Hallowed Nemesis (Set: Hallowed Protectors)	2783746877	set	Mighty Weapon
Essence of Diamond (Patch 2.3.0)	2784290934	normal	Crafting Components
Set: Gerudo Leg Guards (Patch 2.6.4)	2784536248	set	Pants
Legendary: Wojahnni Assaulter (Patch 2.4.1) DEMON HUNTER	2785544700	legendary	Crossbows
Eternal Power Capsule	2787974302	normal	Crafting Components
Testing: Art Test Flails One-Handed 1	2788011381	normal	Testing: Art
Art_Test_Flail_1H_2	2788011382	normal	Testing: Art
Art_Test_Flail_1H_3	2788011383	normal	Testing: Art
Art_Test_Flail_1H_4	2788011384	normal	Testing: Art
Art_Test_Flail_1H_5	2788011385	normal	Testing: Art
Art_Test_Flail_2H_1	2788047318	normal	Testing: Art
Art_Test_Flail_2H_2	2788047319	normal	Testing: Art
Art_Test_Flail_2H_3	2788047320	normal	Testing: Art
Art_Test_Flail_2H_4	2788047321	normal	Testing: Art
Art_Test_Flail_2H_5	2788047322	normal	Testing: Art
Infernal Machine of Gluttony	2788723894	normal	Consumables
Resplendent Health Potion	2790599187	normal	Potion
Legendary: Lamentation(Patch 2.6.7)	2792187492	legendary	Mighty Belts
Typhon's Tibia (Wizard Set: The Typhon's Veil)	2795847558	set	Shoulders
Mundunugu's Descendant (Witchdoctor Set: Mundunugu's Regalia)	2795847559	set	Shoulders
Spines of Savages (Barbarian Set: Horde of the Ninety Savages)	2795847560	set	Shoulders
Stone Of Jordan (Patch 2.6.9)	2799261053	normal	Rings
Mystery Belt	2801903326	normal	NPC Items
P6 PTR Vendor RandomNecroLegendary (Patch 2.6.0)	2801980922	legendary	NPC Items
Mystery Helm	2802118941	normal	NPC Items
Mystery Mojo	2802309452	normal	NPC Items
Mystery Ring	2802482727	normal	NPC Items
Professional Russian's Chill Proc Bow	2805741618	normal	Developer Weapons
Mythic Health Potion	2811356445	normal	Potion
Legendary: Mirrorball WIZARD	2814878354	legendary	Sources
Legendary: Myken's Ball of Hate WIZARD	2814914291	legendary	Sources
Legendary: Light of Grace WIZARD	2814950228	legendary	Sources
Barbed Lurker	2816013591	normal	Lore
Frame: Witch Doctor (Patch 2.4.0)	2819867039	normal	Portrait Frames
Legendary: Manald Heal (Patch 2.4.3)	2820935254	legendary	Rings
Legendary: Remorseless	2821588538	legendary	Mighty Weapons, One-Handed
Dishonored Legacy	2821624475	normal	Mighty Weapon
Legendary: Deadeye's Mace (Patch 2.1.0)	2821956861	legendary	Maces, One-Handed
The Souls of Westmarch	2825500907	normal	Lore
Succubus	2826672256	normal	Lore
Zoltun Kulle Blood Vial	2830855380	normal	NPC Items
Plan: Staff of Herding	2831772274	normal	Blacksmith Plan
Greater Rift Keystone	2835237830	normal	Keys
Bonus Cache: BonusAct4BagMaster	2838540809	normal	Caches
Emerald (Tier 01) Emerald (Patch 2.3.0)	2838965538	normal	Gems
Emerald (Tier 02) Flawless Emerald (Patch 2.3.0)	2838965539	normal	Gems
Emerald (Tier 03) Square Emerald (Patch 2.3.0)	2838965540	normal	Gems
Emerald (Tier 04) Flawless Square Emerald (Patch 2.3.0)	2838965541	normal	Gems
Emerald (Tier 05) Star Emerald (Patch 2.3.0)	2838965542	normal	Gems
Emerald (Tier 06) Marquise Emerald (Patch 2.3.0)	2838965543	normal	Gems
Emerald (Tier 07) Imperial Emerald (Patch 2.3.0)	2838965544	normal	Gems
Emerald (Tier 08) Flawless Imperial Emerald (Patch 2.3.0)	2838965545	normal	Gems
Emerald (Tier 09) Royal Emerald (Patch 2.3.0)	2838965546	normal	Gems
Emerald (Tier 10) Flawless Royal Emerald (Patch 2.3.0)	2838965570	normal	Gems
Wings: The Light of Heaven (Patch 2.2.0)	2840660586	normal	Wings
The Chamber of Faces	2843546878	normal	Lore
Legendary: Pauldrons of the Hierarch (Patch 2.2.0)	2845225459	legendary	Shoulders
Starspine	2845361469	normal	Crossbows
Starspine	2845363913	normal	Crossbows
The Mortal Drama (Two-Handed Flail)	2847957902	normal	_2.6.10
Charm FastEnemy (Patch 2.5.0)	4150668822	normal	Junk
Antique Vintage Boots (Demon Hunter Set: Gears of Dreadlands)	2852926155	set	Boots
Don's Sword of Testing	2856671589	normal	Developer Weapons
Don's 2H Sword of Testing	2856671590	normal	Developer Weapons
Dev Carlos' Sword of Testing (Sword)	2896587827	normal	Developer Weapons
Steak10	2858048761	normal	Consumables
Steak15	2858048766	normal	Consumables
Steak20	2858048794	normal	Consumables
Steak25	2858048799	normal	Consumables
Steak30	2858048827	normal	Consumables
Steak35	2858048832	normal	Consumables
Steak40	2858048860	normal	Consumables
Professional Russian's Fast Wand	2861702269	normal	Developer Weapons
Key of Terror	4151833318	normal	Keys
Plan: Archfiend Arrows	2867449188	normal	Blacksmith Plan
Plan: Archon Gauntlets of Dexterity	2867621313	normal	Blacksmith Plan
Plan: Archon Gauntlets of Intelligence	2867627051	normal	Blacksmith Plan
Plan: Archon Gauntlets of Strength	2867638137	normal	Blacksmith Plan
Plan: Archon Gauntlets of Vitality	2867641043	normal	Blacksmith Plan
Plan: Devastator	2868356636	normal	Blacksmith Plan
Legendary: Infernal Helm	2869746221	legendary	Helms
Wings: Crimson Angelic Wings	2870514121	normal	Wings
Plan: Bitterness	2871398476	normal	Blacksmith Plan
Luxurious Bauta (Necromancer Set: Masquerade of the Burning Carnival)	2872326649	set	Helms
Man Prodder (Patch 2.4.1)	2876618433	normal	Polearms
Legendary: Aether Walker (Patch 2.1.0)	2879819803	legendary	Wands
Testing: P1 Wand norm Legendary 02 (Patch 2.1.1)	2879819804	legendary	Wands
Winged Talus	2879981954	normal	Lore
Plan: Cosmic Strand	2881352876	normal	Blacksmith Plan
Liber Canis Mortui	2882652794	normal	Lore
Amethyst (Tier 01) Chipped Amethyst	2883100399	normal	Gems
Amethyst (Tier 02) Flawed Amethyst	2883100400	normal	Gems
Amethyst (Tier 03) Amethyst	2883100401	normal	Gems
Amethyst (Tier 04) Flawless Amethyst	2883100402	normal	Gems
Amethyst (Tier 05) Perfect Amethyst	2883100403	normal	Gems
Amethyst (Tier 06) Radiant Amethyst	2883100404	normal	Gems
Amethyst (Tier 07) Square Amethyst	2883100405	normal	Gems
Amethyst (Tier 08) Flawless Square Amethyst	2883100406	normal	Gems
Amethyst (Tier 09) Perfect Square Amethyst	2883100407	normal	Gems
Amethyst (Tier 10) Radiant Square Amethyst	2883100431	normal	Gems
Amethyst (Tier 11) Star Amethyst	2883100432	normal	Gems
Amethyst (Tier 12) Flawless Star Amethyst	2883100433	normal	Gems
Amethyst (Tier 13) Perfect Star Amethyst	2883100434	normal	Gems
Amethyst (Tier 14) Radiant Star Amethyst	2883100435	normal	Gems
Amethyst (Tier 15) Marquise Amethyst	2883100436	normal	Gems
Amethyst (Tier 16) Imperial Amethyst	2883100437	normal	Gems
Amethyst (Tier 17) Flawless Imperial Amethyst	2883100438	normal	Gems
Amethyst (Tier 18) Royal Amethyst	2883100439	normal	Gems
Amethyst (Tier 19) Flawless Royal Amethyst	2883100440	normal	Gems
The Green Hills Of Stranglethorn, Page 4	2883267086	normal	Lore
The Green Hills Of Stranglethorn, Page 8	2883267087	normal	Lore
The Green Hills Of Stranglethorn, Page 15	2883267088	normal	Lore
The Green Hills Of Stranglethorn, Page 16	2883267089	normal	Lore
The Green Hills Of Stranglethorn, Page 23	2883267090	normal	Lore
The Green Hills Of Stranglethorn, Page 42	2883267091	normal	Lore
Skeleton	2885282936	normal	Visual Items (NPCs)
Pennant: Tyrael's Justice (Patch 2.4.0)	2885511819	normal	Pennants
Legendary: Ner'zhul's Staff of Shadowmoon (Patch 2.1.0)	2885600891	legendary	Staves
Demonic Hellflyer	4154117768	normal	Lore
PowerGlobe NoFlippy	2887090822	normal	Consumables
Plan: Captain Crimson's Trimmings	2889170393	normal	Blacksmith Plan
Pennant: Demon Hunter Ascendant (Patch 2.4.0)	2889409030	normal	Pennants
Pennant: Witch Doctor Ascendant (Patch 2.4.0)	2889409653	normal	Pennants
Living Flame	2892390930	normal	Crafting Components
Bonus Cache: BonusAct1BagHard	2893159257	normal	Caches
Scavenger	2895121073	normal	Lore
Bloodstained Letter	4155451270	normal	Lore
The Slanderer (Barbarian Set: Istvan's Paired Blades)	2900485841	set	Sword
Little Rogue (Barbarian Set: Istvan's Paired Blades)	2900521778	set	Sword
Baal, the Lord of Destruction	2904301694	normal	Lore
Bonus Cache: BonusAct5BagMaster	2906342186	normal	Caches
Orders from Azmodan, Part 1	2909223662	normal	Lore
Orders from Azmodan, Part 2	2909223663	normal	Lore
Orders from Azmodan, Part 3	2909223664	normal	Lore
Orders from Azmodan, Part 4	2909223665	normal	Lore
Orders from Azmodan, Part 5	2909223666	normal	Lore
Orders from Azmodan, Part 6	2909223667	normal	Lore
Typhon's Claws (Wizard Set: The Typhon's Veil)	2909488176	set	Gloves
Mundunugu's Rhythm (Witchdoctor Set: Mundunugu's Regalia)	2909488177	set	Gloves
Claws of Savages (Barbarian Set: Horde of the Ninety Savages)	2909488178	set	Gloves
Legendary: Rabid Strike (Patch 2.4.3) MONK	2909698940	legendary	Fist Weapons
The Archangel Auriel	2911042956	normal	Lore
Legendary: The Swami (Patch 2.3.0) WIZARD	2911688024	legendary	Wizard Hats
Frame: Season 4 (Patch 2.3.0)	2914245886	normal	Portrait Frames
Frame: Season 4 - Slayer (Patch 2.3.0)	2914245887	normal	Portrait Frames
Frame: Season 4 - Champion (Patch 2.3.0)	2914245888	normal	Portrait Frames
Frame: Season 4 - Destroyer (Patch 2.3.0)	2914245889	normal	Portrait Frames
Frame: Season 4 - Conqueror (Patch 2.3.0)	2914245890	normal	Portrait Frames
Frame: Season 4 - Guardian (Patch 2.3.0)	2914245891	normal	Portrait Frames
Frame: Greyhollow (Patch 2.4.0)	2914281823	normal	Portrait Frames
Frame: Greyhollow - Slayer (Patch 2.4.0)	2914281824	normal	Portrait Frames
Frame: Greyhollow - Champion (Patch 2.4.0)	2914281825	normal	Portrait Frames
Frame: Greyhollow - Destroyer (Patch 2.4.0)	2914281826	normal	Portrait Frames
Frame: Greyhollow - Conqueror (Patch 2.4.0)	2914281827	normal	Portrait Frames
Frame: Greyhollow - Guardian (Patch 2.4.0)	2914281828	normal	Portrait Frames
That Which Must Not be Named	2916998484	normal	Pets
Pet: Bat (Patch 2.6.8) (S20)	2923223637	normal	Pets
Horadric Cache: HoradricCacheA1Torment2	2925270477	normal	Caches
Horadric Cache: HoradricCacheA1Torment3	2925270478	normal	Caches
Horadric Cache: HoradricCacheA1Torment4	2925270479	normal	Caches
Horadric Cache: HoradricCacheA1Torment5	2925270480	normal	Caches
Horadric Cache: HoradricCacheA1Torment6	2925270481	normal	Caches
Horadric Cache: HoradricCacheA1Torment7	2925270482	normal	Caches
Horadric Cache: HoradricCacheA1Torment8	2925270483	normal	Caches
Horadric Cache: HoradricCacheA1Torment9	2925270484	normal	Caches
Base (Tier 24) Conjuration Twig (Patch 2.3.0)	2925946945	normal	Wands
Base (Tier 01) Wanga Doll	4158150821	normal	Mojos
Base (Tier 02) Shrunken Head	4158150822	normal	Mojos
Base (Tier 03) Caged Horror	4158150823	normal	Mojos
Base (Tier 04) Viper	4158150824	normal	Mojos
Base (Tier 05) Gris-Gris Moppet	4158151910	normal	Mojos
Base (Tier 06) Tzantza	4158151911	normal	Mojos
Base (Tier 07) Living Tentacle	4158151912	normal	Mojos
Base (Tier 08) Copperhead	4158151913	normal	Mojos
Base (Tier 09) Wicker Man	4158152999	normal	Mojos
Base (Tier 10) Muttering Head	4158153000	normal	Mojos
Base (Tier 11) Unspeakable Thing	4158153001	normal	Mojos
Base (Tier 12) Kurastian Asp	4158153002	normal	Mojos
Base (Tier 13) Skull Talisman	4158153003	normal	Mojos
Base (Tier 14) Thing That Should Not Be	4158153004	normal	Mojos
Wings of Valor	2930018692	normal	Wings
Pet: Friendly Gauntlet (Patch 2.5.0)	2936698518	normal	Pets
Legendary: Steuart's Greaves (Patch 2.6.1)	2937290155	legendary	Boots
Professional Russian's Chill Proc Bow	2941784313	normal	Developer Weapons
Nephalem Cube	2942046857	normal	NPC Items
Legendary: Chanon Bolter DEMON HUNTER	4159919247	legendary	Crossbows
Legendary: Wojahnni Assaulter DEMON HUNTER	4159955184	legendary	Crossbows
Art_Test_Shield_1	2946987566	normal	Testing: Art
Art_Test_Shield_2	2946987567	normal	Testing: Art
Art_Test_Shield_3	2946987568	normal	Testing: Art
Art_Test_Shield_4	2946987569	normal	Testing: Art
Art_Test_Shield_5	2946987570	normal	Testing: Art
Izual's Descent	2948596534	normal	Lore
Deceivers' Orders, Part 2	2948805817	normal	Lore
Zoltun Kulle's Red Eye	2949216601	normal	NPC Items
Zoltun Kulle's Head	2949302550	normal	NPC Items
Leoric's Crown Note	2951326394	normal	Lore
Zoltun Kulle's Body	2953132446	normal	NPC Items
Kulle's Heart	2953132447	normal	Quest
Kulle's Body	2953132448	normal	Quest
Professional Russian's Slow Sword	2953856401	normal	Developer Weapons
Horadric Cache: HoradricCacheA4Master	2955550177	normal	Caches
Base (Tier 01) Bardiche	2957203776	normal	Polearms
Base (Tier 02) Pike	2957203777	normal	Polearms
Base (Tier 03) Guisarme	2957203778	normal	Polearms
Base (Tier 04) Hache	2957203779	normal	Polearms
Base (Tier 05) Glaive	2957203780	normal	Polearms
Base (Tier 06) Pole Axe	2957203781	normal	Polearms
Base (Tier 07) Halberd	2957203782	normal	Polearms
Base (Tier 08) Lance	2957203783	normal	Polearms
Base (Tier 09) Voulge	2957204865	normal	Polearms
Base (Tier 10) Naginata	2957204866	normal	Polearms
Base (Tier 11) Croc	2957204867	normal	Polearms
Base (Tier 12) Battle Hache	2957204868	normal	Polearms
Base (Tier 13) Bisento	2957204869	normal	Polearms
Base (Tier 14) Great Pole Axe	2957204870	normal	Polearms
Base (Tier 15) Battle Halberd	2957204871	normal	Polearms
Base (Tier 16) Partizan	2957204872	normal	Polearms
Base (Tier 17) Lochaber Axe	2957205954	normal	Polearms
Base (Tier 18) Fauchard	2957205955	normal	Polearms
Base (Tier 19) Skewer	2957205956	normal	Polearms
Base (Tier 20) War Crest	2957205957	normal	Polearms
Base (Tier 21) Kwan Dao	2957205958	normal	Polearms
Base (Tier 22) War Thresher	2957205959	normal	Polearms
Base (Tier 23) Grand Halberd	2957205960	normal	Polearms
Base (Tier 24) Dread Lance	2957205961	normal	Polearms
Base (Tier 25) Trident	2957207043	normal	Polearms
Base (Tier 26) Trishula	2957207044	normal	Polearms
Art_Test_Amulet_1	2959257245	normal	Testing: Art
Art_Test_Amulet_2	2959257246	normal	Testing: Art
Art_Test_Amulet_3	2959257247	normal	Testing: Art
Art_Test_Amulet_4	2959257248	normal	Testing: Art
Art_Test_Amulet_5	2959257249	normal	Testing: Art
Siege Runes	2967528595	normal	Lore
Plan: Earthshatter	2968948513	normal	Blacksmith Plan
Dark Bat	2970745595	normal	Wings
Osseous Grasp	2970745598	normal	Unknown
Diamond (Tier 01) Chipped Diamond	2979276636	normal	Gems
Diamond (Tier 02) Flawed Diamond	2979276637	normal	Gems
Diamond (Tier 03) Diamond	2979276638	normal	Gems
Diamond (Tier 04) Flawless Diamond	2979276639	normal	Gems
Diamond (Tier 05) Perfect Diamond	2979276640	normal	Gems
Diamond (Tier 06) Radiant Diamond	2979276641	normal	Gems
Diamond (Tier 07) Square Diamond	2979276642	normal	Gems
Diamond (Tier 08) Flawless Square Diamond	2979276643	normal	Gems
Diamond (Tier 09) Perfect Square Diamond	2979276644	normal	Gems
Diamond (Tier 10) Radiant Square Diamond	2979276668	normal	Gems
Diamond (Tier 11) Star Diamond	2979276669	normal	Gems
Diamond (Tier 12) Flawless Star Diamond	2979276670	normal	Gems
Diamond (Tier 13) Perfect Star Diamond	2979276671	normal	Gems
Diamond (Tier 14) Radiant Star Diamond	2979276672	normal	Gems
Diamond (Tier 15) Marquise Diamond	2979276673	normal	Gems
Diamond (Tier 16) Imperial Diamond	2979276674	normal	Gems
Diamond (Tier 17) Flawless Imperial Diamond	2979276675	normal	Gems
Diamond (Tier 18) Royal Diamond	2979276676	normal	Gems
Diamond (Tier 19) Flawless Royal Diamond	2979276677	normal	Gems
The Nephalem	2979741530	normal	Lore
Battle Elixir	2982422593	normal	Unknown
Deceivers' Orders, Part 1	2982736179	normal	Lore
Thunder God's Vigor	2991336518	normal	Mighty Belts
Immortal King's Detail (Set: Immortal King)	2991336524	set	Mighty Belts
Base (Tier 01) Simple Dagger	2991551994	normal	Daggers
Base (Tier 02) Shiv	2991551995	normal	Daggers
Base (Tier 03) Short Dagger	2991551996	normal	Daggers
Base (Tier 04) Dagger	2991551997	normal	Daggers
Base (Tier 05) Poignard	2991551998	normal	Daggers
Base (Tier 06) Stiletto	2991551999	normal	Daggers
Base (Tier 07) Skiver	2991552000	normal	Daggers
Base (Tier 08) Jagged Dagger	2991553083	normal	Daggers
Base (Tier 09) Kindjal	2991553084	normal	Daggers
Base (Tier 10) Pugio	2991553085	normal	Daggers
Base (Tier 11) Rondel	2991553086	normal	Daggers
Base (Tier 12) Scramasax	2991553087	normal	Daggers
Base (Tier 13) Main Gauche	2991553088	normal	Daggers
Base (Tier 14) Spine	2991553089	normal	Daggers
Base (Tier 15) Kukri	2991554172	normal	Daggers
Base (Tier 16) Pavade	2991554173	normal	Daggers
Base (Tier 17) Cinquedea	2991554174	normal	Daggers
Base (Tier 18) Skain	2991554175	normal	Daggers
Base (Tier 19) Basilard	2991554176	normal	Daggers
Base (Tier 20) Piercer	2991554177	normal	Daggers
Base (Tier 21) Darkblade	2991554178	normal	Daggers
Base (Tier 22) Kingsport Blade	2991555261	normal	Daggers
Base (Tier 23) Punyal	2991555262	normal	Daggers
Charm Molten (Patch 2.5.0)	2993577625	normal	Junk
Glowing Ore	2995760385	normal	Crafting Components
Executioner	2995944358	normal	Lore
Gem of Reduced Level Requirement (Legendary Gem)	2996408012	legendary	_2.6.10
Plan: Born's Command	3000321647	normal	Blacksmith Plan
Tome of Set Dungeons, page 86 (Patch 2.6.0)	3000869760	set	Lore
Primordial Scavenger	3005545996	primal	Lore
World Cache: WorldBonusBagExpert	3012178577	normal	Caches
Lewis' Test Item (Patch 2.3.0)	3012455628	normal	Swords, One-Handed
Sacred Health Potion	3017106529	normal	Potion
The Inquisitor	3019931589	normal	Cloaks
The Inquisitor	3019934033	normal	Cloaks
Legendary: Ashbringer (Patch 2.2.0)	3023599642	legendary	Swords, Two-Handed
Testing: P2 Hand Crossbow norm Legendary 01	3028300781	legendary	Hand Crossbows
Testing: P2 Hand Crossbow norm Legendary 02	3028300782	legendary	Hand Crossbows
Testing: P2 Hand Crossbow norm Legendary 03	3028300783	legendary	Hand Crossbows
Charlotte	3035914793	normal	Pets
Symbol of the Guardian Brotherhood	3040981227	normal	Crafting Components
Charm[NYI]	4169893880	normal	Unknown
Page of Fate [NYI]	4169893881	normal	Unknown
Crafter Skillup Page[NYI]	4169893882	normal	Unknown
OH NOES! JUNK!	4169893883	normal	Junk
Trunk Junk	4169893884	normal	Unknown
Junkorama	4169893885	normal	Junk
Haedrig's Gift	3045899847	normal	Misc
Haedrig's Gift	3045899848	normal	Misc
Haedrig's Gift	3045899849	normal	Misc
Haedrig's Gift	3045935784	normal	Misc
Haedrig's Gift	3045935785	normal	Misc
Haedrig's Gift	3045935786	normal	Misc
Haedrig's Gift	3045971721	normal	Misc
Haedrig's Gift	3045971722	normal	Misc
Haedrig's Gift	3045971723	normal	Misc
Haedrig's Gift	3046007658	normal	Misc
Haedrig's Gift	3046007659	normal	Misc
Haedrig's Gift	3046007660	normal	Misc
Ancient Medallion	3054129000	ancient	Quest
Moon Slayer	3054339717	normal	Ceremonial Knife
Moon Slayer	3054342161	normal	Ceremonial Knife
Legendary: Denial (Patch 2.6.1)	3055229147	legendary	Shields
Ziggurat Tooth	3055525638	normal	Ceremonial Knife
Ziggurat Tooth	3055528082	normal	Ceremonial Knife
Haedrig's Gift	4171131534	normal	_2.6.10
Haedrig's Gift	4171131535	normal	_2.6.10
Haedrig's Gift	4171131536	normal	_2.6.10
Primordial Key	3062196188	primal	NPC Items
Note from Maghda	3070124532	normal	NPC Items
Shard of Resurrection	3070998739	normal	NPC Items
Typhon's Abdomen (Wizard Set: The Typhon's Veil)	3073497318	set	Pants
Mundunugu's Decoration (Witchdoctor Set: Mundunugu's Regalia)	3073497319	set	Pants
Leggings of Savages (Barbarian Set: Horde of the Ninety Savages)	3073497320	set	Pants
Legendary: The Fist of Az'Turrasq (Patch 2.6.1) CRUSADER	3074252290	legendary	Fist Weapons
Legendary: Scarbringer (Patch 2.6.1)	3075222589	legendary	Fist Weapons
The King's Note to Lord Wynton	3076640648	normal	Lore
Greater Rift Keystone Rank 100 (Patch 2.1.0)	3080428905	normal	Crafting Components
Legendary: The Broken Staff	3085069090	legendary	Staves
Legendary: Mark of The Magi	3085105027	legendary	Staves
Legendary: Wormwood	3085140964	legendary	Staves
Legendary: Maloth's Focus	3085248775	legendary	Staves
Legendary: The Tormentor	3085284712	legendary	Staves
Legendary: Autumn's Call	3085320649	legendary	Staves
Legendary: The Grand Vizier (Patch 2.1.0) WIZARD	3085356322	legendary	Staves
Legendary: The Grand Vizier	3085356586	legendary	Staves
Shadowclone "Mighty Weapons, Two-Handed" (Normal)	3085831508	normal	Developer Weapons
Key of Gluttony	3087229753	normal	Crafting Materials
Plan: Exalted Fine Sovereign Vambraces	3089465156	normal	Blacksmith Plan
Plan: Exalted Grand Sovereign Vambraces	3089465157	normal	Blacksmith Plan
Horadric Cache: HoradricCacheA1Expert	3090182890	normal	Caches
Hallowed Salvation (Set: Hallowed Defenders)	3091103268	set	Ceremonial Knife
Hallowed Salvation (Set: Hallowed Defenders)	3091105712	set	Ceremonial Knife
{ph}Book of the Blind{ph}	3093341690	normal	Lore
{ph}Book of Blood{ph}	3093341691	normal	Lore
{ph}Steel Tome{ph}	3093341692	normal	Lore
{ph}Mythical Book{ph}	3093341693	normal	Lore
Gelmindor's Marrow Guards (Bracers)	4174848942	normal	_2.6.10
Art_Test_Dagger_1	3093993567	normal	Testing: Art
Art_Test_Dagger_2	3093993568	normal	Testing: Art
Art_Test_Dagger_3	3093993569	normal	Testing: Art
Art_Test_Dagger_4	3093993570	normal	Testing: Art
Art_Test_Dagger_5	3093993571	normal	Testing: Art
Pet: Queen of the Succubus (Patch 2.4.0)	3094528011	normal	Pets
Kamyr's Orders	3100034320	normal	Lore
Triforce Amulet (Patch 2.6.4)	3105737657	normal	Amulets
Legendary: Band of Hollow Whispers	3106022718	legendary	Rings
Legendary: Leoric's Signet	3106058655	legendary	Rings
Legendary: Krede's Flame	3106094592	legendary	Rings
Legendary: Puzzle Ring	3106130529	legendary	Rings
Legendary: Stolen Ring	3106166466	legendary	Rings
Legendary: Broken Promises (Patch 2.2.0)	3106202140	legendary	Rings
Legendary: Broken Promises	3106202403	legendary	Rings
Legendary: Eternal Union (Patch 2.1.0) CRUSADER	3106238076	legendary	Rings
Legendary: Eternal Union	3106238340	legendary	Rings
Legendary: Justice Lantern	3106274277	legendary	Rings
Legendary: Band of Untold Secrets	3106310214	legendary	Rings
Legendary: Unity	3107172702	legendary	Rings
Natalya's Reflection (Demon Hunter Set: Natalya's Vengeance)	3107208639	set	Rings
Zunimassa's Pox (Witchdoctor Set: Zunimassa's Haunt)	3107244576	set	Rings
The Compass Rose (Demon Hunter Set: Endless Walk)	3107280513	set	Rings
The Wailing Host (Demon Hunter Set: Legacy of Nightmares)	3107316450	set	Rings
Litany of the Undaunted (Demon Hunter Set: Legacy of Nightmares)	3107352387	set	Rings
Legendary: Oculus Ring (Patch 2.2.0)	3107423998	legendary	Rings
Legendary: Oculus Ring (Patch 2.4.0)	3107424000	legendary	Rings
Legendary: Oculus Ring	3107424261	legendary	Rings
Legendary: Nagelring (Patch 2.2.0)	3107459935	legendary	Rings
Legendary: Nagelring	3107460198	legendary	Rings
Legendary: Stone of Jordan (Legacy)	3107496135	legendary	Rings
Legendary: Bul-Kathos's Wedding Band	3108358623	legendary	Rings
Legendary: Manald Heal	3108394560	legendary	Rings
Legendary: Skull Grasp BARBARIAN	3108430497	legendary	Rings
Legendary: Ring of the Zodiac (Patch 2.2.0)	3108466171	legendary	Rings
Legendary: Obsidian Ring of the Zodiac	3108466434	legendary	Rings
Legendary: Hellfire Ring	3108502371	legendary	Rings
Classic Angel	3111787208	normal	Portrait Frames
Art_Test_Wings_10	3111829005	normal	Testing: Art
Art_Test_Wings_11	3111829006	normal	Testing: Art
Art_Test_Wings_12	3111829007	normal	Testing: Art
Art_Test_Wings_13	3111829008	normal	Testing: Art
Art_Test_Wings_14	3111829009	normal	Testing: Art
Art_Test_Wings_15	3111829010	normal	Testing: Art
Art_Test_Wings_16	3111829011	normal	Testing: Art
Art_Test_Wings_17	3111829012	normal	Testing: Art
Art_Test_Wings_18	3111829013	normal	Testing: Art
Art_Test_Wings_19 Shiny Black Butterfly	3111829014	normal	Testing: Art
Art_Test_Wings_20 Black/Yellow Butterfly	3111829038	normal	Testing: Art
Art_Test_Wings_21 White/Orange Butterly	3111829039	normal	Testing: Art
Art_Test_Wings_22 Wings of Mastery	3111829040	normal	Testing: Art
Art_Test_Wings_23	3111829041	normal	Testing: Art
Art_Test_Wings_24 Lilith's Embrace	3111829042	normal	Testing: Art
Base (Tier 00) Crusader Shield	4176712417	normal	Crusader Shields
Base (Tier 01) Crusader Shield	4176712418	normal	Crusader Shields
Base (Tier 02) Sacred Scutum	4176712419	normal	Crusader Shields
Base (Tier 03) Royal Shield	4176712420	normal	Crusader Shields
Base (Tier 04) Heraldic Heater	4176712421	normal	Crusader Shields
Base (Tier 05) Embossed Shield	4176712422	normal	Crusader Shields
Base (Tier 06) Protector Shield	4176712423	normal	Crusader Shields
Base (Tier 07) Crown Shield	4176712424	normal	Crusader Shields
Base (Tier 08) Gilded Shield	4176713507	normal	Crusader Shields
Base (Tier 09) Wall Shield	4176713508	normal	Crusader Shields
Base (Tier 10) Zakara Heater	4176713509	normal	Crusader Shields
Base (Tier 11) Blazoned Shield	4176713510	normal	Crusader Shields
Base (Tier 12) Chased Shield	4176713511	normal	Crusader Shields
Base (Tier 13) Conquest Shield	4176713512	normal	Crusader Shields
Base (Tier 14) Imperial Kite	4176713513	normal	Crusader Shields
Base (Tier 15) Righteous Defender	4176714596	normal	Crusader Shields
Base (Tier 16) Enduring Guardian	4176714597	normal	Crusader Shields
Base (Tier 17) Zealous Protector	4176714598	normal	Crusader Shields
Base (Tier 18) Raptor Shield	4176714599	normal	Crusader Shields
Base (Tier 19) Adamantine Blason	4176714600	normal	Crusader Shields
Base (Tier 20) Heavy Shield	4176714601	normal	Crusader Shields
Base (Tier 21) Stalwart Guardian	4176714602	normal	Crusader Shields
Pennant: Classic Demon (Patch 2.4.3)	3115028404	normal	Pennants
A2C2OreBag	3117995960	normal	NPC Items
Shattered Core	3118956785	normal	Crafting Components
Faded Recipe	3123317484	normal	Jeweler Design
Faded Recipe	3123353422	normal	Jeweler Design
Faded Recipe	3123389360	normal	Jeweler Design
Faded Recipe	3123425298	normal	Jeweler Design
Design: Royal Amethyst	3123533112	normal	Jeweler Design
Design: Flawless Royal Amethyst	3123569050	normal	Jeweler Design
Legendary: Ahavarion, Spear of Lycander	3124204483	legendary	Staves
Legendary: Valthek's Rebuke	3124240420	legendary	Staves
Legendary: The Smoldering Core WIZARD	3124276357	legendary	Staves
Shield of the Steed (Crusader Set: Norvald's Fervor)	3124281669	set	Crusader Shields
Legendary: SuWong Diviner WITCH DOCTOR	3124312294	legendary	Staves
Pennant: Samhain (Patch 2.4.0)	3124785508	normal	Pennants
Greater Health Potion	3129600281	normal	Junk
Common: Optic Amulet (Patch 2.4.3)	3130714842	normal	Amulets
Plan: Exalted Grand Manitou Mask	3132643799	normal	Blacksmith Plan
Pet: Liv Moore (Patch 2.4.1)	3132731524	normal	Pets
Shadowclone Staff (Inferno)	3137060634	normal	Developer Weapons
Kulle's Journal, Part 1	3138769850	normal	Lore
Kulle's Journal, Part 2	3138769851	normal	Lore
Kulle's Journal, Part 3	3138769852	normal	Lore
Kulle's Journal, Part 4	3138769853	normal	Lore
Danetta's Spite (Demon Hunter Set: Danetta's Hatred)	3141366441	set	Hand Crossbows
Danetta's Revenge (Demon Hunter Set: Danetta's Hatred)	3141402378	set	Hand Crossbows
Natalya's Slayer (Demon Hunter Set: Natalya's Vengeance)	3141438315	set	Hand Crossbows
Legendary: Balefire Caster (Patch 2.1.0)	3141473988	legendary	Hand Crossbows
Legendary: Balefire Caster	3141474252	legendary	Hand Crossbows
Legendary: Izzuccob	3141510189	legendary	Hand Crossbows
Legendary: Blitzbolter	3141546126	legendary	Hand Crossbows
Legendary: Dawn	3141582063	legendary	Hand Crossbows
Blackthorne's Surcoat (Demon Hunter Set: Blackthorne's Battlegear)	4179637007	set	Chest Armor
Legendary: Calamity DEMON HUNTER	3142588299	legendary	Hand Crossbows
Hallowed Condemnation (Set: Hallowed Protectors)	3142732047	set	Hand Crossbows
Plan: Exalted Strike Wand	4179829446	normal	Blacksmith Plan
Plan: Exalted Fine Strike Wand	4179829447	normal	Blacksmith Plan
Plan: Exalted Grand Strike Wand	4179829448	normal	Blacksmith Plan
Pennant: Wizard (Patch 2.4.0)	3144705111	normal	Pennants
Legendary: The Tall Man's Finger WITCH DOCTOR	3145158111	legendary	Rings
Legendary: Wyrdward (Patch 2.2.0)	3145193785	legendary	Rings
Legendary: Wyrdward	3145194048	legendary	Rings
Legendary: Rogar's Huge Stone	3145229985	legendary	Rings
Legendary: Rechel's Ring of Larceny	3145265922	legendary	Rings
Legendary: Gamuel's Deceit	3145301859	legendary	Rings
Legendary: Band of the Rue Chambers	3145337796	legendary	Rings
Legendary: Ring of Royal Grandeur	3145373733	legendary	Rings
Legendary: Avarice Band	3145409670	legendary	Rings
Legendary: Pandemonium Loop (Patch 2.2.0)	3145445344	legendary	Rings
Legendary: Pandemonium Loop	3145445607	legendary	Rings
Pet: Garluth, Destroyer of Kneecaps (Patch 2.4.0)	3153829279	normal	Pets
Mysterious Box	3153997796	normal	NPC Items
Plan: Hallowed Protectors	3159820699	normal	Blacksmith Plan
Pet: Ms. Madeleine (Patch 2.5.0)	3169378627	normal	Pets
Legendary: K'mar Tenclip DEMON HUNTER	3180501834	legendary	Hand Crossbows
Legendary: Helltrapper DEMON HUNTER	3180537771	legendary	Hand Crossbows
Chain Key	4184078658	normal	NPC Items
The Feared Hero	3188049978	normal	Lore
Rakkis's Orders	3188375008	normal	Lore
Relic of Purification	3188807100	normal	NPC Items
Pennant: cos pennant bcon 2015 (Patch 2.3.0)	3194995136	normal	Pennants
Mystery Weapon, Two-Handed	3195870523	normal	NPC Items
Legendary: Rabid Strike	3197158246	legendary	Fist Weapons
Legendary: Demon Claw	3197194183	legendary	Fist Weapons
Legendary: Logan's Claw	3197230120	legendary	Fist Weapons
Legendary: Won Khim Lau	3197266057	legendary	Fist Weapons
Legendary: Fleshrake	3197301994	legendary	Fist Weapons
Legendary: Crystal Fist	3197337931	legendary	Fist Weapons
Legendary: The Fist of Az'Turrasq MONK	3197373868	legendary	Fist Weapons
Shenlong's Relentless Assault (Monk Set: Shenlong's Spirit)	3198236356	set	Fist Weapons
Shenlong's Fist of Legend (Monk Set: Shenlong's Spirit)	3198272293	set	Fist Weapons
Legendary: Sledge Fist	3198308230	legendary	Fist Weapons
Legendary: Scarbringer	3198344167	legendary	Fist Weapons
Hallowed Hold (Set: Hallowed Protectors)	3198416041	set	Fist Weapons
Sand Wasp	3198862612	normal	Lore
Set: Gerudo Gauntlets 2 P7	3203692830	set	Gloves
Key of Destruction	3206909116	normal	Keys
Bonus Cache: Bonus_Act2_Bag_1-69	4186162853	normal	Caches
Electric Eel	3208299284	normal	Lore
Command from Cultist Grand Inquisitor	3209350471	normal	Lore
Reply from Cultist Grand Inquisitor	3209350472	normal	Lore
Secret Note	3211887844	normal	Lore
Legendary: Staff of Herding	3217602322	legendary	Staves
The Testament of Rakkis, Part 1	3220634824	normal	Lore
The Testament of Rakkis, Part 2	3220634825	normal	Lore
The Testament of Rakkis, Part 3	3220634826	normal	Lore
The Testament of Rakkis, Part 4	3220634827	normal	Lore
The Testament of Rakkis, Part 5	3220634828	normal	Lore
The Testament of Rakkis, Part 6	3220634829	normal	Lore
The Testament of Rakkis, Part 7	3220634830	normal	Lore
The Testament of Rakkis, Part 8	3220634831	normal	Lore
The Testament of Rakkis, Part 9	3220634832	normal	Lore
Kulle's Blood	3223914374	normal	Quest
Plan: Archon Armor of Dexterity	3225748648	normal	Blacksmith Plan
Plan: Archon Armor of Intelligence	3225754386	normal	Blacksmith Plan
Plan: Archon Armor of Strength	3225765472	normal	Blacksmith Plan
Plan: Archon Armor of Vitality	3225768378	normal	Blacksmith Plan
Shadowclone Crusader Shield	3227589305	normal	Developer Weapons
Wings of the Ghost Queen (Patch 2.6.0)	4188235898	normal	Wings
Vasily's Angelic Idol	3232036880	normal	NPC Items
Legendary: Jawbreaker MONK	3236221765	legendary	Fist Weapons
Bonus Cache: BonusAct1BagT1	3236700383	normal	Caches
Bonus Cache: BonusAct1BagT2	3236700384	normal	Caches
Bonus Cache: BonusAct1BagT3	3236700385	normal	Caches
Bonus Cache: BonusAct1BagT4	3236700386	normal	Caches
Bonus Cache: BonusAct1BagT5	3236700387	normal	Caches
Bonus Cache: BonusAct1BagT6	3236700388	normal	Caches
Bonus Cache: BonusAct1BagT7	3236700389	normal	Caches
Bonus Cache: BonusAct1BagT8	3236700390	normal	Caches
Bonus Cache: BonusAct1BagT9	3236700391	normal	Caches
Art_Test_Quiver_1	3238586289	normal	Testing: Art
Art_Test_Quiver_2	3238586290	normal	Testing: Art
Art_Test_Quiver_3	3238586291	normal	Testing: Art
Art_Test_Quiver_4	3238586292	normal	Testing: Art
Art_Test_Quiver_5	3238586293	normal	Testing: Art
Platinum	3239164554	normal	Unknown
Plan: Exalted Fine Armplates	3243816982	normal	Blacksmith Plan
Plan: Exalted Grand Armplates	3243816983	normal	Blacksmith Plan
Professional Russian's Immobilize Proc Bow	3245818526	normal	Developer Weapons
Cain's Old Journal, Part 1	3246582303	normal	Lore
Legendary: Bane of the Powerful (Patch 2.1.0)	3248511367	legendary	Legendary Gems
Legendary: Bane of the Trapped (Patch 2.1.0)	3248547304	legendary	Legendary Gems
Legendary: Gem of Ease (Patch 2.1.0)	3248583241	legendary	Legendary Gems
Legendary: Wreath of Lightning (Patch 2.1.0)	3248619178	legendary	Legendary Gems
Legendary: Broken Crown (Patch 2.1.2)	3248628813	legendary	Helms
Legendary: Gem of Efficacious Toxin (Patch 2.1.0)	3248655115	legendary	Legendary Gems
Legendary: Pain Enhancer (Patch 2.1.0)	3248691052	legendary	Legendary Gems
Legendary: Mirinae, Teardrop of the Starweaver (Patch 2.1.0)	3248726989	legendary	Legendary Gems
Legendary: Gogok of Swiftness (Patch 2.1.0)	3248762926	legendary	Legendary Gems
Legendary: Invigorating Gemstone (Patch 2.1.0)	3248798863	legendary	Legendary Gems
Legendary: Enforcer (Patch 2.1.0)	3249661351	legendary	Legendary Gems
Legendary: Moratorium (Patch 2.1.0)	3249697288	legendary	Legendary Gems
Legendary: Zei's Stone of Vengeance (Patch 2.1.0)	3249733225	legendary	Legendary Gems
Legendary: Simplicity's Strength (Patch 2.1.0)	3249769162	legendary	Legendary Gems
Legendary: Boon of the Hoarder (Patch 2.1.0)	3249805099	legendary	Legendary Gems
Legendary: Taeguk (Patch 2.1.0)	3249841036	legendary	Legendary Gems
Legendary: Esoteric Alteration (Patch 2.1.2)	3249876973	legendary	Legendary Gems
Legendary: Molten Wildebeest's Gizzard (Patch 2.1.2)	3249912910	legendary	Legendary Gems
Legendary: Bane of the Stricken (Patch 2.1.2)	3249948847	legendary	Legendary Gems
Legendary: Mutilation Guard (Patch 2.1.2)	3249984784	legendary	Legendary Gems
Legendary: Shen's Delight (Patch 2.1.2)	3250847272	legendary	Legendary Gems
Legendary: Gem Iceblink(Patch 2.1.2)	3250883209	legendary	Legendary Gems
Legendary: Red Soul Shard (Patch 2.4.3)	3250919146	legendary	Legendary Gems
Legendary: Legacy of Dreams (Patch 2.6.6)	3250955083	legendary	Legendary Gems
Shadowclone Ceremonial Knife (Normal)	3251738631	normal	Developer Weapons
Plan: Kethryes' Splint	4191067765	normal	Blacksmith Plan
Diamond (Tier 01) Diamond (Patch 2.3.0)	3256663684	normal	Gems
Diamond (Tier 02) Flawless Diamond (Patch 2.3.0)	3256663685	normal	Gems
Diamond (Tier 03) Square Diamond (Patch 2.3.0)	3256663686	normal	Gems
Diamond (Tier 04) Flawless Square Diamond (Patch 2.3.0)	3256663687	normal	Gems
Diamond (Tier 05) Star Diamond (Patch 2.3.0)	3256663688	normal	Gems
Diamond (Tier 06) Marquise Diamond (Patch 2.3.0)	3256663689	normal	Gems
Diamond (Tier 07) Imperial Diamond (Patch 2.3.0)	3256663690	normal	Gems
Diamond (Tier 08) Flawless Imperial Diamond (Patch 2.3.0)	3256663691	normal	Gems
Diamond (Tier 09) Royal Diamond (Patch 2.3.0)	3256663692	normal	Gems
Diamond (Tier 10) Flawless Royal Diamond (Patch 2.3.0)	3256663716	normal	Gems
Legendary: Staff of Chiroptera (Patch 2.6.1)	3258038384	legendary	Staves
Legendary: The Grand Vizier (Patch 2.6.1)	3258038392	legendary	Staves
Large Horadric Chest: DoubleBountyBagAct1T1	3258382100	normal	Misc
Large Horadric Chest: DoubleBountyBagAct1T2	3258382101	normal	Misc
Large Horadric Chest: DoubleBountyBagAct1T3	3258382102	normal	Misc
Large Horadric Chest: DoubleBountyBagAct1T4	3258382103	normal	Misc
Large Horadric Chest: DoubleBountyBagAct1T5	3258382104	normal	Misc
Large Horadric Chest: DoubleBountyBagAct1T6	3258382105	normal	Misc
Large Horadric Chest: DoubleBountyBagAct1T7	3258382106	normal	Misc
Large Horadric Chest: DoubleBountyBagAct1T8	3258382107	normal	Misc
Large Horadric Chest: DoubleBountyBagAct1T9	3258382108	normal	Misc
Large Horadric Chest: DoubleBountyBagAct2T1	3258383189	normal	Misc
Large Horadric Chest: DoubleBountyBagAct2T2	3258383190	normal	Misc
Large Horadric Chest: DoubleBountyBagAct2T3	3258383191	normal	Misc
Large Horadric Chest: DoubleBountyBagAct2T4	3258383192	normal	Misc
Large Horadric Chest: DoubleBountyBagAct2T5	3258383193	normal	Misc
Large Horadric Chest: DoubleBountyBagAct2T6	3258383194	normal	Misc
Large Horadric Chest: DoubleBountyBagAct2T7	3258383195	normal	Misc
Large Horadric Chest: DoubleBountyBagAct2T8	3258383196	normal	Misc
Large Horadric Chest: DoubleBountyBagAct2T9	3258383197	normal	Misc
Large Horadric Chest: DoubleBountyBagAct3T1	3258384278	normal	Misc
Large Horadric Chest: DoubleBountyBagAct3T2	3258384279	normal	Misc
Large Horadric Chest: DoubleBountyBagAct3T3	3258384280	normal	Misc
Large Horadric Chest: DoubleBountyBagAct3T4	3258384281	normal	Misc
Large Horadric Chest: DoubleBountyBagAct3T5	3258384282	normal	Misc
Large Horadric Chest: DoubleBountyBagAct3T6	3258384283	normal	Misc
Large Horadric Chest: DoubleBountyBagAct3T7	3258384284	normal	Misc
Large Horadric Chest: DoubleBountyBagAct3T8	3258384285	normal	Misc
Large Horadric Chest: DoubleBountyBagAct3T9	3258384286	normal	Misc
Large Horadric Chest: DoubleBountyBagAct4T1	3258385367	normal	Misc
Large Horadric Chest: DoubleBountyBagAct4T2	3258385368	normal	Misc
Large Horadric Chest: DoubleBountyBagAct4T3	3258385369	normal	Misc
Large Horadric Chest: DoubleBountyBagAct4T4	3258385370	normal	Misc
Large Horadric Chest: DoubleBountyBagAct4T5	3258385371	normal	Misc
Large Horadric Chest: DoubleBountyBagAct4T6	3258385372	normal	Misc
Large Horadric Chest: DoubleBountyBagAct4T7	3258385373	normal	Misc
Large Horadric Chest: DoubleBountyBagAct4T8	3258385374	normal	Misc
Large Horadric Chest: DoubleBountyBagAct4T9	3258385375	normal	Misc
Large Horadric Chest: DoubleBountyBagAct5T1	3258386456	normal	Misc
Large Horadric Chest: DoubleBountyBagAct5T2	3258386457	normal	Misc
Large Horadric Chest: DoubleBountyBagAct5T3	3258386458	normal	Misc
Large Horadric Chest: DoubleBountyBagAct5T4	3258386459	normal	Misc
Large Horadric Chest: DoubleBountyBagAct5T5	3258386460	normal	Misc
Large Horadric Chest: DoubleBountyBagAct5T6	3258386461	normal	Misc
Large Horadric Chest: DoubleBountyBagAct5T7	3258386462	normal	Misc
Large Horadric Chest: DoubleBountyBagAct5T8	3258386463	normal	Misc
Large Horadric Chest: DoubleBountyBagAct5T9	3258386464	normal	Misc
Pet: Half-formed Golem (Patch 2.6.0)	3258626648	normal	Pets
Legendary: The Grandfather	3265396662	legendary	Swords, Two-Handed
Legendary: The Zweihander	3265432599	legendary	Swords, Two-Handed
Legendary: Warmonger	3265468536	legendary	Swords, Two-Handed
Legendary: Scourge	3265504473	legendary	Swords, Two-Handed
Legendary: Blade of Prophecy CRUSADER	3265612284	legendary	Swords, Two-Handed
Legendary: The Sultan of Blinding Sand	3265648221	legendary	Swords, Two-Handed
Legendary: Maximus	3266546646	legendary	Swords, Two-Handed
Legendary: Blackguard	3266582583	legendary	Swords, Two-Handed
Legendary: Faithful Memory CRUSADER	3266618520	legendary	Swords, Two-Handed
Base (Tier 21) Splintered Oar	3266690394	normal	Swords, Two-Handed
Sword Hilt	3267229867	normal	NPC Items
Staff 2H PvP 10 [jester's #1]	3267853442	normal	Developer Weapons
Staff 2H PvP 40 (Patch 2.5.0)	3267853541	normal	Developer Weapons
Staff 2H PvP 70 (Patch 2.5.0)	3267853640	normal	Developer Weapons
Legendary: Golden Flense (Patch 2.2.0) CRUSADER	3268228876	legendary	Flails, Two-Handed
Pennant: cos pennant monkSigil 01 (Patch 2.3.0)	3269693700	normal	Pennants
Leah's Tristram Journal, Part 1	3272862989	normal	Lore
Leah's Tristram Journal, Part 6	3272867199	normal	Lore
Leah's Tristram Journal, Part 2	3272868741	normal	Lore
Mythical Book	3273006294	normal	Lore
Wings: Lilith Embrace Wings (Patch 2.6.7)	3273442495	normal	Wings
Page of Blacksmithing	3274060326	normal	Tome of Training
Bonus Cache: BonusAct2BagT1	3275835776	normal	Caches
Bonus Cache: BonusAct2BagT2	3275835777	normal	Caches
Bonus Cache: BonusAct2BagT3	3275835778	normal	Caches
Bonus Cache: BonusAct2BagT4	3275835779	normal	Caches
Bonus Cache: BonusAct2BagT5	3275835780	normal	Caches
Bonus Cache: BonusAct2BagT6	3275835781	normal	Caches
Bonus Cache: BonusAct2BagT7	3275835782	normal	Caches
Bonus Cache: BonusAct2BagT8	3275835783	normal	Caches
Bonus Cache: BonusAct2BagT9	3275835784	normal	Caches
Mystical Source	3276231680	normal	Crafting Components
Base(Tier 15) Totemic Mask	3281255190	normal	Voodoo Masks
Base (Tier 01) Javelin	4193654539	normal	Spears
Base (Tier 02) Fuscina	4193654540	normal	Spears
Base (Tier 03) Spear	4193654541	normal	Spears
Base (Tier 04) Hasta	4193654542	normal	Spears
Base (Tier 05) Pilum	4193654543	normal	Spears
Base (Tier 06) Angon	4193655628	normal	Spears
Base (Tier 07) Assegai	4193655629	normal	Spears
Base (Tier 08) War Spear	4193655630	normal	Spears
Base (Tier 09) Spontoon	4193655631	normal	Spears
Base (Tier 10) Yari	4193655632	normal	Spears
Base (Tier 11) Harpoon	4193656717	normal	Spears
Base (Tier 12) Impaler	4193656718	normal	Spears
Base (Tier 13) Qiang	4193656719	normal	Spears
Base (Tier 14) Vel	4193656720	normal	Spears
Base (Tier 15) Centurion Spear	4193656721	normal	Spears
Base (Tier 16) Honed Spear	4193657806	normal	Spears
Base (Tier 17) Disemboweler	4193657807	normal	Spears
Report from Wortham	3284096961	normal	Lore
The Matriarch's Skeleton	3291733789	normal	Quest
Plan: Fire Brand	3291898186	normal	Blacksmith Plan
Aughild's Search (Set: Aughild's Authority)	1731066136	set	Bracers
Legendary: Gazing Demise (Patch 2.6.1) WITCH DOCTOR	1003477242	legendary	Mojos
The Barber (Patch 2.6.8) WITCH DOCTOR	3525859087	normal	Ceremonial Knives
Legendary: The Magistrate (Patch 2.6.8)	350771572	legendary	Wizard Hats
Legendary: Serpent's Sparker (Patch 2.6.8)	1228959855	legendary	Wands
Wanderer's Beckon (Gloves)	3555027171	normal	Wanderer's Promo
Wanderer's Burden (Shoulders)	1440614049	normal	Wanderer's Promo
Wanderer's Cowl (Helm)	2134610585	normal	Wanderer's Promo
Wanderer's Footsteps (Boots)	4241524794	normal	Wanderer's Promo
Wanderer's Soul (Chest)	1524673483	normal	Wanderer's Promo
Wanderer's Stance (Pants)	2989345945	normal	Wanderer's Promo
Dark Wanderer (Frame)	2859958669	normal	Wanderer's Promo
Guise of the Wanderer (TMog Plan)	1469863913	normal	Wanderer's Promo
Hatred's Grasp (Wings)	346687134	normal	Wanderer's Promo
Terror Unleashed (Wings)	2510668092	normal	Wanderer's Promo
Mephisto (Pet)	2543423079	normal	Wanderer's Promo
The Dark Murglrrr (Pet)	2572026166	normal	Wanderer's Promo
P4_Unique_Ring_086	1510927206	normal	_Testing Items n Stuff
P4_Unique_Ring_087	1510927207	normal	_Testing Items n Stuff
P4_Unique_Ring_088	1510927208	normal	_Testing Items n Stuff
P4_Unique_Ring_089	1510927209	normal	_Testing Items n Stuff
P4_Unique_Ring_090	1510927233	normal	_Testing Items n Stuff
P4_Unique_Ring_091	1510927234	normal	_Testing Items n Stuff
P4_Unique_Ring_092	1510927235	normal	_Testing Items n Stuff
P4_Unique_Ring_093	1510927236	normal	_Testing Items n Stuff
P4_Unique_Ring_094	1510927237	normal	_Testing Items n Stuff
P4_Unique_Ring_095	1510927238	normal	_Testing Items n Stuff
P4_Unique_Ring_096	1510927239	normal	_Testing Items n Stuff
P4_Unique_Ring_097	1510927240	normal	_Testing Items n Stuff
P4_Unique_Ring_098	1510927241	normal	_Testing Items n Stuff
P4_Unique_Ring_099	1510927242	normal	_Testing Items n Stuff
P4_Unique_Ring_100	1510928025	normal	_Testing Items n Stuff
Weird Gem Tier	535933551	normal	_Testing Items n Stuff
Pet: Book of Cain (S22)	1280706649	normal	Pets
Pet: Lacuni Cub (S23)	1673624154	normal	Pets
Pet: Lesser Mummy (S24)	860122561	normal	Pets
Lost Civilization (S22)	285814732	normal	Portrait Frames
Chopping Block (S23)	765728440	normal	Portrait Frames
Terror Resurrected (S24)	1358368288	normal	Portrait Frames
Arioc's Needle (Spear)	2176389839	normal	_Ethereal Cosmetic Weapons
Asteron's Iron Ward (Mace)	2176389778	normal	_Ethereal Cosmetic Weapons
Arioc's Needle (Spear) WITCH DOCTOR	3130080131	normal	_Ethereal S24 (2.7.1) Weapons
Asteron's Iron Ward (Mace) CRUSADER	3130080070	normal	_Ethereal S24 (2.7.1) Weapons
The Grandfather (Two-Handed Sword) BARBARIAN	3130080065	normal	_Ethereal S24 (2.7.1) Weapons
Bartuc's Cut-Throat (Fist Weapon) MONK	3130080069	normal	_Ethereal S24 (2.7.1) Weapons
Legendary: Bindings of the Lesser Gods (Patch2.7.1 (S24)) MONK	3205573748	legendary	Bracers
Legendary: The Crudest Boots (Patch2.7.1 (S24)) MONK	1891778372	legendary	Boots
Bartuc's Cut-Throat (Fist Weapon)	2176389777	normal	_Ethereal Cosmetic Weapons
Blackbog's Sharp (Sword)	2176389812	normal	_Ethereal Cosmetic Weapons
Blackbog's Sharp (Sword) NECROMANCER	3130080104	normal	_Ethereal S24 (2.7.1) Weapons
Blackhand Key (Sword)	2176389775	normal	_Ethereal Cosmetic Weapons
Blackhand Key (Sword) NECROMANCER	3130080067	normal	_Ethereal S24 (2.7.1) Weapons
Heritage of Arreat (Tmog Plan)	3428788958	normal	_Ethereal Consumable
Berserker's Axe (Two-Handed Axe)	1152036671	normal	_Ethereal Cosmetic Weapons
Faulds of Arreat (Pants)	3555024809	normal	_Ethereal Cosmetic Gear
Gauntlets of Arreat (Gloves)	747593203	normal	_Ethereal Cosmetic Gear
Harness of Arreat (Chest Armor)	849258715	normal	_Ethereal Cosmetic Gear
Mantle of Arreat (Shoulder)	2398389150	normal	_Ethereal Cosmetic Gear
Treads of Arreat (Boots)	512236362	normal	_Ethereal Cosmetic Gear
Mark of Arreat (Mark)	2412053417	normal	_Ethereal Cosmetic Gear
Buriza-Do Kyanon (Crossbow)	2176389781	normal	_Ethereal Cosmetic Weapons
Doombringer (Sword)	2176389810	normal	_Ethereal Cosmetic Weapons
Doomslinger (Hand Crossbow)	2176389811	normal	_Ethereal Cosmetic Weapons
Ghostflame (Dagger)	2176389809	normal	_Ethereal Cosmetic Weapons
Grimmershred (Axe)	2176389780	normal	_Ethereal Cosmetic Weapons
Jade Talon (Fist Weapon)	2176389814	normal	_Ethereal Cosmetic Weapons
Khalim's Will (Flail)	2176389838	normal	_Ethereal Cosmetic Weapons
Mang Song's Lesson (Staff)	2176389806	normal	_Ethereal Cosmetic Weapons
Shadow Killer (Fist Weapon)	2176389807	normal	_Ethereal Cosmetic Weapons
Soul Harvest (Scythe)	2176389805	normal	_Ethereal Cosmetic Weapons
The Gidbinn (Ceremonial Knife)	2176389779	normal	_Ethereal Cosmetic Weapons
The Grandfather (Two-Handed Sword)	2176389773	normal	_Ethereal Cosmetic Weapons
The Oculus (Wand)	2176389776	normal	_Ethereal Cosmetic Weapons
The Redeemer (Mace)	2176389808	normal	_Ethereal Cosmetic Weapons
Windforce (Bow)	2176389774	normal	_Ethereal Cosmetic Weapons
Wizardspike (Dagger)	2176389813	normal	_Ethereal Cosmetic Weapons
Buriza-Do Kyanon (Crossbow) DEMON HUNTER	3130080073	normal	_Ethereal S24 (2.7.1) Weapons
Doombringer (Sword) BARBARIAN	3130080102	normal	_Ethereal S24 (2.7.1) Weapons
Doomslinger (Hand Crossbow) DEMON HUNTER	3130080103	normal	_Ethereal S24 (2.7.1) Weapons
Ghostflame (Dagger) WITCH DOCTOR	3130080101	normal	_Ethereal S24 (2.7.1) Weapons
Grimmershred (Axe) BARBARIAN	3130080072	normal	_Ethereal S24 (2.7.1) Weapons
Jade Talon (Fist Weapon) MONK	3130080106	normal	_Ethereal S24 (2.7.1) Weapons
Khalim's Will (Flail) CRUSADER	3130080130	normal	_Ethereal S24 (2.7.1) Weapons
Mang Song's Lesson (Staff) WIZARD	3130080098	normal	_Ethereal S24 (2.7.1) Weapons
Shadow Killer (Fist Weapon) MONK	3130080099	normal	_Ethereal S24 (2.7.1) Weapons
Soul Harvest (Scythe) NECROMANCER	3130080097	normal	_Ethereal S24 (2.7.1) Weapons
The Gidbinn (Ceremonial Knife) WITCH DOCTOR	3130080071	normal	_Ethereal S24 (2.7.1) Weapons
The Oculus (Wand) WIZARD	3130080068	normal	_Ethereal S24 (2.7.1) Weapons
The Redeemer (Mace) CRUSADER	3130080100	normal	_Ethereal S24 (2.7.1) Weapons
Windforce (Bow) DEMON HUNTER	3130080066	normal	_Ethereal S24 (2.7.1) Weapons
Wizardspike (Dagger) WIZARD	3130080105	normal	_Ethereal S24 (2.7.1) Weapons
Legendary: The Ninth Cirri Satchel	745680225	legendary	_2.7.1 (S24)
Legendary: Emimei's Duffel	745680227	legendary	_2.7.1 (S24)
Wojahnni Assaulter Crossbows	3449542210	normal	_2.7.1 (S24)
Stone Gauntlets Gloves	1656121303	normal	_2.7.1 (S24)
Sin Seekers Quivers	1762168860	normal	_2.7.1 (S24)
Legendary: Bonds of C'Lena	2067782575	legendary	_2.7.1 (S24)
Legendary: Defiler Cuisses	2854944219	legendary	_2.7.1 (S24)
Hellforge Ember	2183084663	normal	_2.7.2 (S25)
The Spider Queen's Grasp	4142645098	normal	_2.7.2 (S25)
Remorseless	1854459626	normal	_2.7.2 (S25)
Lakumba's Ornament	1877709487	normal	_2.7.2 (S25)
Brood of Araneae	2503275947	normal	_2.7.2 (S25)
Soul Shard (Helm): Sliver of Terror	3543826813	normal	_2.7.2 (S25)
Soul Shard (Helm): Shard of Hatred	3543826814	normal	_2.7.2 (S25)
Soul Shard (Helm): Fragment of Destruction	3543826815	normal	_2.7.2 (S25)
Soul Shard (Weap): Stain of Sin	3543826816	normal	_2.7.2 (S25)
Soul Shard (Weap): Essence of Anguish	3543826817	normal	_2.7.2 (S25)
Soul Shard (Weap): Dregs of Lies	3543826818	normal	_2.7.2 (S25)
Soul Shard (Weap): Remnant of Pain	3543826819	normal	_2.7.2 (S25)
Pet: The Dark Lordling (S25)	4004490203	normal	_2.7.2 (S25)
Frame: The Pane of Tristram	747144274	normal	_2.7.2 (S25)
PTR: Legendary Gems	2419817558	legendary	PTR Packs
PTR: Follower Items	1715979911	normal	PTR Packs
PTR: Class Sets	1894038286	set	PTR Packs
PTR: Recipes	2089892341	normal	PTR Packs
Whisper of Atonement: L25	685356142	normal	_2.7.3 (S26)
Whisper of Atonement: L26	685356143	normal	_2.7.3 (S26)
Whisper of Atonement: L27	685356144	normal	_2.7.3 (S26)
Whisper of Atonement: L28	685356145	normal	_2.7.3 (S26)
Whisper of Atonement: L29	685356146	normal	_2.7.3 (S26)
Whisper of Atonement: L30	685356170	normal	_2.7.3 (S26)
Whisper of Atonement: L31	685356171	normal	_2.7.3 (S26)
Whisper of Atonement: L32	685356172	normal	_2.7.3 (S26)
Whisper of Atonement: L33	685356173	normal	_2.7.3 (S26)
Whisper of Atonement: L34	685356174	normal	_2.7.3 (S26)
Whisper of Atonement: L35	685356175	normal	_2.7.3 (S26)
Whisper of Atonement: L36	685356176	normal	_2.7.3 (S26)
Whisper of Atonement: L37	685356177	normal	_2.7.3 (S26)
Whisper of Atonement: L38	685356178	normal	_2.7.3 (S26)
Whisper of Atonement: L39	685356179	normal	_2.7.3 (S26)
Whisper of Atonement: L40	685356203	normal	_2.7.3 (S26)
Whisper of Atonement: L41	685356204	normal	_2.7.3 (S26)
Whisper of Atonement: L42	685356205	normal	_2.7.3 (S26)
Whisper of Atonement: L43	685356206	normal	_2.7.3 (S26)
Whisper of Atonement: L44	685356207	normal	_2.7.3 (S26)
Whisper of Atonement: L45	685356208	normal	_2.7.3 (S26)
Whisper of Atonement: L46	685356209	normal	_2.7.3 (S26)
Whisper of Atonement: L47	685356210	normal	_2.7.3 (S26)
Whisper of Atonement: L48	685356211	normal	_2.7.3 (S26)
Whisper of Atonement: L49	685356212	normal	_2.7.3 (S26)
Whisper of Atonement: L50	685356236	normal	_2.7.3 (S26)
Whisper of Atonement: L51	685356237	normal	_2.7.3 (S26)
Whisper of Atonement: L52	685356238	normal	_2.7.3 (S26)
Whisper of Atonement: L53	685356239	normal	_2.7.3 (S26)
Whisper of Atonement: L54	685356240	normal	_2.7.3 (S26)
Whisper of Atonement: L55	685356241	normal	_2.7.3 (S26)
Whisper of Atonement: L56	685356242	normal	_2.7.3 (S26)
Whisper of Atonement: L57	685356243	normal	_2.7.3 (S26)
Whisper of Atonement: L58	685356244	normal	_2.7.3 (S26)
Whisper of Atonement: L59	685356245	normal	_2.7.3 (S26)
Whisper of Atonement: L60	685356269	normal	_2.7.3 (S26)
Whisper of Atonement: L61	685356270	normal	_2.7.3 (S26)
Whisper of Atonement: L62	685356271	normal	_2.7.3 (S26)
Whisper of Atonement: L63	685356272	normal	_2.7.3 (S26)
Whisper of Atonement: L64	685356273	normal	_2.7.3 (S26)
Whisper of Atonement: L65	685356274	normal	_2.7.3 (S26)
Whisper of Atonement: L66	685356275	normal	_2.7.3 (S26)
Whisper of Atonement: L67	685356276	normal	_2.7.3 (S26)
Whisper of Atonement: L68	685356277	normal	_2.7.3 (S26)
Whisper of Atonement: L69	685356278	normal	_2.7.3 (S26)
Whisper of Atonement: L70	685356302	normal	_2.7.3 (S26)
Whisper of Atonement: L71	685356303	normal	_2.7.3 (S26)
Whisper of Atonement: L72	685356304	normal	_2.7.3 (S26)
Whisper of Atonement: L73	685356305	normal	_2.7.3 (S26)
Whisper of Atonement: L74	685356306	normal	_2.7.3 (S26)
Whisper of Atonement: L75	685356307	normal	_2.7.3 (S26)
Whisper of Atonement: L76	685356308	normal	_2.7.3 (S26)
Whisper of Atonement: L77	685356309	normal	_2.7.3 (S26)
Whisper of Atonement: L78	685356310	normal	_2.7.3 (S26)
Whisper of Atonement: L79	685356311	normal	_2.7.3 (S26)
Whisper of Atonement: L80	685356335	normal	_2.7.3 (S26)
Whisper of Atonement: L81	685356336	normal	_2.7.3 (S26)
Whisper of Atonement: L82	685356337	normal	_2.7.3 (S26)
Whisper of Atonement: L83	685356338	normal	_2.7.3 (S26)
Whisper of Atonement: L84	685356339	normal	_2.7.3 (S26)
Whisper of Atonement: L85	685356340	normal	_2.7.3 (S26)
Whisper of Atonement: L86	685356341	normal	_2.7.3 (S26)
Whisper of Atonement: L87	685356342	normal	_2.7.3 (S26)
Whisper of Atonement: L88	685356343	normal	_2.7.3 (S26)
Whisper of Atonement: L89	685356344	normal	_2.7.3 (S26)
Whisper of Atonement: L90	685356368	normal	_2.7.3 (S26)
Whisper of Atonement: L91	685356369	normal	_2.7.3 (S26)
Whisper of Atonement: L92	685356370	normal	_2.7.3 (S26)
Whisper of Atonement: L93	685356371	normal	_2.7.3 (S26)
Whisper of Atonement: L94	685356372	normal	_2.7.3 (S26)
Whisper of Atonement: L95	685356373	normal	_2.7.3 (S26)
Whisper of Atonement: L96	685356374	normal	_2.7.3 (S26)
Whisper of Atonement: L97	685356375	normal	_2.7.3 (S26)
Whisper of Atonement: L98	685356376	normal	_2.7.3 (S26)
Whisper of Atonement: L99	685356377	normal	_2.7.3 (S26)
Whisper of Atonement: L100	1141915000	normal	_2.7.3 (S26)
Whisper of Atonement: L101	1141915001	normal	_2.7.3 (S26)
Whisper of Atonement: L102	1141915002	normal	_2.7.3 (S26)
Whisper of Atonement: L103	1141915003	normal	_2.7.3 (S26)
Whisper of Atonement: L104	1141915004	normal	_2.7.3 (S26)
Whisper of Atonement: L105	1141915005	normal	_2.7.3 (S26)
Whisper of Atonement: L106	1141915006	normal	_2.7.3 (S26)
Whisper of Atonement: L107	1141915007	normal	_2.7.3 (S26)
Whisper of Atonement: L108	1141915008	normal	_2.7.3 (S26)
Whisper of Atonement: L109	1141915009	normal	_2.7.3 (S26)
Whisper of Atonement: L110	1141915033	normal	_2.7.3 (S26)
Whisper of Atonement: L111	1141915034	normal	_2.7.3 (S26)
Whisper of Atonement: L112	1141915035	normal	_2.7.3 (S26)
Whisper of Atonement: L113	1141915036	normal	_2.7.3 (S26)
Whisper of Atonement: L114	1141915037	normal	_2.7.3 (S26)
Whisper of Atonement: L115	1141915038	normal	_2.7.3 (S26)
Whisper of Atonement: L116	1141915039	normal	_2.7.3 (S26)
Whisper of Atonement: L117	1141915040	normal	_2.7.3 (S26)
Whisper of Atonement: L118	1141915041	normal	_2.7.3 (S26)
Whisper of Atonement: L119	1141915042	normal	_2.7.3 (S26)
Whisper of Atonement: L120	1141915066	normal	_2.7.3 (S26)
Whisper of Atonement: L121	1141915067	normal	_2.7.3 (S26)
Whisper of Atonement: L122	1141915068	normal	_2.7.3 (S26)
Whisper of Atonement: L123	1141915069	normal	_2.7.3 (S26)
Whisper of Atonement: L124	1141915070	normal	_2.7.3 (S26)
Whisper of Atonement: L125	1141915071	normal	_2.7.3 (S26)
Whisper of Atonement: L126	1141915072	normal	_2.7.3 (S26)
Whisper of Atonement: L127	1141915073	normal	_2.7.3 (S26)
Whisper of Atonement: L128	1141915074	normal	_2.7.3 (S26)
Whisper of Atonement: L129	1141915075	normal	_2.7.3 (S26)
Whisper of Atonement: L130	1141915099	normal	_2.7.3 (S26)
Whisper of Atonement: L131	1141915100	normal	_2.7.3 (S26)
Whisper of Atonement: L132	1141915101	normal	_2.7.3 (S26)
Whisper of Atonement: L133	1141915102	normal	_2.7.3 (S26)
Whisper of Atonement: L134	1141915103	normal	_2.7.3 (S26)
Whisper of Atonement: L135	1141915104	normal	_2.7.3 (S26)
Whisper of Atonement: L136	1141915105	normal	_2.7.3 (S26)
Whisper of Atonement: L137	1141915106	normal	_2.7.3 (S26)
Whisper of Atonement: L138	1141915107	normal	_2.7.3 (S26)
Whisper of Atonement: L139	1141915108	normal	_2.7.3 (S26)
Whisper of Atonement: L140	1141915132	normal	_2.7.3 (S26)
Whisper of Atonement: L141	1141915133	normal	_2.7.3 (S26)
Whisper of Atonement: L142	1141915134	normal	_2.7.3 (S26)
Whisper of Atonement: L143	1141915135	normal	_2.7.3 (S26)
Whisper of Atonement: L144	1141915136	normal	_2.7.3 (S26)
Whisper of Atonement: L145	1141915137	normal	_2.7.3 (S26)
Whisper of Atonement: L146	1141915138	normal	_2.7.3 (S26)
Whisper of Atonement: L147	1141915139	normal	_2.7.3 (S26)
Whisper of Atonement: L148	1141915140	normal	_2.7.3 (S26)
Whisper of Atonement: L149	1141915141	normal	_2.7.3 (S26)
Whisper of Atonement: L150	1141915165	normal	_2.7.3 (S26)
Petrified Scream	1051857800	normal	_2.7.3 (S26)
Pet: Blood Rose (S26)	3258848967	normal	Pets
Pet: Toothsome Trooper (S26)	1377380861	normal	Pets
Frame: Rakkis' Remembrance (S26)	1361864675	normal	Portrait Frames
Wings: Sanguine Flight (S26)	285749994	normal	Wings
